treatment_observation_intercept,treatment_observation_slope_on_difficulty,control_observation_probability_constant,control_missing_fraction,treatment_missing_fraction,missing_rate_asymmetry_treatment_minus_control,latent_accuracy_both_arms,control_complete_case_accuracy,treatment_complete_case_accuracy,complete_case_apparent_effect,cov_accuracy_observation,sign
0.0,-2.0,0.9706877692486436,0.02931223075135636,0.5,0.47068776924864364,0.7482949549720435,0.7482949549720435,0.8350325920711962,0.08673763709915272,0.04336881854957636,positive
0.0,-1.8,0.9706877692486436,0.02931223075135636,0.5,0.47068776924864364,0.7482949549720435,0.7482949549720435,0.8312017295940763,0.08290677462203289,0.04145338731101644,positive
0.0,-1.6,0.9706877692486436,0.02931223075135636,0.5,0.47068776924864364,0.7482949549720435,0.7482949549720435,0.8266614273979195,0.07836647242587602,0.03918323621293801,positive
0.0,-1.4000000000000001,0.9706877692486436,0.02931223075135636,0.5,0.47068776924864364,0.7482949549720435,0.7482949549720435,0.8212650733274609,0.07297011835541745,0.03648505917770872,positive
0.0,-1.2000000000000002,0.9706877692486436,0.02931223075135636,0.5,0.47068776924864364,0.7482949549720435,0.7482949549720435,0.8148439394230148,0.06654898445097135,0.033274492225485675,positive
0.0,-1.0000000000000002,0.9706877692486436,0.02931223075135636,0.5,0.47068776924864364,0.7482949549720435,0.7482949549720435,0.8072150984420398,0.0589201434699963,0.02946007173499815,positive
0.0,-0.8000000000000003,0.9706877692486436,0.02931223075135636,0.5,0.47068776924864364,0.7482949549720435,0.7482949549720435,0.7982026550922477,0.04990770012020429,0.024953850060102145,positive
0.0,-0.6000000000000003,0.9706877692486436,0.02931223075135636,0.5,0.47068776924864364,0.7482949549720435,0.7482949549720435,0.7876818956007077,0.03938694062866421,0.019693470314332107,positive
0.0,-0.40000000000000036,0.9706877692486436,0.02931223075135636,0.5,0.47068776924864364,0.7482949549720435,0.7482949549720435,0.775655137308725,0.027360182336681582,0.013680091168340791,positive
0.0,-0.2000000000000004,0.9706877692486436,0.02931223075135636,0.5,0.47068776924864364,0.7482949549720435,0.7482949549720435,0.7623514509273666,0.0140564959553231,0.00702824797766155,positive
0.0,-4.440892098500626e-16,0.9706877692486436,0.02931223075135636,0.4999999999999999,0.47068776924864353,0.7482949549720435,0.7482949549720435,0.7482949549720433,-1.1102230246251565e-16,-5.551115123125783e-17,zero
0.0,0.1999999999999993,0.9706877692486436,0.02931223075135636,0.5,0.47068776924864364,0.7482949549720435,0.7482949549720435,0.7342384590167204,-0.0140564959553231,-0.00702824797766155,negative
0.0,0.39999999999999947,0.9706877692486436,0.02931223075135636,0.5,0.47068776924864364,0.7482949549720435,0.7482949549720435,0.7209347726353619,-0.027360182336681582,-0.013680091168340791,negative
0.0,0.5999999999999996,0.9706877692486436,0.02931223075135636,0.5,0.47068776924864364,0.7482949549720435,0.7482949549720435,0.708908014343379,-0.039386940628664435,-0.019693470314332218,negative
0.0,0.7999999999999994,0.9706877692486436,0.02931223075135636,0.4999999999999999,0.47068776924864353,0.7482949549720435,0.7482949549720435,0.6983872548518391,-0.0499077001202044,-0.0249538500601022,negative
0.0,0.9999999999999991,0.9706877692486436,0.02931223075135636,0.5,0.47068776924864364,0.7482949549720435,0.7482949549720435,0.689374811502047,-0.05892014346999641,-0.029460071734998206,negative
0.0,1.1999999999999993,0.9706877692486436,0.02931223075135636,0.5,0.47068776924864364,0.7482949549720435,0.7482949549720435,0.681745970521072,-0.06654898445097146,-0.03327449222548573,negative
0.0,1.3999999999999995,0.9706877692486436,0.02931223075135636,0.5,0.47068776924864364,0.7482949549720435,0.7482949549720435,0.6753248366166258,-0.07297011835541767,-0.036485059177708834,negative
0.0,1.5999999999999992,0.9706877692486436,0.02931223075135636,0.5,0.47068776924864364,0.7482949549720435,0.7482949549720435,0.6699284825461673,-0.07836647242587613,-0.039183236212938066,negative
0.0,1.799999999999999,0.9706877692486436,0.02931223075135636,0.5,0.47068776924864364,0.7482949549720435,0.7482949549720435,0.6653881803500105,-0.082906774622033,-0.0414533873110165,negative
0.0,1.9999999999999991,0.9706877692486436,0.02931223075135636,0.5,0.47068776924864364,0.7482949549720435,0.7482949549720435,0.6615573178728906,-0.08673763709915283,-0.043368818549576416,negative
0.2,-2.0,0.9706877692486436,0.02931223075135636,0.46974499560780636,0.44043276485645,0.7482949549720435,0.7482949549720435,0.8307585560147382,0.08246360104269479,0.04372673713309022,positive
0.2,-1.8,0.9706877692486436,0.02931223075135636,0.4678517544927142,0.43853952374135785,0.7482949549720435,0.7482949549720435,0.8268192830228415,0.07852432805079801,0.04178658340187075,positive
0.2,-1.6,0.9706877692486436,0.02931223075135636,0.465793959299867,0.43648172854851064,0.7482949549720435,0.7482949549720435,0.8222047036708237,0.0739097486987802,0.039483034221517166,positive
0.2,-1.4000000000000001,0.9706877692486436,0.02931223075135636,0.4635751305399307,0.43426289978857435,0.7482949549720435,0.7482949549720435,0.8167883198754322,0.06849336490338875,0.036741544327181186,positive
0.2,-1.2000000000000002,0.9706877692486436,0.02931223075135636,0.4612147253067349,0.43190249455537855,0.7482949549720435,0.7482949549720435,0.8104295461181962,0.06213459114615272,0.033477202758633584,positive
0.2,-1.0000000000000002,0.9706877692486436,0.02931223075135636,0.45875883111445204,0.4294466003630957,0.7482949549720435,0.7482949549720435,0.8029833655507911,0.054688410578747626,0.029599619266134136,positive
0.2,-0.8000000000000003,0.9706877692486436,0.02931223075135636,0.4562950964650565,0.42698286571370014,0.7482949549720435,0.7482949549720435,0.794321821036749,0.04602686606470552,0.025025032773726474,positive
0.2,-0.6000000000000003,0.9706877692486436,0.02931223075135636,0.4539699589366448,0.42465772818528846,0.7482949549720435,0.7482949549720435,0.7843740934808037,0.03607913850876021,0.01970029348146879,positive
0.2,-0.40000000000000036,0.9706877692486436,0.02931223075135636,0.4519991990201002,0.42268696826874386,0.7482949549720435,0.7482949549720435,0.7731890004714013,0.02489404549935781,0.013641956873278127,positive
0.2,-0.2000000000000004,0.9706877692486436,0.02931223075135636,0.4506499322028137,0.4213377014514573,0.7482949549720435,0.7482949549720435,0.7610073109882577,0.012712356016214232,0.0069835336393692105,positive
0.2,-4.440892098500626e-16,0.9706877692486436,0.02931223075135636,0.45016600268752205,0.4208537719361657,0.7482949549720435,0.7482949549720435,0.7482949549720435,0.0,-5.551115123125783e-17,zero
0.2,0.1999999999999993,0.9706877692486436,0.02931223075135636,0.4506499322028137,0.4213377014514573,0.7482949549720435,0.7482949549720435,0.7356669448457344,-0.012628010126309097,-0.006937198219031493,negative
0.2,0.39999999999999947,0.9706877692486436,0.02931223075135636,0.4519991990201002,0.42268696826874386,0.7482949549720435,0.7482949549720435,0.7237080031907034,-0.024586951781340072,-0.013473669269828514,negative
0.2,0.5999999999999996,0.9706877692486436,0.02931223075135636,0.4539699589366448,0.42465772818528846,0.7482949549720435,0.7482949549720435,0.7128173213573937,-0.03547763361464973,-0.019371853739437894,negative
0.2,0.7999999999999994,0.9706877692486436,0.02931223075135636,0.4562950964650566,0.42698286571370025,0.7482949549720435,0.7482949549720435,0.7031730258621223,-0.04512192910992119,-0.024533014114020257,negative
0.2,0.9999999999999991,0.9706877692486436,0.02931223075135636,0.45875883111445204,0.4294466003630957,0.7482949549720435,0.7482949549720435,0.6947845421033554,-0.05351041286868807,-0.028962038408597013,negative
0.2,1.1999999999999993,0.9706877692486436,0.02931223075135636,0.4612147253067349,0.43190249455537855,0.7482949549720435,0.7482949549720435,0.687563686494072,-0.0607312684779715,-0.032721113169374316,negative
0.2,1.3999999999999995,0.9706877692486436,0.02931223075135636,0.4635751305399307,0.43426289978857435,0.7482949549720435,0.7482949549720435,0.6813793497148367,-0.06691560525720675,-0.03589519481493869,negative
0.2,1.5999999999999992,0.9706877692486436,0.02931223075135636,0.465793959299867,0.43648172854851064,0.7482949549720435,0.7482949549720435,0.6760906311362069,-0.07220432383583653,-0.0385719859577725,negative
0.2,1.799999999999999,0.9706877692486436,0.02931223075135636,0.4678517544927143,0.43853952374135796,0.7482949549720435,0.7482949549720435,0.6715639087372961,-0.07673104623474736,-0.04083229162975921,negative
0.2,1.9999999999999991,0.9706877692486436,0.02931223075135636,0.46974499560780636,0.44043276485645,0.7482949549720435,0.7482949549720435,0.6676801277183602,-0.0806148272536833,-0.04274641557947778,negative
0.4,-2.0,0.9706877692486436,0.02931223075135636,0.43967093521965817,0.4103587044683018,0.7482949549720435,0.7482949549720435,0.8264860238246627,0.07819106885261928,0.04381272848436352,positive
0.4,-1.8,0.9706877692486436,0.02931223075135636,0.43592257794212075,0.4066103471907644,0.7482949549720435,0.7482949549720435,0.8224406758542738,0.07414572088223037,0.04182392709187155,positive
0.4,-1.6,0.9706877692486436,0.02931223075135636,0.43185485216810615,0.4025426214167498,0.7482949549720435,0.7482949549720435,0.8177545048492739,0.06945954987723046,0.03946310623333593,positive
0.4,-1.4000000000000001,0.9706877692486436,0.02931223075135636,0.42747726790728113,0.3981650371559248,0.7482949549720435,0.7482949549720435,0.8123210647390688,0.06402610976702539,0.036656403289085704,positive
0.4,-1.2000000000000002,0.9706877692486436,0.02931223075135636,0.4228314124387016,0.39351918168734523,0.7482949549720435,0.7482949549720435,0.8060278133534381,0.057732858381394636,0.03332159232786602,positive
0.4,-1.0000000000000002,0.9706877692486436,0.02931223075135636,0.41801172267513376,0.3886994919237774,0.7482949549720435,0.7482949549720435,0.798767531907485,0.05047257693544149,0.029374448102804318,positive
0.4,-0.8000000000000003,0.9706877692486436,0.02931223075135636,0.4131938673609369,0.3838816366095805,0.7482949549720435,0.7482949549720435,0.790460086859907,0.04216513188786353,0.024742757975333207,positive
0.4,-0.6000000000000003,0.9706877692486436,0.02931223075135636,0.40866626269873507,0.3793540319473787,0.7482949549720435,0.7482949549720435,0.7810882511064432,0.03279329613439974,0.019391782361581733,positive
0.4,-0.40000000000000036,0.9706877692486436,0.02931223075135636,0.40484672030532587,0.3755344895539695,0.7482949549720435,0.7482949549720435,0.770745995935308,0.022451040963264557,0.013361810661846385,positive
0.4,-0.2000000000000004,0.9706877692486436,0.02931223075135636,0.40224336157740526,0.3729311308260489,0.7482949549720435,0.7482949549720435,0.7596815671977382,0.011386612225694703,0.0068064230470528675,positive
0.4,-4.440892098500626e-16,0.9706877692486436,0.02931223075135636,0.401312339887548,0.37200010913619164,0.7482949549720435,0.7482949549720435,0.7482949549720436,1.1102230246251565e-16,5.551115123125783e-17,zero
0.4,0.1999999999999993,0.9706877692486436,0.02931223075135636,0.40224336157740526,0.3729311308260489,0.7482949549720435,0.7482949549720435,0.7370575697170696,-0.011237385254973864,-0.00671722163467281,negative
0.4,0.39999999999999947,0.9706877692486436,0.02931223075135636,0.40484672030532587,0.3755344895539695,0.7482949549720435,0.7482949549720435,0.726390287215639,-0.021904667756404428,-0.013036634855846274,negative
0.4,0.5999999999999996,0.9706877692486436,0.02931223075135636,0.40866626269873496,0.3793540319473786,0.7482949549720435,0.7482949549720435,0.7165797626965326,-0.031715192275510895,-0.018754263177506114,negative
0.4,0.7999999999999994,0.9706877692486436,0.02931223075135636,0.4131938673609369,0.3838816366095805,0.7482949549720435,0.7482949549720435,0.7077645257852901,-0.040530429186753314,-0.023783504405280098,negative
0.4,0.9999999999999991,0.9706877692486436,0.02931223075135636,0.41801172267513376,0.3886994919237774,0.7482949549720435,0.7482949549720435,0.6999665165234288,-0.048328438448614675,-0.028126584638510144,negative
0.4,1.1999999999999993,0.9706877692486436,0.02931223075135636,0.4228314124387017,0.39351918168734534,0.7482949549720435,0.7482949549720435,0.6931343429223087,-0.05516061204973477,-0.03183697254576218,negative
0.4,1.3999999999999995,0.9706877692486436,0.02931223075135636,0.42747726790728124,0.3981650371559249,0.7482949549720435,0.7482949549720435,0.687179307492635,-0.06111564747940845,-0.03499009746852638,negative
0.4,1.5999999999999992,0.9706877692486436,0.02931223075135636,0.43185485216810604,0.4025426214167497,0.7482949549720435,0.7482949549720435,0.6819994436073687,-0.06629551136467471,-0.03766547310487417,negative
0.4,1.799999999999999,0.9706877692486436,0.02931223075135636,0.43592257794212075,0.4066103471907644,0.7482949549720435,0.7482949549720435,0.677493396682918,-0.07080155828912549,-0.039937560477410594,negative
0.4,1.9999999999999991,0.9706877692486436,0.02931223075135636,0.43967093521965817,0.4103587044683018,0.7482949549720435,0.7482949549720435,0.6735674202307843,-0.07472753474125915,-0.041872009654910225,negative
0.6000000000000001,-2.0,0.9706877692486436,0.02931223075135636,0.40995537392367,0.3806431431723136,0.7482949549720435,0.7482949549720435,0.8222294598204255,0.07393450484838204,0.04362465726740217,positive
0.6000000000000001,-1.8,0.9706877692486436,0.02931223075135636,0.4044268192296214,0.37511458847826507,0.7482949549720435,0.7482949549720435,0.8180833716295389,0.06978841665749547,0.041564109289633056,positive
0.6000000000000001,-1.6,0.9706877692486436,0.02931223075135636,0.39844294554230153,0.36913071479094517,0.7482949549720435,0.7482949549720435,0.8133320081947734,0.0650370532227299,0.03912349816727395,positive
0.6000000000000001,-1.4000000000000001,0.9706877692486436,0.02931223075135636,0.39202387875945144,0.3627116480080951,0.7482949549720435,0.7482949549720435,0.8078890109389608,0.05959405596691736,0.03623176299575859,positive
0.6000000000000001,-1.2000000000000002,0.9706877692486436,0.02931223075135636,0.38523822211409087,0.3559259913627345,0.7482949549720435,0.7482949549720435,0.801669756851861,0.05337480187981758,0.032812788097944856,positive
0.6000000000000001,-1.0000000000000002,0.9706877692486436,0.02931223075135636,0.3782326478541316,0.3489204171027752,0.7482949549720435,0.7482949549720435,0.7946043561566978,0.04630940118465432,0.028793673754043236,positive
0.6000000000000001,-0.8000000000000003,0.9706877692486436,0.02931223075135636,0.3712708373421153,0.34195860659075894,0.7482949549720435,0.7482949549720435,0.7866593005211949,0.03836434554915147,0.02412078285303576,positive
0.6000000000000001,-0.6000000000000003,0.9706877692486436,0.02931223075135636,0.3647737697334632,0.33546153898210684,0.7482949549720435,0.7482949549720435,0.7778682863708449,0.029573331398801472,0.018785755820883654,positive
0.6000000000000001,-0.40000000000000036,0.9706877692486436,0.02931223075135636,0.3593345800559665,0.33002234930461016,0.7482949549720435,0.7482949549720435,0.7683652549485577,0.020070299976514216,0.01285834716285622,positive
0.6000000000000001,-0.2000000000000004,0.9706877692486436,0.02931223075135636,0.3556539116697397,0.32634168091838334,0.7482949549720435,0.7482949549720435,0.7583981715455298,0.01010321657348634,0.006509968078679429,positive
0.6000000000000001,-4.440892098500626e-16,0.9706877692486436,0.02931223075135636,0.3543436937742046,0.32503146302284824,0.7482949549720435,0.7482949549720435,0.7482949549720435,0.0,0.0,zero
0.6000000000000001,0.1999999999999993,0.9706877692486436,0.02931223075135636,0.3556539116697397,0.32634168091838334,0.7482949549720435,0.7482949549720435,0.7383867597085009,-0.009908195263542585,-0.0063843068604760855,negative
0.6000000000000001,0.39999999999999947,0.9706877692486436,0.02931223075135636,0.3593345800559664,0.33002234930461005,0.7482949549720435,0.7482949549720435,0.728943919188,-0.019351035784043513,-0.01239753946693628,negative
0.6000000000000001,0.5999999999999996,0.9706877692486436,0.02931223075135636,0.3647737697334632,0.33546153898210684,0.7482949549720435,0.7482949549720435,0.7201543270215155,-0.028140627950527963,-0.01787566501034704,negative
0.6000000000000001,0.7999999999999994,0.9706877692486436,0.02931223075135636,0.3712708373421154,0.34195860659075905,0.7482949549720435,0.7482949549720435,0.7121243630085144,-0.03617059196352901,-0.022741505998069567,negative
0.6000000000000001,0.9999999999999991,0.9706877692486436,0.02931223075135636,0.37823264785413147,0.3489204171027751,0.7482949549720435,0.7482949549720435,0.704889704173239,-0.04340525079880442,-0.02698796785840002,negative
0.6000000000000001,1.1999999999999993,0.9706877692486436,0.02931223075135636,0.38523822211409087,0.3559259913627345,0.7482949549720435,0.7482949549720435,0.6984334667443137,-0.04986148822772973,-0.030652937150916437,negative
0.6000000000000001,1.3999999999999995,0.9706877692486436,0.02931223075135636,0.39202387875945144,0.3627116480080951,0.7482949549720435,0.7482949549720435,0.6927059002489383,-0.05558905472310516,-0.03379681787398209,negative
0.6000000000000001,1.5999999999999992,0.9706877692486436,0.02931223075135636,0.39844294554230164,0.3691307147909453,0.7482949549720435,0.7482949549720435,0.6876406120650282,-0.06065434290701521,-0.03648704785921131,negative
0.6000000000000001,1.799999999999999,0.9706877692486436,0.02931223075135636,0.4044268192296214,0.37511458847826507,0.7482949549720435,0.7482949549720435,0.6831657671981399,-0.06512918777390353,-0.03878919752349497,negative
0.6000000000000001,1.9999999999999991,0.9706877692486436,0.02931223075135636,0.40995537392367,0.3806431431723136,0.7482949549720435,0.7482949549720435,0.679210880022158,-0.06908407494988544,-0.04076268717163434,negative
0.8,-2.0,0.9706877692486436,0.02931223075135636,0.38076919843558454,0.3514569676842282,0.7482949549720435,0.7482949549720435,0.8180036737621913,0.06970871879014784,0.043165785812451674,positive
0.8,-1.8,0.9706877692486436,0.02931223075135636,0.3735695637386317,0.34425733298727534,0.7482949549720435,0.7482949549720435,0.8137651733343968,0.06547021836235334,0.041012537450856035,positive
0.8,-1.6,0.9706877692486436,0.02931223075135636,0.36580546492696864,0.3364932341756123,0.7482949549720435,0.7482949549720435,0.8089586737166413,0.06066371874459786,0.03847259890503141,positive
0.8,-1.4000000000000001,0.9706877692486436,0.02931223075135636,0.3575138428196011,0.3282016120682447,0.7482949549720435,0.7482949549720435,0.8035179944219452,0.0552230394499017,0.03548003840398889,positive
0.8,-1.2000000000000002,0.9706877692486436,0.02931223075135636,0.34879656501440315,0.3194843342630468,0.7482949549720435,0.7482949549720435,0.797386216928444,0.04909126195640057,0.03196839841378585,positive
0.8,-1.0000000000000002,0.9706877692486436,0.02931223075135636,0.33985690098823285,0.3105446702368765,0.7482949549720435,0.7482949549720435,0.7905298686896138,0.04223491371757038,0.027881086828011492,positive
0.8,-0.8000000000000003,0.9706877692486436,0.02931223075135636,0.33104486891353746,0.3017326381621811,0.7482949549720435,0.7482949549720435,0.7829597139519973,0.0346647589799538,0.023189168387515613,positive
0.8,-0.6000000000000003,0.9706877692486436,0.02931223075135636,0.32289893107158174,0.2935867003202254,0.7482949549720435,0.7482949549720435,0.7747554133691641,0.026460458397120634,0.01791640466502631,positive
0.8,-0.40000000000000036,0.9706877692486436,0.02931223075135636,0.3161496110341435,0.28683738028278716,0.7482949549720435,0.7482949549720435,0.7660823659202055,0.017787410948162052,0.012163927895596172,positive
0.8,-0.2000000000000004,0.9706877692486436,0.02931223075135636,0.3116260362298129,0.2823138054784565,0.7482949549720435,0.7482949549720435,0.7571781231956427,0.008883168223599247,0.0061149417209164225,positive
0.8,-4.440892098500626e-16,0.9706877692486436,0.02931223075135636,0.3100255188723875,0.28071328812103113,0.7482949549720435,0.7482949549720435,0.7482949549720433,-1.1102230246251565e-16,0.0,zero
0.8,0.1999999999999993,0.9706877692486436,0.02931223075135636,0.3116260362298129,0.2823138054784565,0.7482949549720435,0.7482949549720435,0.7396350792651536,-0.008659875706889864,-0.005961232966108954,negative
0.8,0.39999999999999947,0.9706877692486436,0.02931223075135636,0.3161496110341435,0.28683738028278716,0.7482949549720435,0.7482949549720435,0.7313382450106655,-0.01695670996137799,-0.011595852702669496,negative
0.8,0.5999999999999996,0.9706877692486436,0.02931223075135636,0.3228989310715815,0.29358670032022516,0.7482949549720435,0.7482949549720435,0.7235078583080435,-0.02478709666399992,-0.016783369646826363,negative
0.8,0.7999999999999994,0.9706877692486436,0.02931223075135636,0.33104486891353746,0.3017326381621811,0.7482949549720435,0.7482949549720435,0.7162223393158434,-0.03207261565620001,-0.021455140810578976,negative
0.8,0.9999999999999991,0.9706877692486436,0.02931223075135636,0.33985690098823285,0.3105446702368765,0.7482949549720435,0.7482949549720435,0.7095290179850413,-0.03876593698700215,-0.025591065778694466,negative
0.8,1.1999999999999993,0.9706877692486436,0.02931223075135636,0.34879656501440304,0.3194843342630467,0.7482949549720435,0.7482949549720435,0.7034412375426838,-0.04485371742935962,-0.029208894861872337,negative
0.8,1.3999999999999995,0.9706877692486436,0.02931223075135636,0.35751384281960097,0.3282016120682446,0.7482949549720435,0.7482949549720435,0.6979438672956593,-0.05035108767638419,-0.03234987683105345,negative
0.8,1.5999999999999992,0.9706877692486436,0.02931223075135636,0.36580546492696864,0.3364932341756123,0.7482949549720435,0.7482949549720435,0.6930025113337129,-0.055292443638330524,-0.0350661655862628,negative
0.8,1.799999999999999,0.9706877692486436,0.02931223075135636,0.3735695637386316,0.34425733298727523,0.7482949549720435,0.7482949549720435,0.6885721733384599,-0.05972278163358358,-0.037412168153468206,negative
0.8,1.9999999999999991,0.9706877692486436,0.02931223075135636,0.3807691984355843,0.35145696768422796,0.7482949549720435,0.7482949549720435,0.6846037386839878,-0.06369121628805563,-0.039439562914665216,negative
1.0,-2.0,0.9706877692486436,0.02931223075135636,0.35227356147413114,0.3229613307227748,0.7482949549720435,0.7482949549720435,0.8138236682796782,0.06552871330763477,0.04244468009193697,positive
1.0,-1.8,0.9706877692486436,0.02931223075135636,0.3435424336722528,0.31423020292089643,0.7482949549720435,0.7482949549720435,0.809504003850299,0.06120904887825551,0.040181143263855745,positive
1.0,-1.6,0.9706877692486436,0.02931223075135636,0.33417078464204764,0.3048585538906913,0.7482949549720435,0.7482949549720435,0.8046559236919685,0.05636096871992502,0.037526779579601766,positive
1.0,-1.4000000000000001,0.9706877692486436,0.02931223075135636,0.3242193554420235,0.29490712469066716,0.7482949549720435,0.7482949549720435,0.7992335110262875,0.05093855605424402,0.034423290243189686,positive
1.0,-1.2000000000000002,0.9706877692486436,0.02931223075135636,0.31382977909393706,0.2845175483425807,0.7482949549720435,0.7482949549720435,0.7932071575883752,0.044912202616331776,0.030817415990626262,positive
1.0,-1.0000000000000002,0.9706877692486436,0.02931223075135636,0.3032653298563164,0.27395309910496,0.7482949549720435,0.7482949549720435,0.7865783446721439,0.03828338970010048,0.02667336489468153,positive
1.0,-0.8000000000000003,0.9706877692486436,0.02931223075135636,0.29295755956024583,0.26364532880888947,0.7482949549720435,0.7482949549720435,0.7793985388173269,0.031103583845283445,0.021991553828391686,positive
1.0,-0.6000000000000003,0.9706877692486436,0.02931223075135636,0.2835412141728727,0.25422898342151634,0.7482949549720435,0.7482949549720435,0.7717863026468316,0.02349134767478811,0.016830582432521668,positive
1.0,-0.40000000000000036,0.9706877692486436,0.02931223075135636,0.2758378706782688,0.24652563992691245,0.7482949549720435,0.7482949549720435,0.7639274788856548,0.015632523913611363,0.01132048180395373,positive
1.0,-0.2000000000000004,0.9706877692486436,0.02931223075135636,0.2707342485753006,0.24142201782394423,0.7482949549720435,0.7482949549720435,0.7560382464998577,0.007743291527814278,0.005646917314532041,positive
1.0,-4.440892098500626e-16,0.9706877692486436,0.02931223075135636,0.2689414213699951,0.23962919061863874,0.7482949549720435,0.7482949549720435,0.7482949549720435,0.0,0.0,zero
1.0,0.1999999999999993,0.9706877692486436,0.02931223075135636,0.2707342485753005,0.24142201782394412,0.7482949549720435,0.7482949549720435,0.7407881299971354,-0.007506824974908066,-0.005474470356140015,negative
1.0,0.39999999999999947,0.9706877692486436,0.02931223075135636,0.2758378706782689,0.24652563992691257,0.7482949549720435,0.7482949549720435,0.7335507101209596,-0.014744244851083832,-0.01067722374660185,negative
1.0,0.5999999999999996,0.9706877692486436,0.02931223075135636,0.2835412141728726,0.25422898342151623,0.7482949549720435,0.7482949549720435,0.7266158265602692,-0.021679128411774218,-0.015532202019690078,negative
1.0,0.7999999999999994,0.9706877692486436,0.02931223075135636,0.2929575595602456,0.26364532880888925,0.7482949549720435,0.7482949549720435,0.7200359005417271,-0.0282590544303164,-0.01998035080893068,negative
1.0,0.9999999999999991,0.9706877692486436,0.02931223075135636,0.3032653298563164,0.27395309910496,0.7482949549720435,0.7482949549720435,0.7138655454336199,-0.03442940953842355,-0.023988163297995413,negative
1.0,1.1999999999999993,0.9706877692486436,0.02931223075135636,0.31382977909393706,0.2845175483425807,0.7482949549720435,0.7482949549720435,0.7081425968691653,-0.040152358102878205,-0.027551352429351306,negative
1.0,1.3999999999999995,0.9706877692486436,0.02931223075135636,0.3242193554420233,0.29490712469066693,0.7482949549720435,0.7482949549720435,0.7028815460598531,-0.04541340891219037,-0.030689502746255037,negative
1.0,1.5999999999999992,0.9706877692486436,0.02931223075135636,0.33417078464204764,0.3048585538906913,0.7482949549720435,0.7482949549720435,0.6980762201188828,-0.05021873485316064,-0.033437100823549004,negative
1.0,1.799999999999999,0.9706877692486436,0.02931223075135636,0.3435424336722527,0.3142302029208963,0.7482949549720435,0.7482949549720435,0.6937058068728725,-0.054589148099170925,-0.035835459309086715,negative
1.0,1.9999999999999991,0.9706877692486436,0.02931223075135636,0.352273561474131,0.32296133072277466,0.7482949549720435,0.7482949549720435,0.6897407779786933,-0.05855417699335019,-0.037927088524716046,negative
1.2000000000000002,-2.0,0.9706877692486436,0.02931223075135636,0.32461712447696445,0.2953048937256081,0.7482949549720435,0.7482949549720435,0.8097044704947266,0.061409515522683145,0.041474935178186234,positive
1.2000000000000002,-1.8,0.9706877692486436,0.02931223075135636,0.3145198807530998,0.2852076500017434,0.7482949549720435,0.7482949549720435,0.8053176661344099,0.05702271116236646,0.039087934847360506,positive
1.2000000000000002,-1.6,0.9706877692486436,0.02931223075135636,0.3037434207059402,0.2744311899545838,0.7482949549720435,0.7482949549720435,0.8004447978627093,0.05214984289066582,0.03630967122177764,positive
1.2000000000000002,-1.4000000000000001,0.9706877692486436,0.02931223075135636,0.29237916426882016,0.2630669335174638,0.7482949549720435,0.7482949549720435,0.7950602187531826,0.0467652637811391,0.03309207503999867,positive
1.2000000000000002,-1.2000000000000002,0.9706877692486436,0.02931223075135636,0.28061406059629856,0.2513018298449422,0.7482949549720435,0.7482949549720435,0.7891609527203135,0.040865997748270044,0.029398424179808758,positive
1.2000000000000002,-1.0000000000000002,0.9706877692486436,0.02931223075135636,0.26877241027544707,0.2394601795240907,0.7482949549720435,0.7482949549720435,0.7827813070929501,0.03448635212090667,0.025217372139762828,positive
1.2000000000000002,-0.8000000000000003,0.9706877692486436,0.02931223075135636,0.25735815956046304,0.22804592880910668,0.7482949549720435,0.7482949549720435,0.7760086402010028,0.02771368522895934,0.02058134220379637,positive
1.2000000000000002,-0.6000000000000003,0.9706877692486436,0.02931223075135636,0.24707526897278487,0.2177630382214285,0.7482949549720435,0.7482949549720435,0.7689915833659344,0.02069662839389097,0.015583003366640535,positive
1.2000000000000002,-0.40000000000000036,0.9706877692486436,0.02931223075135636,0.23878552264503194,0.20947329189367558,0.7482949549720435,0.7482949549720435,0.7619239863858974,0.013629031413853965,0.010374616024551253,positive
1.2000000000000002,-0.2000000000000004,0.9706877692486436,0.02931223075135636,0.23336451722509444,0.20405228647373808,0.7482949549720435,0.7482949549720435,0.7549905119597856,0.006695556987742157,0.005133051563744551,positive
1.2000000000000002,-4.440892098500626e-16,0.9706877692486436,0.02931223075135636,0.23147521650098235,0.202162985749626,0.7482949549720435,0.7482949549720435,0.7482949549720433,-1.1102230246251565e-16,-1.1102230246251565e-16,zero
1.2000000000000002,0.1999999999999993,0.9706877692486436,0.02931223075135636,0.23336451722509444,0.20405228647373808,0.7482949549720435,0.7482949549720435,0.7418368460412677,-0.006458108930775808,-0.0049510154579582855,negative
1.2000000000000002,0.39999999999999947,0.9706877692486436,0.02931223075135636,0.23878552264503206,0.2094732918936757,0.7482949549720435,0.7482949549720435,0.7355671554006107,-0.012727799571432774,-0.009688585298647023,negative
1.2000000000000002,0.5999999999999996,0.9706877692486436,0.02931223075135636,0.24707526897278476,0.2177630382214284,0.7482949549720435,0.7482949549720435,0.7294625232677736,-0.018832431704269847,-0.014179403575525718,negative
1.2000000000000002,0.7999999999999994,0.9706877692486436,0.02931223075135636,0.25735815956046304,0.22804592880910668,0.7482949549720435,0.7482949549720435,0.7235502333126537,-0.02474472165938979,-0.018376465634293293,negative
1.2000000000000002,0.9999999999999991,0.9706877692486436,0.02931223075135636,0.26877241027544696,0.2394601795240906,0.7482949549720435,0.7482949549720435,0.7178865823026506,-0.03040837266939289,-0.02223544105448616,negative
1.2000000000000002,1.1999999999999993,0.9706877692486436,0.02931223075135636,0.28061406059629834,0.251301829844942,0.7482949549720435,0.7482949549720435,0.7125272514476094,-0.035767703524434036,-0.02573078300023801,negative
1.2000000000000002,1.3999999999999995,0.9706877692486436,0.02931223075135636,0.29237916426882005,0.2630669335174637,0.7482949549720435,0.7482949549720435,0.7075108640273791,-0.0407840909446644,-0.02885967251879984,negative
1.2000000000000002,1.5999999999999992,0.9706877692486436,0.02931223075135636,0.3037434207059402,0.2744311899545838,0.7482949549720435,0.7482949549720435,0.7028555106822527,-0.04543944428979074,-0.03163751204623266,negative
1.2000000000000002,1.799999999999999,0.9706877692486436,0.02931223075135636,0.31451988075309967,0.2852076500017433,0.7482949549720435,0.7482949549720435,0.6985618890061729,-0.04973306596587057,-0.03409102798879893,negative
1.2000000000000002,1.9999999999999991,0.9706877692486436,0.02931223075135636,0.32461712447696445,0.2953048937256081,0.7482949549720435,0.7482949549720435,0.6946183223938508,-0.05367663257819266,-0.03625227845905321,negative
1.4000000000000001,-2.0,0.9706877692486436,0.02931223075135636,0.29793368912406604,0.2686214583727097,0.7482949549720435,0.7482949549720435,0.8056609503656549,0.057365995393611424,0.04027473275571858,positive
1.4000000000000001,-1.8,0.9706877692486436,0.02931223075135636,0.2866560939262073,0.2573438631748509,0.7482949549720435,0.7482949549720435,0.8012235878425407,0.052928632870497205,0.03775631771498622,positive
1.4000000000000001,-1.6,0.9706877692486436,0.02931223075135636,0.27470001424716994,0.24538778349581358,0.7482949549720435,0.7482949549720435,0.7963455931802196,0.04805063820817612,0.03485112720780459,positive
1.4000000000000001,-1.4000000000000001,0.9706877692486436,0.02931223075135636,0.2621934270154138,0.23288119626405746,0.7482949549720435,0.7482949549720435,0.7910214320826974,0.042726477110653915,0.03152387565271597,positive
1.4000000000000001,-1.2000000000000002,0.9706877692486436,0.02931223075135636,0.2493720789417675,0.22005984819041113,0.7482949549720435,0.7482949549720435,0.7852736906275193,0.036978735655475825,0.027757271468431766,positive
1.4000000000000001,-1.0000000000000002,0.9706877692486436,0.02931223075135636,0.23661877588498792,0.20730654513363156,0.7482949549720435,0.7482949549720435,0.7791666159369071,0.0308716609648636,0.023566846337821246,positive
1.4000000000000001,-0.8000000000000003,0.9706877692486436,0.02931223075135636,0.22449578736024822,0.19518355660889186,0.7482949549720435,0.7482949549720435,0.7728174598577331,0.024522504885689633,0.019017305843331167,positive
1.4000000000000001,-0.6000000000000003,0.9706877692486436,0.02931223075135636,0.2137445739331335,0.18443234318177715,0.7482949549720435,0.7482949549720435,0.766394808538454,0.01809985356641053,0.01423110807760597,positive
1.4000000000000001,-0.40000000000000036,0.9706877692486436,0.02931223075135636,0.20521637350769117,0.1759041427563348,0.7482949549720435,0.7482949549720435,0.7600878797492229,0.011792924777179414,0.00937282352135771,positive
1.4000000000000001,-0.2000000000000004,0.9706877692486436,0.02931223075135636,0.19971692261168816,0.1704046918603318,0.7482949549720435,0.7482949549720435,0.7540419173074123,0.005746962335368866,0.004599196703383712,positive
1.4000000000000001,-4.440892098500626e-16,0.9706877692486436,0.02931223075135636,0.1978161114414183,0.16850388069006195,0.7482949549720435,0.7482949549720435,0.7482949549720435,0.0,0.0,zero
1.4000000000000001,0.1999999999999993,0.9706877692486436,0.02931223075135636,0.19971692261168816,0.1704046918603318,0.7482949549720435,0.7482949549720435,0.7427772460254465,-0.0055177089465969775,-0.004415729095915588,negative
1.4000000000000001,0.39999999999999947,0.9706877692486436,0.02931223075135636,0.20521637350769106,0.1759041427563347,0.7482949549720435,0.7482949549720435,0.7373814337502842,-0.01091352122175926,-0.008673887974430583,negative
1.4000000000000001,0.5999999999999996,0.9706877692486436,0.02931223075135636,0.2137445739331334,0.18443234318177704,0.7482949549720435,0.7482949549720435,0.7320407286513995,-0.016254226320643994,-0.012779973641125264,negative
1.4000000000000001,0.7999999999999994,0.9706877692486436,0.02931223075135636,0.22449578736024822,0.19518355660889186,0.7482949549720435,0.7482949549720435,0.7267580312691315,-0.021536923702911936,-0.016701975058909135,negative
1.4000000000000001,0.9999999999999991,0.9706877692486436,0.02931223075135636,0.2366187758849878,0.20730654513363145,0.7482949549720435,0.7482949549720435,0.7215854794590291,-0.02670947551301439,-0.020389512112594876,negative
1.4000000000000001,1.1999999999999993,0.9706877692486436,0.02931223075135636,0.2493720789417676,0.22005984819041124,0.7482949549720435,0.7482949549720435,0.7165895744559941,-0.03170538051604932,-0.023798943863122313,negative
1.4000000000000001,1.3999999999999995,0.9706877692486436,0.02931223075135636,0.2621934270154138,0.23288119626405746,0.7482949549720435,0.7482949549720435,0.7118272751850535,-0.03646767978698995,-0.02690609384833831,negative
1.4000000000000001,1.5999999999999992,0.9706877692486436,0.02931223075135636,0.27470001424716983,0.24538778349581347,0.7482949549720435,0.7482949549720435,0.7073368076838606,-0.04095814728818281,-0.029706943644581263,negative
1.4000000000000001,1.799999999999999,0.9706877692486436,0.02931223075135636,0.28665609392620706,0.2573438631748507,0.7482949549720435,0.7482949549720435,0.7031376434285125,-0.045157311543530976,-0.032212693004253556,negative
1.4000000000000001,1.9999999999999991,0.9706877692486436,0.02931223075135636,0.29793368912406604,0.2686214583727097,0.7482949549720435,0.7482949549720435,0.6992342211937426,-0.04906073377830089,-0.03444388837259804,negative
1.6,-2.0,0.9706877692486436,0.02931223075135636,0.2723402807553055,0.24302805000394911,0.7482949549720435,0.7482949549720435,0.8017076290484447,0.05341267407640127,0.03886625142254252,positive
1.6,-1.8,0.9706877692486436,0.02931223075135636,0.26008261290362766,0.2307703821522713,0.7482949549720435,0.7482949549720435,0.7972385563325377,0.04894360136049425,0.036214221633743326,positive
1.6,-1.6,0.9706877692486436,0.02931223075135636,0.24718643367350746,0.2178742029221511,0.7482949549720435,0.7482949549720435,0.7923774988510854,0.04408254387904198,0.03318593707032569,positive
1.6,-1.4000000000000001,0.9706877692486436,0.02931223075135636,0.23382036267399542,0.20450813192263906,0.7482949549720435,0.7482949549720435,0.7871386276934366,0.03884367272139311,0.029761231078087036,positive
1.6,-1.2000000000000002,0.9706877692486436,0.02931223075135636,0.22026948080676578,0.19095725005540942,0.7482949549720435,0.7482949549720435,0.7815685307808857,0.03327357580884227,0.02594442254084406,positive
1.6,-1.0000000000000002,0.9706877692486436,0.02931223075135636,0.20696837231688014,0.17765614156552378,0.7482949549720435,0.7482949549720435,0.7757576986417332,0.027462743669689704,0.021778824313018363,positive
1.6,-0.8000000000000003,0.9706877692486436,0.02931223075135636,0.19451885738911678,0.16520662663776042,0.7482949549720435,0.7482949549720435,0.7698462448735816,0.021551289901538095,0.01735915761462925,positive
1.6,-0.6000000000000003,0.9706877692486436,0.02931223075135636,0.18366571617034522,0.15435348541898886,0.7482949549720435,0.7482949549720435,0.7640119509763935,0.01571699600435006,0.012830322677164663,positive
1.6,-0.40000000000000036,0.9706877692486436,0.02931223075135636,0.17520366251594333,0.14589143176458697,0.7482949549720435,0.7482949549720435,0.7584277751515291,0.010132820179485691,0.008357512972424375,positive
1.6,-0.2000000000000004,0.9706877692486436,0.02931223075135636,0.16982517325525281,0.14051294250389645,0.7482949549720435,0.7482949549720435,0.7531948480405058,0.004899893068462391,0.004067767879178619,positive
1.6,-4.440892098500626e-16,0.9706877692486436,0.02931223075135636,0.16798161486607555,0.13866938411471919,0.7482949549720435,0.7482949549720435,0.7482949549720435,0.0,0.0,zero
1.6,0.1999999999999993,0.9706877692486436,0.02931223075135636,0.16982517325525281,0.14051294250389645,0.7482949549720435,0.7482949549720435,0.7436097784465191,-0.004685176525524359,-0.003889515610345673,negative
1.6,0.39999999999999947,0.9706877692486436,0.02931223075135636,0.17520366251594321,0.14589143176458685,0.7482949549720435,0.7482949549720435,0.7389944948662314,-0.009300460105812092,-0.007670985432190358,negative
1.6,0.5999999999999996,0.9706877692486436,0.02931223075135636,0.18366571617034522,0.15435348541898886,0.7482949549720435,0.7482949549720435,0.7343509388165584,-0.013944016155485017,-0.011382978441996983,negative
1.6,0.7999999999999994,0.9706877692486436,0.02931223075135636,0.19451885738911678,0.16520662663776042,0.7482949549720435,0.7482949549720435,0.7296589708007757,-0.018635984171267772,-0.015010933823951134,negative
1.6,0.9999999999999991,0.9706877692486436,0.02931223075135636,0.20696837231688003,0.17765614156552367,0.7482949549720435,0.7482949549720435,0.7249613184621635,-0.023333636509879963,-0.018504311741196378,negative
1.6,1.1999999999999993,0.9706877692486436,0.02931223075135636,0.22026948080676578,0.19095725005540942,0.7482949549720435,0.7482949549720435,0.7203284106466381,-0.02796654432540535,-0.021806368126888853,negative
1.6,1.3999999999999995,0.9706877692486436,0.02931223075135636,0.23382036267399542,0.20450813192263906,0.7482949549720435,0.7482949549720435,0.7158296429188236,-0.0324653120532199,-0.024874261014611543,negative
1.6,1.5999999999999992,0.9706877692486436,0.02931223075135636,0.24718643367350746,0.2178742029221511,0.7482949549720435,0.7482949549720435,0.7115191168059414,-0.03677583816610208,-0.027685349884469246,negative
1.6,1.799999999999999,0.9706877692486436,0.02931223075135636,0.26008261290362766,0.2307703821522713,0.7482949549720435,0.7482949549720435,0.7074322518660601,-0.04086270310598339,-0.030235024511874098,negative
1.6,1.9999999999999991,0.9706877692486436,0.02931223075135636,0.27234028075530525,0.2430280500039489,0.7482949549720435,0.7482949549720435,0.7035878200124959,-0.04470713495954759,-0.03253158127289901,negative
1.8,-2.0,0.9706877692486436,0.02931223075135636,0.24793572706997413,0.21862349631861777,0.7482949549720435,0.7482949549720435,0.797858481310668,0.0495635263386246,0.03727495739970588,positive
1.8,-1.8,0.9706877692486436,0.02931223075135636,0.23490670300849104,0.20559447225713467,0.7482949549720435,0.7482949549720435,0.7933784510985483,0.04508349612650486,0.0344930806913315,positive
1.8,-1.6,0.9706877692486436,0.02931223075135636,0.22131605893829276,0.1920038281869364,0.7482949549720435,0.7482949549720435,0.7885582389747567,0.040263284002713284,0.031352372667319606,positive
1.8,-1.4000000000000001,0.9706877692486436,0.02931223075135636,0.20737474743839046,0.1780625166870341,0.7482949549720435,0.7482949549720435,0.7834309826023697,0.035136027630326194,0.02784970277449894,positive
1.8,-1.2000000000000002,0.9706877692486436,0.02931223075135636,0.19341426147237772,0.16410203072102136,0.7482949549720435,0.7482949549720435,0.7780651468677487,0.02977019189570529,0.02401221221630645,positive
1.8,-1.0000000000000002,0.9706877692486436,0.02931223075135636,0.17990998243270617,0.1505977516813498,0.7482949549720435,0.7482949549720435,0.7725729705204107,0.024278015548367282,0.01991015819755959,positive
1.8,-0.8000000000000003,0.9706877692486436,0.02931223075135636,0.16748088212983192,0.13816865137847556,0.7482949549720435,0.7482949549720435,0.7671096319649692,0.018814676992925716,0.015663578293162672,positive
1.8,-0.6000000000000003,0.9706877692486436,0.02931223075135636,0.15684124240125086,0.1275290116498945,0.7482949549720435,0.7482949549720435,0.7618514354938942,0.013556480521850767,0.011430265274215312,positive
1.8,-0.40000000000000036,0.9706877692486436,0.02931223075135636,0.1486920552002936,0.11937982444893724,0.7482949549720435,0.7482949549720435,0.7569455121481931,0.008650557176149598,0.007364288051000201,positive
1.8,-0.2000000000000004,0.9706877692486436,0.02931223075135636,0.14358681149996122,0.11427458074860486,0.7482949549720435,0.7482949549720435,0.7524477754516913,0.004152820479647823,0.0035565302282434264,positive
1.8,-4.440892098500626e-16,0.9706877692486436,0.02931223075135636,0.1418510649004876,0.11253883414913124,0.7482949549720435,0.7482949549720435,0.7482949549720433,-1.1102230246251565e-16,-1.1102230246251565e-16,zero
1.8,0.1999999999999993,0.9706877692486436,0.02931223075135636,0.143586811499961,0.11427458074860464,0.7482949549720435,0.7482949549720435,0.7443384290745092,-0.003956525897534258,-0.0033884209592902614,negative
1.8,0.39999999999999947,0.9706877692486436,0.02931223075135636,0.1486920552002936,0.11937982444893724,0.7482949549720435,0.7482949549720435,0.7404131246040587,-0.007881830367984732,-0.006709864811829003,negative
1.8,0.5999999999999996,0.9706877692486436,0.02931223075135636,0.15684124240125086,0.1275290116498945,0.7482949549720435,0.7482949549720435,0.7364002683819912,-0.011894686590052217,-0.010029109167294936,negative
1.8,0.7999999999999994,0.9706877692486436,0.02931223075135636,0.1674808821298318,0.13816865137847545,0.7482949549720435,0.7482949549720435,0.7322589498340655,-0.016036005137977982,-0.013350280851630925,negative
1.8,0.9999999999999991,0.9706877692486436,0.02931223075135636,0.17990998243270595,0.1505977516813496,0.7482949549720435,0.7482949549720435,0.7280184371234666,-0.02027651784857687,-0.016628569878642918,negative
1.8,1.1999999999999993,0.9706877692486436,0.02931223075135636,0.19341426147237772,0.16410203072102136,0.7482949549720435,0.7482949549720435,0.7237467928019107,-0.02454816217013278,-0.01980019751349238,negative
1.8,1.3999999999999995,0.9706877692486436,0.02931223075135636,0.20737474743839046,0.1780625166870341,0.7482949549720435,0.7482949549720435,0.719520071771452,-0.028774883200591406,-0.02280769906429958,negative
1.8,1.5999999999999992,0.9706877692486436,0.02931223075135636,0.22131605893829276,0.1920038281869364,0.7482949549720435,0.7482949549720435,0.7154039238092667,-0.03289103116277681,-0.025611717771414466,negative
1.8,1.799999999999999,0.9706877692486436,0.02931223075135636,0.2349067030084908,0.20559447225713445,0.7482949549720435,0.7482949549720435,0.7114467922374694,-0.03684816273457403,-0.028192282314674855,negative
1.8,1.9999999999999991,0.9706877692486436,0.02931223075135636,0.24793572706997413,0.21862349631861777,0.7482949549720435,0.7482949549720435,0.707679921954214,-0.04061503301782943,-0.03054511527658288,negative
2.0,-2.0,0.9706877692486436,0.02931223075135636,0.224799754603336,0.19548752385197965,0.7482949549720435,0.7482949549720435,0.7941267367043777,0.045831781732334265,0.03552880844587181,positive
2.0,-1.8,0.9706877692486436,0.02931223075135636,0.21121051012589342,0.18189827937453706,0.7482949549720435,0.7482949549720435,0.7896579815992776,0.04136302662723412,0.03262672067294503,positive
2.0,-1.6,0.9706877692486436,0.02931223075135636,0.19716924608565467,0.1678570153342983,0.7482949549720435,0.7482949549720435,0.7849037360784958,0.03660878110645238,0.029390655335578386,positive
2.0,-1.4000000000000001,0.9706877692486436,0.02931223075135636,0.182928190196872,0.15361595944551565,0.7482949549720435,0.7482949549720435,0.7799149661232875,0.03162001115124402,0.02583581973734206,positive
2.0,-1.2000000000000002,0.9706877692486436,0.02931223075135636,0.16885877544432915,0.13954654469297278,0.7482949549720435,0.7482949549720435,0.7747792875359595,0.026484332563916024,0.022012220598712773,positive
2.0,-1.0000000000000002,0.9706877692486436,0.02931223075135636,0.15546251853012305,0.1261502877787667,0.7482949549720435,0.7482949549720435,0.7696254818836279,0.021330526911584435,0.018014429476335025,positive
2.0,-0.8000000000000003,0.9706877692486436,0.02931223075135636,0.14335126661593445,0.11403903586457809,0.7482949549720435,0.7482949549720435,0.7646156051212435,0.016320650149200033,0.01398106427831658,positive
2.0,-0.6000000000000003,0.9706877692486436,0.02931223075135636,0.13317832982913358,0.10386609907777722,0.7482949549720435,0.7482949549720435,0.759914652827169,0.01161969785512551,0.010072205901660691,positive
2.0,-0.40000000000000036,0.9706877692486436,0.02931223075135636,0.12552523888283473,0.09621300813147837,0.7482949549720435,0.7482949549720435,0.7556371658725739,0.007342210900530444,0.006420578123313203,positive
2.0,-0.2000000000000004,0.9706877692486436,0.02931223075135636,0.12079787690682098,0.09148564615546462,0.7482949549720435,0.7482949549720435,0.7517961317892047,0.0035011768171612223,0.003078242090972738,positive
2.0,-4.440892098500626e-16,0.9706877692486436,0.02931223075135636,0.11920292202211757,0.08989069127076121,0.7482949549720435,0.7482949549720435,0.7482949549720435,0.0,0.0,zero
2.0,0.1999999999999993,0.9706877692486436,0.02931223075135636,0.12079787690682076,0.0914856461554644,0.7482949549720435,0.7482949549720435,0.7449697504066471,-0.0033252045653963114,-0.002923526913615526,negative
2.0,0.39999999999999947,0.9706877692486436,0.02931223075135636,0.12552523888283473,0.09621300813147837,0.7482949549720435,0.7482949549720435,0.7416485285050775,-0.0066464264669660045,-0.005812132196982955,negative
2.0,0.5999999999999996,0.9706877692486436,0.02931223075135636,0.13317832982913358,0.10386609907777722,0.7482949549720435,0.7482949549720435,0.7382011563551705,-0.010093798616872984,-0.008749523375446211,negative
2.0,0.7999999999999994,0.9706877692486436,0.02931223075135636,0.14335126661593423,0.11403903586457786,0.7482949549720435,0.7482949549720435,0.7345691528576177,-0.013725802114425756,-0.01175819099600317,negative
2.0,0.9999999999999991,0.9706877692486436,0.02931223075135636,0.15546251853012294,0.12615028777876658,0.7482949549720435,0.7482949549720435,0.7307658310428468,-0.0175291239291967,-0.014804002175537123,negative
2.0,1.1999999999999993,0.9706877692486436,0.02931223075135636,0.16885877544432915,0.13954654469297278,0.7482949549720435,0.7482949549720435,0.7268515790076338,-0.021443375964409706,-0.0178224737576671,negative
2.0,1.3999999999999995,0.9706877692486436,0.02931223075135636,0.18292819019687212,0.15361595944551576,0.7482949549720435,0.7482949549720435,0.7229036911254116,-0.025391263846631817,-0.020746485904356127,negative
2.0,1.5999999999999992,0.9706877692486436,0.02931223075135636,0.19716924608565467,0.1678570153342983,0.7482949549720435,0.7482949549720435,0.718995064828495,-0.0292998901435485,-0.023522852893552493,negative
2.0,1.799999999999999,0.9706877692486436,0.02931223075135636,0.21121051012589342,0.18189827937453706,0.7482949549720435,0.7482949549720435,0.7151841595096038,-0.03311079546243967,-0.026117447462143728,negative
2.0,1.9999999999999991,0.9706877692486436,0.02931223075135636,0.224799754603336,0.19548752385197965,0.7482949549720435,0.7482949549720435,0.7115127381125607,-0.0367822168594828,-0.028513583535704434,negative
2.2,-2.0,0.9706877692486436,0.02931223075135636,0.20299260453893675,0.1736803737875804,0.7482949549720435,0.7482949549720435,0.7905246847550966,0.04222972978305317,0.033657406945415635,positive
2.2,-1.8,0.9706877692486436,0.02931223075135636,0.1890509789526711,0.15973874820131473,0.7482949549720435,0.7482949549720435,0.786090439063688,0.03779548409164457,0.030650210824129,positive
2.2,-1.6,0.9706877692486436,0.02931223075135636,0.17479390951705542,0.14548167876569906,0.7482949549720435,0.7482949549720435,0.7814278091861407,0.033132854214097285,0.027341433092556544,positive
2.2,-1.4000000000000001,0.9706877692486436,0.02931223075135636,0.1605110200648452,0.13119878931348883,0.7482949549720435,0.7482949549720435,0.7766040059166945,0.028309050944651082,0.023765136300457512,positive
2.2,-1.2000000000000002,0.9706877692486436,0.02931223075135636,0.1466039924227458,0.11729176167138944,0.7482949549720435,0.7482949549720435,0.7717224805815396,0.023427525609496125,0.01999295682255786,positive
2.2,-1.0000000000000002,0.9706877692486436,0.02931223075135636,0.13358323297546804,0.10427100222411168,0.7482949549720435,0.7482949549720435,0.766922812094091,0.01862785712204751,0.016139487744279313,positive
2.2,-0.8000000000000003,0.9706877692486436,0.02931223075135636,0.12202942839436293,0.09271719764300657,0.7482949549720435,0.7482949549720435,0.7623658093023341,0.01407085433029065,0.012353796019344943,positive
2.2,-0.6000000000000003,0.9706877692486436,0.02931223075135636,0.11251038694222504,0.08319815619086868,0.7482949549720435,0.7482949549720435,0.758196852911947,0.009901897939903592,0.008787831571222648,positive
2.2,-0.40000000000000036,0.9706877692486436,0.02931223075135636,0.10547489965957901,0.07616266890822265,0.7482949549720435,0.7482949549720435,0.7544942901729822,0.006199335200938738,0.005545460942663616,positive
2.2,-0.2000000000000004,0.9706877692486436,0.02931223075135636,0.10118693473480733,0.07187470398345097,0.7482949549720435,0.7482949549720435,0.7512332191366421,0.0029382641645986363,0.00264095022034172,positive
2.2,-4.440892098500626e-16,0.9706877692486436,0.02931223075135636,0.0997504891196852,0.07043825836832884,0.7482949549720435,0.7482949549720435,0.7482949549720433,-1.1102230246251565e-16,-1.1102230246251565e-16,zero
2.2,0.1999999999999993,0.9706877692486436,0.02931223075135636,0.10118693473480733,0.07187470398345097,0.7482949549720435,0.7482949549720435,0.7455119383083663,-0.002783016663677196,-0.0025014117381638723,negative
2.2,0.39999999999999947,0.9706877692486436,0.02931223075135636,0.1054748996595789,0.07616266890822254,0.7482949549720435,0.7482949549720435,0.7427149239553216,-0.005580031016721887,-0.004991477805135758,negative
2.2,0.5999999999999996,0.9706877692486436,0.02931223075135636,0.11251038694222504,0.08319815619086868,0.7482949549720435,0.7482949549720435,0.739770000320563,-0.00852495465148051,-0.0075658087049774725,negative
2.2,0.7999999999999994,0.9706877692486436,0.02931223075135636,0.12202942839436293,0.09271719764300657,0.7482949549720435,0.7482949549720435,0.7366050104404357,-0.011689944531607765,-0.010263427282453885,negative
2.2,0.9999999999999991,0.9706877692486436,0.02931223075135636,0.1335832329754678,0.10427100222411145,0.7482949549720435,0.7482949549720435,0.7332164613930199,-0.015078493579023577,-0.013064259658337796,negative
2.2,1.1999999999999993,0.9706877692486436,0.02931223075135636,0.14660399242274558,0.11729176167138922,0.7482949549720435,0.7482949549720435,0.7296530224254936,-0.01864193254654989,-0.0159089508087501,negative
2.2,1.3999999999999995,0.9706877692486436,0.02931223075135636,0.1605110200648452,0.13119878931348883,0.7482949549720435,0.7482949549720435,0.7259883947896306,-0.022306560182412838,-0.018726111453395866,negative
2.2,1.5999999999999992,0.9706877692486436,0.02931223075135636,0.1747939095170553,0.14548167876569895,0.7482949549720435,0.7482949549720435,0.722298569024404,-0.025996385947639422,-0.02145237601453731,negative
2.2,1.799999999999999,0.9706877692486436,0.02931223075135636,0.1890509789526711,0.15973874820131473,0.7482949549720435,0.7482949549720435,0.7186489694164027,-0.029645985555640797,-0.024041382964330227,negative
2.2,1.9999999999999991,0.9706877692486436,0.02931223075135636,0.20299260453893675,0.1736803737875804,0.7482949549720435,0.7482949549720435,0.7150898274094698,-0.033205127562573655,-0.02646473223459922,negative
2.4000000000000004,-2.0,0.9706877692486436,0.02931223075135636,0.1825551495332549,0.15324291878189855,0.7482949549720435,0.7482949549720435,0.7870634898054929,0.03876853483344944,0.031691139159743864,positive
2.4000000000000004,-1.8,0.9706877692486436,0.02931223075135636,0.16846048525929058,0.13914825450793422,0.7482949549720435,0.7482949549720435,0.7826874710988235,0.03439251612678007,0.028598736170774686,positive
2.4000000000000004,-1.6,0.9706877692486436,0.02931223075135636,0.15420710710681818,0.12489487635546181,0.7482949549720435,0.7482949549720435,0.7781419195752713,0.029846964603227888,0.025244350535844506,positive
2.4000000000000004,-1.4000000000000001,0.9706877692486436,0.02931223075135636,0.14011553752496209,0.11080330677360573,0.7482949549720435,0.7482949549720435,0.7735082456638621,0.025213290691818657,0.021680516913761383,positive
2.4000000000000004,-1.2000000000000002,0.9706877692486436,0.02931223075135636,0.12660549125502008,0.09729326050366371,0.7482949549720435,0.7482949549720435,0.7689018979633364,0.020606942991292954,0.017997990850616152,positive
2.4000000000000004,-1.0000000000000002,0.9706877692486436,0.02931223075135636,0.11417787563136672,0.08486564488001036,0.7482949549720435,0.7482949549720435,0.7644672114715494,0.016172256499505933,0.014325742608226832,positive
2.4000000000000004,-0.8000000000000003,0.9706877692486436,0.02931223075135636,0.10336054569345499,0.07404831494209863,0.7482949549720435,0.7482949549720435,0.760356170593951,0.01206121562190754,0.010814561793500821,positive
2.4000000000000004,-0.6000000000000003,0.9706877692486436,0.02931223075135636,0.09461900417655467,0.0653067734251983,0.7482949549720435,0.7482949549720435,0.7566882867500321,0.008393331777988622,0.007599163083431892,positive
2.4000000000000004,-0.40000000000000036,0.9706877692486436,0.02931223075135636,0.08826783296058271,0.058955602209226354,0.7482949549720435,0.7482949549720435,0.7535052196647339,0.0052102646926904805,0.004750365919115707,positive
2.4000000000000004,-0.2000000000000004,0.9706877692486436,0.02931223075135636,0.08444505839176641,0.055132827640410054,0.7482949549720435,0.7482949549720435,0.7507510461326449,0.0024560911606014146,0.0022486863991288963,positive
2.4000000000000004,-4.440892098500626e-16,0.9706877692486436,0.02931223075135636,0.08317269649392234,0.05386046574256598,0.7482949549720435,0.7482949549720435,0.7482949549720433,-1.1102230246251565e-16,-1.1102230246251565e-16,zero
2.4000000000000004,0.1999999999999993,0.9706877692486436,0.02931223075135636,0.0844450583917663,0.05513282764040994,0.7482949549720435,0.7482949549720435,0.7459740359181374,-0.0023209190539060787,-0.002124928908876389,negative
2.4000000000000004,0.39999999999999947,0.9706877692486436,0.02931223075135636,0.0882678329605826,0.05895560220922624,0.7482949549720435,0.7482949549720435,0.7436282633156975,-0.004666691656345923,-0.004254772896745029,negative
2.4000000000000004,0.5999999999999996,0.9706877692486436,0.02931223075135636,0.09461900417655467,0.0653067734251983,0.7482949549720435,0.7482949549720435,0.7411258286383878,-0.007169126333655629,-0.006490790739149266,negative
2.4000000000000004,0.7999999999999994,0.9706877692486436,0.02931223075135636,0.10336054569345499,0.07404831494209863,0.7482949549720435,0.7482949549720435,0.7383851214999538,-0.009909833472089624,-0.008885547676683148,negative
2.4000000000000004,0.9999999999999991,0.9706877692486436,0.02931223075135636,0.11417787563136672,0.08486564488001036,0.7482949549720435,0.7482949549720435,0.735386502359944,-0.012908452612099497,-0.011434592915161801,negative
2.4000000000000004,1.1999999999999993,0.9706877692486436,0.02931223075135636,0.12660549125502008,0.09729326050366371,0.7482949549720435,0.7482949549720435,0.7321642875177444,-0.01613066745429903,-0.014088436376976099,negative
2.4000000000000004,1.3999999999999995,0.9706877692486436,0.02931223075135636,0.14011553752496198,0.11080330677360561,0.7482949549720435,0.7482949549720435,0.7287845416187803,-0.0195104133532632,-0.016776701298936603,negative
2.4000000000000004,1.5999999999999992,0.9706877692486436,0.02931223075135636,0.15420710710681818,0.12489487635546181,0.7482949549720435,0.7482949549720435,0.7253224751952456,-0.02297247977679784,-0.01942996012734799,negative
2.4000000000000004,1.799999999999999,0.9706877692486436,0.02931223075135636,0.16846048525929036,0.139148254507934,0.7482949549720435,0.7482949549720435,0.721847445374838,-0.026447509597205432,-0.02199214929656046,negative
2.4000000000000004,1.9999999999999991,0.9706877692486436,0.02931223075135636,0.1825551495332548,0.15324291878189844,0.7482949549720435,0.7482949549720435,0.7184160256924557,-0.029878929279587796,-0.024424376877059117,negative
2.6,-2.0,0.9706877692486436,0.02931223075135636,0.16350947537570748,0.13419724462435112,0.7482949549720435,0.7482949549720435,0.7837530213169439,0.03545806634490045,0.02966033651900879,positive
2.6,-1.8,0.9706877692486436,0.02931223075135636,0.14944810528217245,0.12013587453081609,0.7482949549720435,0.7482949549720435,0.7794588877150745,0.031163932743031086,0.026506542041444092,positive
2.6,-1.6,0.9706877692486436,0.02931223075135636,0.1353974724119893,0.10608524166063293,0.7482949549720435,0.7482949549720435,0.7750549760088538,0.0267600210368103,0.02313678182673451,positive
2.6,-1.4000000000000001,0.9706877692486436,0.02931223075135636,0.12170032592334346,0.0923880951719871,0.7482949549720435,0.7482949549720435,0.7706344076013797,0.02233945262933623,0.01962073396339692,positive
2.6,-1.2000000000000002,0.9706877692486436,0.02931223075135636,0.10878062835807945,0.07946839760672308,0.7482949549720435,0.7482949549720435,0.7663203886082056,0.018025433636162158,0.016064615638793578,positive
2.6,-1.0000000000000002,0.9706877692486436,0.02931223075135636,0.09711182061772283,0.06779958986636647,0.7482949549720435,0.7482949549720435,0.7622559721813961,0.01396101720935261,0.012605237410477033,positive
2.6,-0.8000000000000003,0.9706877692486436,0.02931223075135636,0.08715141524957326,0.0578391844982169,0.7482949549720435,0.7482949549720435,0.7585777483561876,0.010282793384144173,0.009386633387997056,positive
2.6,-0.6000000000000003,0.9706877692486436,0.02931223075135636,0.07925426824366333,0.04994203749230697,0.7482949549720435,0.7482949549720435,0.7553754596400214,0.007080504667977938,0.0065193444517215315,positive
2.6,-0.40000000000000036,0.9706877692486436,0.02931223075135636,0.07360912948357168,0.04429689873221532,0.7482949549720435,0.7482949549720435,0.752656293679144,0.004361338707100537,0.004040304361487834,positive
2.6,-0.2000000000000004,0.9706877692486436,0.02931223075135636,0.07025002549739123,0.04093779474603487,0.7482949549720435,0.7482949549720435,0.7503410298038597,0.0020460748318162914,0.0019023380227116693,positive
2.6,-4.440892098500626e-16,0.9706877692486436,0.02931223075135636,0.06913842034334672,0.03982618959199036,0.7482949549720435,0.7482949549720435,0.7482949549720433,-1.1102230246251565e-16,-1.1102230246251565e-16,zero
2.6,0.1999999999999993,0.9706877692486436,0.02931223075135636,0.07025002549739123,0.04093779474603487,0.7482949549720435,0.7482949549720435,0.7463653023802513,-0.0019296525917921192,-0.0017940944480175913,negative
2.6,0.39999999999999947,0.9706877692486436,0.02931223075135636,0.07360912948357179,0.04429689873221543,0.7482949549720435,0.7482949549720435,0.7444051628550725,-0.003889792116970936,-0.0036034679053685847,negative
2.6,0.5999999999999996,0.9706877692486436,0.02931223075135636,0.07925426824366322,0.04994203749230686,0.7482949549720435,0.7482949549720435,0.7422890960800432,-0.0060058588920002265,-0.005529868940340021,negative
2.6,0.7999999999999994,0.9706877692486436,0.02931223075135636,0.08715141524957337,0.05783918449821701,0.7482949549720435,0.7482949549720435,0.7399302014641195,-0.008364753507923983,-0.007635753401494583,negative
2.6,0.9999999999999991,0.9706877692486436,0.02931223075135636,0.09711182061772283,0.06779958986636647,0.7482949549720435,0.7482949549720435,0.7372945631888683,-0.011000391783175134,-0.009932123709602836,negative
2.6,1.1999999999999993,0.9706877692486436,0.02931223075135636,0.10878062835807956,0.0794683976067232,0.7482949549720435,0.7482949549720435,0.734400928784702,-0.01389402618734148,-0.012382625288258842,negative
2.6,1.3999999999999995,0.9706877692486436,0.02931223075135636,0.12170032592334334,0.09238809517198698,0.7482949549720435,0.7482949549720435,0.7313046236135898,-0.016990331358453625,-0.014922602494584214,negative
2.6,1.5999999999999992,0.9706877692486436,0.02931223075135636,0.1353974724119893,0.10608524166063293,0.7482949549720435,0.7482949549720435,0.7280766246012116,-0.020218330370831872,-0.017480819542230686,negative
2.6,1.799999999999999,0.9706877692486436,0.02931223075135636,0.14944810528217234,0.12013587453081598,0.7482949549720435,0.7482949549720435,0.7247872892105767,-0.02350766576146679,-0.01999448965380901,negative
2.6,1.9999999999999991,0.9706877692486436,0.02931223075135636,0.16350947537570737,0.134197244624351,0.7482949549720435,0.7482949549720435,0.7214973641316453,-0.026797590840398122,-0.022415930820751773,negative
2.8000000000000003,-2.0,0.9706877692486436,0.02931223075135636,0.14585987627594532,0.11654764552458896,0.7482949549720435,0.7482949549720435,0.7806017053399039,0.03230675036786046,0.027594491756326445,positive
2.8000000000000003,-1.8,0.9706877692486436,0.02931223075135636,0.13200142393695113,0.10268919318559477,0.7482949549720435,0.7482949549720435,0.7764125066781086,0.028117551706065114,0.024405994843243684,positive
2.8000000000000003,-1.6,0.9706877692486436,0.02931223075135636,0.11832831059340054,0.08901607984204418,0.7482949549720435,0.7482949549720435,0.7721732089730255,0.02387825400098209,0.021052780545125716,positive
2.8000000000000003,-1.4000000000000001,0.9706877692486436,0.02931223075135636,0.10519529296871422,0.07588306221735786,0.7482949549720435,0.7482949549720435,0.7679857675431028,0.019690812571059313,0.01761943177385461,positive
2.8000000000000003,-1.2000000000000002,0.9706877692486436,0.02931223075135636,0.09301631590013604,0.06370408514877968,0.7482949549720435,0.7482949549720435,0.7639766744991431,0.015681719527099625,0.014223063749709608,positive
2.8000000000000003,-1.0000000000000002,0.9706877692486436,0.02931223075135636,0.08222127690990999,0.05290904615855363,0.7482949549720435,0.7482949549720435,0.7602819915220137,0.011987036549970242,0.011001447098465955,positive
2.8000000000000003,-0.8000000000000003,0.9706877692486436,0.02931223075135636,0.07318521853702586,0.043872987785669504,0.7482949549720435,0.7482949549720435,0.7570177307912436,0.008722775819200113,0.008084397564622536,positive
2.8000000000000003,-0.6000000000000003,0.9706877692486436,0.02931223075135636,0.06615215608510994,0.036839925333753576,0.7482949549720435,0.7482949549720435,0.7542423717771932,0.005947416805149763,0.005553982360352316,positive
2.8000000000000003,-0.40000000000000036,0.9706877692486436,0.02931223075135636,0.06120049033432995,0.03188825958297359,0.7482949549720435,0.7482949549720435,0.7519329112917014,0.003637956319657909,0.0034153116090799296,positive
2.8000000000000003,-0.2000000000000004,0.9706877692486436,0.02931223075135636,0.058284318034292015,0.028972087282935655,0.7482949549720435,0.7482949549720435,0.7499945378280806,0.0016995828560371073,0.0016005238283302026,positive
2.8000000000000003,-4.440892098500626e-16,0.9706877692486436,0.02931223075135636,0.057324175898868734,0.028011945147512374,0.7482949549720435,0.7482949549720435,0.7482949549720435,0.0,0.0,zero
2.8000000000000003,0.1999999999999993,0.9706877692486436,0.02931223075135636,0.05828431803429179,0.028972087282935433,0.7482949549720435,0.7482949549720435,0.746694751163748,-0.0016002038082955083,-0.0015069370206131083,negative
2.8000000000000003,0.39999999999999947,0.9706877692486436,0.02931223075135636,0.06120049033432995,0.03188825958297359,0.7482949549720435,0.7482949549720435,0.7450620687566671,-0.0032328862153763183,-0.0030350319938002857,negative
2.8000000000000003,0.5999999999999996,0.9706877692486436,0.02931223075135636,0.06615215608510994,0.036839925333753576,0.7482949549720435,0.7482949549720435,0.7432806597124727,-0.005014295259570756,-0.004682588816902866,negative
2.8000000000000003,0.7999999999999994,0.9706877692486436,0.02931223075135636,0.07318521853702609,0.043872987785669726,0.7482949549720435,0.7482949549720435,0.7412621098088071,-0.007032845163236323,-0.0065181448530278185,negative
2.8000000000000003,0.9999999999999991,0.9706877692486436,0.02931223075135636,0.08222127690990999,0.05290904615855363,0.7482949549720435,0.7482949549720435,0.7389609193207936,-0.009334035651249906,-0.008566579321281576,negative
2.8000000000000003,1.1999999999999993,0.9706877692486436,0.02931223075135636,0.09301631590013582,0.06370408514877945,0.7482949549720435,0.7482949549720435,0.7363803497199566,-0.011914605252086874,-0.01080635256613327,negative
2.8000000000000003,1.3999999999999995,0.9706877692486436,0.02931223075135636,0.1051952929687141,0.07588306221735774,0.7482949549720435,0.7482949549720435,0.7335629093217167,-0.014732045650326708,-0.013182303792112049,negative
2.8000000000000003,1.5999999999999992,0.9706877692486436,0.02931223075135636,0.11832831059340054,0.08901607984204418,0.7482949549720435,0.7482949549720435,0.7305724330433975,-0.017722521928645985,-0.015625445849374864,negative
2.8000000000000003,1.799999999999999,0.9706877692486436,0.02931223075135636,0.13200142393695113,0.10268919318559477,0.7482949549720435,0.7482949549720435,0.7274775366910107,-0.020817418281032785,-0.018069489425245333,negative
2.8000000000000003,1.9999999999999991,0.9706877692486436,0.02931223075135636,0.14585987627594532,0.11654764552458896,0.7482949549720435,0.7482949549720435,0.7243409771258796,-0.02395397784616382,-0.02046005360120562,negative
3.0,-2.0,0.9706877692486436,0.02931223075135636,0.12959420093457674,0.10028197018322038,0.7482949549720435,0.7482949549720435,0.7776164024869485,0.029321447514905064,0.025521557953965823,positive
3.0,-1.8,0.9706877692486436,0.02931223075135636,0.11608876903938703,0.08677653828803067,0.7482949549720435,0.7482949549720435,0.7735540448825121,0.025259089910468657,0.02232679325570719,positive
3.0,-1.6,0.9706877692486436,0.02931223075135636,0.10294116087290894,0.07362893012155258,0.7482949549720435,0.7482949549720435,0.7695001204003257,0.021205165428282213,0.01902228108259274,positive
3.0,-1.4000000000000001,0.9706877692486436,0.02931223075135636,0.09050711131488642,0.06119488056353006,0.7482949549720435,0.7482949549720435,0.7655622435166805,0.017267288544636994,0.015704476138221346,positive
3.0,-1.2000000000000002,0.9706877692486436,0.02931223075135636,0.07917689060333233,0.04986465985197597,0.7482949549720435,0.7482949549720435,0.7618656942411124,0.013570739269068932,0.012496250330555458,positive
3.0,-1.0000000000000002,0.9706877692486436,0.02931223075135636,0.0693238580042852,0.04001162725292884,0.7482949549720435,0.7482949549720435,0.7585344776517946,0.010239522679751145,0.009529679463468388,positive
3.0,-0.8000000000000003,0.9706877692486436,0.02931223075135636,0.061234374793142976,0.031922144041786615,0.7482949549720435,0.7482949549720435,0.755660483191857,0.007365528219813511,0.0069145047042520336,positive
3.0,-0.6000000000000003,0.9706877692486436,0.02931223075135636,0.055048390998623464,0.025736160247267104,0.7482949549720435,0.7482949549720435,0.7532716493122679,0.004976694340224408,0.004702735324303098,positive
3.0,-0.40000000000000036,0.9706877692486436,0.02931223075135636,0.050753589460152404,0.021441358708796043,0.7482949549720435,0.7482949549720435,0.7513203723260088,0.0030254173539653317,0.0028718665636364715,positive
3.0,-0.2000000000000004,0.9706877692486436,0.02931223075135636,0.04824739563485769,0.018935164883501332,0.7482949549720435,0.7482949549720435,0.7497032742275879,0.0014083192555444102,0.0013403715192420451,positive
3.0,-4.440892098500626e-16,0.9706877692486436,0.02931223075135636,0.047425873177566746,0.018113642426210386,0.7482949549720435,0.7482949549720435,0.7482949549720435,0.0,0.0,zero
3.0,0.1999999999999993,0.9706877692486436,0.02931223075135636,0.048247395634857915,0.018935164883501554,0.7482949549720435,0.7482949549720435,0.7469708416971039,-0.0013241132749395312,-0.0012602282578981772,negative
3.0,0.39999999999999947,0.9706877692486436,0.02931223075135636,0.05075358946015229,0.021441358708795932,0.7482949549720435,0.7482949549720435,0.7456146575001288,-0.002680297471914672,-0.002544262754394011,negative
3.0,0.5999999999999996,0.9706877692486436,0.02931223075135636,0.055048390998623464,0.025736160247267104,0.7482949549720435,0.7482949549720435,0.7441209633675666,-0.0041739916044768455,-0.00394422008260864,negative
3.0,0.7999999999999994,0.9706877692486436,0.02931223075135636,0.061234374793142976,0.031922144041786615,0.7482949549720435,0.7482949549720435,0.7424029974171732,-0.005891957554870264,-0.005531167217689981,negative
3.0,0.9999999999999991,0.9706877692486436,0.02931223075135636,0.0693238580042852,0.04001162725292884,0.7482949549720435,0.7482949549720435,0.7404067844325525,-0.00788817053949098,-0.007341332125097799,negative
3.0,1.1999999999999993,0.9706877692486436,0.02931223075135636,0.07917689060333233,0.04986465985197597,0.7482949549720435,0.7482949549720435,0.7381212605659588,-0.010173694406084621,-0.009368172917062378,negative
3.0,1.3999999999999995,0.9706877692486436,0.02931223075135636,0.09050711131488631,0.06119488056352995,0.7482949549720435,0.7482949549720435,0.7355750716236281,-0.01271988334841534,-0.011568643450287963,negative
3.0,1.5999999999999992,0.9706877692486436,0.02931223075135636,0.10294116087290905,0.0736289301215527,0.7482949549720435,0.7482949549720435,0.732822646103888,-0.015472308868155427,-0.013879571431883342,negative
3.0,1.799999999999999,0.9706877692486436,0.02931223075135636,0.11608876903938703,0.08677653828803067,0.7482949549720435,0.7482949549720435,0.7299283993394012,-0.018366555632642223,-0.016234404797755397,negative
3.0,1.9999999999999991,0.9706877692486436,0.02931223075135636,0.12959420093457674,0.10028197018322038,0.7482949549720435,0.7482949549720435,0.7269550001609666,-0.021339954811076867,-0.01857442041935542,negative
3.2,-2.0,0.9706877692486436,0.02931223075135636,0.1146854786432463,0.08537324789188994,0.7482949549720435,0.7482949549720435,0.7748023170696933,0.02650736209764981,0.023467352587910995,positive
3.2,-1.8,0.9706877692486436,0.02931223075135636,0.10166175135959432,0.07234952060823796,0.7482949549720435,0.7482949549720435,0.7708870607506207,0.022592105778577287,0.020295352738225914,positive
3.2,-1.6,0.9706877692486436,0.02931223075135636,0.08915962781810727,0.05984739706675091,0.7482949549720435,0.7482949549720435,0.7670365116854636,0.01874155671342015,0.017070566492119688,positive
3.2,-1.4000000000000001,0.9706877692486436,0.02931223075135636,0.077524749765842,0.048212519014485644,0.7482949549720435,0.7482949549720435,0.7633605923176406,0.015065637345597183,0.013897677580316792,positive
3.2,-1.2000000000000002,0.9706877692486436,0.02931223075135636,0.06711163430634737,0.03779940355499101,0.7482949549720435,0.7482949549720435,0.7599790684398244,0.011684113467780977,0.010899973517537354,positive
3.2,-1.0000000000000002,0.9706877692486436,0.02931223075135636,0.05822798307419941,0.028915752322843047,0.7482949549720435,0.7482949549720435,0.756999740340505,0.008704785368461532,0.008197923273362218,positive
3.2,-0.8000000000000003,0.9706877692486436,0.02931223075135636,0.05107103456825479,0.02175880381689843,0.7482949549720435,0.7482949549720435,0.7544885668661,0.006193611894056539,0.005877297726912922,positive
3.2,-0.6000000000000003,0.9706877692486436,0.02931223075135636,0.04568868302540552,0.016376452274049158,0.7482949549720435,0.7482949549720435,0.7524455025274607,0.004150547555417217,0.003960914503775892,positive
3.2,-0.40000000000000036,0.9706877692486436,0.02931223075135636,0.04199896455950736,0.012686733808150996,0.7482949549720435,0.7482949549720435,0.7508044966778644,0.0025095417058209613,0.0024041435526575006,positive
3.2,-0.2000000000000004,0.9706877692486436,0.02931223075135636,0.039863172285047876,0.010550941533691516,0.7482949549720435,0.7482949549720435,0.7494595280462653,0.0011645730742217975,0.0011181494971255201,positive
3.2,-4.440892098500626e-16,0.9706877692486436,0.02931223075135636,0.039165722796764335,0.009853492045407974,0.7482949549720435,0.7482949549720435,0.7482949549720433,-1.1102230246251565e-16,-1.1102230246251565e-16,zero
3.2,0.1999999999999993,0.9706877692486436,0.02931223075135636,0.039863172285047765,0.010550941533691405,0.7482949549720435,0.7482949549720435,0.7472012975222608,-0.0010936574497826257,-0.0010500607944411433,negative
3.2,0.39999999999999947,0.9706877692486436,0.02931223075135636,0.04199896455950736,0.012686733808150996,0.7482949549720435,0.7482949549720435,0.7460774455252513,-0.0022175094467921097,-0.0021243763461259446,negative
3.2,0.5999999999999996,0.9706877692486436,0.02931223075135636,0.04568868302540552,0.016376452274049158,0.7482949549720435,0.7482949549720435,0.744829434298578,-0.0034655206734655053,-0.003307185597897555,negative
3.2,0.7999999999999994,0.9706877692486436,0.02931223075135636,0.05107103456825479,0.02175880381689843,0.7482949549720435,0.7482949549720435,0.7433745994283251,-0.004920355543718391,-0.00466906789565702,negative
3.2,0.9999999999999991,0.9706877692486436,0.02931223075135636,0.05822798307419941,0.028915752322843047,0.7482949549720435,0.7482949549720435,0.7416536504113195,-0.006641304560723982,-0.006254594791171519,negative
3.2,1.1999999999999993,0.9706877692486436,0.02931223075135636,0.06711163430634737,0.03779940355499101,0.7482949549720435,0.7482949549720435,0.7396431533168851,-0.008651801655158331,-0.00807116510638628,negative
3.2,1.3999999999999995,0.9706877692486436,0.02931223075135636,0.077524749765842,0.048212519014485644,0.7482949549720435,0.7482949549720435,0.7373578099715487,-0.010937145000494808,-0.01008924557117874,negative
3.2,1.5999999999999992,0.9706877692486436,0.02931223075135636,0.08915962781810705,0.059847397066750685,0.7482949549720435,0.7482949549720435,0.7348410823169121,-0.013453872655131316,-0.012254330376487599,negative
3.2,1.799999999999999,0.9706877692486436,0.02931223075135636,0.10166175135959432,0.07234952060823796,0.7482949549720435,0.7482949549720435,0.7321510945425694,-0.016143860429474022,-0.014502647304508898,negative
3.2,1.9999999999999991,0.9706877692486436,0.02931223075135636,0.1146854786432463,0.08537324789188994,0.7482949549720435,0.7482949549720435,0.7293484583548326,-0.018946496617210817,-0.0167736085840533,negative
3.4000000000000004,-2.0,0.9706877692486436,0.02931223075135636,0.10109375056112246,0.0717815198097661,0.7482949549720435,0.7482949549720435,0.7721629411022255,0.02386798613018204,0.021455081893941075,positive
3.4000000000000004,-1.8,0.9706877692486436,0.02931223075135636,0.08865798983210738,0.059345759080751015,0.7482949549720435,0.7482949549720435,0.7684129505668204,0.020117995594776894,0.018334374545892818,positive
3.4000000000000004,-1.6,0.9706877692486436,0.02931223075135636,0.07689329491526431,0.04758106416390795,0.7482949549720435,0.7482949549720435,0.76478058876752,0.016485633795476518,0.015217999094175871,positive
3.4000000000000004,-1.4000000000000001,0.9706877692486436,0.02931223075135636,0.066124826981101,0.03681259622974464,0.7482949549720435,0.7482949549720435,0.7613747017793112,0.013079746807267756,0.012214850812680589,positive
3.4000000000000004,-1.2000000000000002,0.9706877692486436,0.02931223075135636,0.056661608647391226,0.027349377896034865,0.7482949549720435,0.7482949549720435,0.758305653908409,0.010010698936365525,0.009443476630946357,positive
3.4000000000000004,-1.0000000000000002,0.9706877692486436,0.02931223075135636,0.04874078567996887,0.019428554928612507,0.7482949549720435,0.7482949549720435,0.7556620083798381,0.007367053407794644,0.007007977436552459,positive
3.4000000000000004,-0.8000000000000003,0.9706877692486436,0.02931223075135636,0.04247509073107403,0.013162859979717667,0.7482949549720435,0.7482949549720435,0.7534836635356457,0.005188708563602207,0.004968317696586122,positive
3.4000000000000004,-0.6000000000000003,0.9706877692486436,0.02931223075135636,0.037835650261653586,0.008523419510297225,0.7482949549720435,0.7482949549720435,0.7517464809649567,0.003451525992913207,0.0033209352625763744,positive
3.4000000000000004,-0.40000000000000036,0.9706877692486436,0.02931223075135636,0.03469120678310955,0.005378976031753191,0.7482949549720435,0.7482949549720435,0.7503720401157373,0.0020770851436938687,0.002005028553467847,positive
3.4000000000000004,-0.2000000000000004,0.9706877692486436,0.02931223075135636,0.032883774686478184,0.0035715439351218237,0.7482949549720435,0.7482949549720435,0.749256311860412,0.0009613568883685142,0.000929743845058173,positive
3.4000000000000004,-4.440892098500626e-16,0.9706877692486436,0.02931223075135636,0.03229546469845057,0.0029832339470942104,0.7482949549720435,0.7482949549720435,0.7482949549720436,1.1102230246251565e-16,1.1102230246251565e-16,zero
3.4000000000000004,0.1999999999999993,0.9706877692486436,0.02931223075135636,0.032883774686478184,0.0035715439351218237,0.7482949549720435,0.7482949549720435,0.7473930213725234,-0.0009019335995200661,-0.0008722746182512342,negative
3.4000000000000004,0.39999999999999947,0.9706877692486436,0.02931223075135636,0.03469120678310955,0.005378976031753191,0.7482949549720435,0.7482949549720435,0.7464635714629939,-0.0018313835090495445,-0.001767850605037924,negative
3.4000000000000004,0.5999999999999996,0.9706877692486436,0.02931223075135636,0.037835650261653475,0.008523419510297114,0.7482949549720435,0.7482949549720435,0.7454240768671506,-0.002870878104892838,-0.0027622565649723096,negative
3.4000000000000004,0.7999999999999994,0.9706877692486436,0.02931223075135636,0.04247509073107403,0.013162859979717667,0.7482949549720435,0.7482949549720435,0.7441976844995305,-0.004097270472512959,-0.003923238537443252,negative
3.4000000000000004,0.9999999999999991,0.9706877692486436,0.02931223075135636,0.048740785679968646,0.019428554928612285,0.7482949549720435,0.7482949549720435,0.7427227158130394,-0.0055722391590040665,-0.005300643844397546,negative
3.4000000000000004,1.1999999999999993,0.9706877692486436,0.02931223075135636,0.056661608647391226,0.027349377896034865,0.7482949549720435,0.7482949549720435,0.7409658111341388,-0.007329143837904617,-0.006913862758040845,negative
3.4000000000000004,1.3999999999999995,0.9706877692486436,0.02931223075135636,0.06612482698110089,0.03681259622974453,0.7482949549720435,0.7482949549720435,0.7389284776859678,-0.009366477286075647,-0.00874712059611149,negative
3.4000000000000004,1.5999999999999992,0.9706877692486436,0.02931223075135636,0.07689329491526431,0.04758106416390795,0.7482949549720435,0.7482949549720435,0.736642369808908,-0.011652585163135498,-0.010756579495661223,negative
3.4000000000000004,1.799999999999999,0.9706877692486436,0.02931223075135636,0.08865798983210726,0.059345759080750904,0.7482949549720435,0.7482949549720435,0.7341576665255046,-0.014137288446538832,-0.012883904871192065,negative
3.4000000000000004,1.9999999999999991,0.9706877692486436,0.02931223075135636,0.10109375056112258,0.07178151980976621,0.7482949549720435,0.7482949549720435,0.7315311467595158,-0.016763808212527653,-0.015069091966635861,negative
3.6,-2.0,0.9706877692486436,0.02931223075135636,0.08876803088430218,0.059455800132945824,0.7482949549720435,0.7482949549720435,0.7697000356620481,0.021405080690004685,0.019504993826233386,positive
3.6,-1.8,0.9706877692486436,0.02931223075135636,0.07700390688449898,0.047691676133142624,0.7482949549720435,0.7482949549720435,0.7661309992820545,0.017836044310011068,0.01646259921477511,positive
3.6,-1.6,0.9706877692486436,0.02931223075135636,0.06604155449071059,0.036729323739354225,0.7482949549720435,0.7482949549720435,0.7627281389752258,0.014433184003182387,0.013479994095361825,positive
3.6,-1.4000000000000001,0.9706877692486436,0.02931223075135636,0.05617657177881319,0.02686434102745683,0.7482949549720435,0.7482949549720435,0.7595959610089269,0.011301006036883443,0.010666154260079663,positive
3.6,-1.2000000000000002,0.9706877692486436,0.02931223075135636,0.047665574947031386,0.018353344195675025,0.7482949549720435,0.7482949549720435,0.7568321496900245,0.00853719471798109,0.008130264423313771,positive
3.6,-1.0000000000000002,0.9706877692486436,0.02931223075135636,0.040674392331742526,0.011362161580386165,0.7482949549720435,0.7482949549720435,0.7545042203837182,0.006209265411674769,0.005956707314228371,positive
3.6,-0.8000000000000003,0.9706877692486436,0.02931223075135636,0.03523982879045795,0.005927598039101589,0.7482949549720435,0.7482949549720435,0.7526273610975257,0.004332406125482247,0.004179732875369546,positive
3.6,-0.6000000000000003,0.9706877692486436,0.02931223075135636,0.03127293122469865,0.0019607004733422917,0.7482949549720435,0.7482949549720435,0.7511580231556648,0.0028630681836213645,0.0027735316492233375,positive
3.6,-0.40000000000000036,0.9706877692486436,0.02931223075135636,0.028611301455627736,-0.0007009292957286251,0.7482949549720435,0.7482949549720435,0.7500109390438354,0.001715984071791965,0.00166688753422084,positive
3.6,-0.2000000000000004,0.9706877692486436,0.02931223075135636,0.02709061083033304,-0.002221619921023321,0.7482949549720435,0.7482949549720435,0.7490874178456524,0.0007924628736089012,0.0007709945703024967,positive
3.6,-4.440892098500626e-16,0.9706877692486436,0.02931223075135636,0.026596993576865846,-0.0027152371744905146,0.7482949549720435,0.7482949549720435,0.7482949549720432,-2.220446049250313e-16,-2.220446049250313e-16,zero
3.6,0.1999999999999993,0.9706877692486436,0.02931223075135636,0.02709061083033304,-0.002221619921023321,0.7482949549720435,0.7482949549720435,0.7475520795632694,-0.0007428754087740463,-0.0007227504601795554,negative
3.6,0.39999999999999947,0.9706877692486436,0.02931223075135636,0.028611301455627736,-0.0007009292957286251,0.7482949549720435,0.7482949549720435,0.7467847110250023,-0.0015102439470411344,-0.0014670339022008205,negative
3.6,0.5999999999999996,0.9706877692486436,0.02931223075135636,0.03127293122469865,0.0019607004733422917,0.7482949549720435,0.7482949549720435,0.745921236085149,-0.002373718886894416,-0.0022994857393978663,negative
3.6,0.7999999999999994,0.9706877692486436,0.02931223075135636,0.03523982879045784,0.005927598039101478,0.7482949549720435,0.7482949549720435,0.7448916583014422,-0.0034032966706012413,-0.0032833650786061597,negative
3.6,0.9999999999999991,0.9706877692486436,0.02931223075135636,0.040674392331742526,0.011362161580386165,0.7482949549720435,0.7482949549720435,0.7436344158434206,-0.004660539128622854,-0.004470974531627814,negative
3.6,1.1999999999999993,0.9706877692486436,0.02931223075135636,0.047665574947031386,0.018353344195675025,0.7482949549720435,0.7482949549720435,0.74210886693196,-0.006186088040083471,-0.005891224596979883,negative
3.6,1.3999999999999995,0.9706877692486436,0.02931223075135636,0.0561765717788133,0.02686434102745694,0.7482949549720435,0.7482949549720435,0.7403047248756758,-0.007990230096367679,-0.007541366361829893,negative
3.6,1.5999999999999992,0.9706877692486436,0.02931223075135636,0.06604155449071047,0.036729323739354114,0.7482949549720435,0.7482949549720435,0.7382416825216321,-0.010053272450411321,-0.00938933871006753,negative
3.6,1.799999999999999,0.9706877692486436,0.02931223075135636,0.07700390688449887,0.04769167613314251,0.7482949549720435,0.7482949549720435,0.7359608013004509,-0.012334153671592518,-0.01138437565076611,negative
3.6,1.9999999999999991,0.9706877692486436,0.02931223075135636,0.08876803088430218,0.059455800132945824,0.7482949549720435,0.7482949549720435,0.7335135038479497,-0.014781451124093792,-0.013469330814195435,negative
3.8000000000000003,-2.0,0.9706877692486436,0.02931223075135636,0.07764832552162382,0.04833609477026746,0.7482949549720435,0.7482949549720435,0.7674136506905455,0.019118695718502,0.017634161009802862,positive
3.8000000000000003,-1.8,0.9706877692486436,0.02931223075135636,0.06661748958810909,0.03730525883675273,0.7482949549720435,0.7482949549720435,0.7640384838203352,0.015743528848291777,0.014694734479160587,positive
3.8000000000000003,-1.6,0.9706877692486436,0.02931223075135636,0.05649721537450758,0.02718498462315122,0.7482949549720435,0.7482949549720435,0.7608727705522577,0.012577815580214202,0.011867204024437972,positive
3.8000000000000003,-1.4000000000000001,0.9706877692486436,0.02931223075135636,0.04754623214142406,0.0182340013900677,0.7482949549720435,0.7482949549720435,0.7580136867892521,0.009718731817208615,0.009256642738107335,positive
3.8000000000000003,-1.2000000000000002,0.9706877692486436,0.02931223075135636,0.039964875037242886,0.010652644285886526,0.7482949549720435,0.7482949549720435,0.7555437174378485,0.007248762465805081,0.006959066579684592,positive
3.8000000000000003,-1.0000000000000002,0.9706877692486436,0.02931223075135636,0.03385058628102744,0.004538355529671079,0.7482949549720435,0.7482949549720435,0.7535087455080672,0.005213790536023777,0.005037300669632816,positive
3.8000000000000003,-0.8000000000000003,0.9706877692486436,0.02931223075135636,0.02917549838094824,-0.00013673237040812136,0.7482949549720435,0.7482949549720435,0.7519017782347501,0.003606823262706671,0.003501592396445208,positive
3.8000000000000003,-0.6000000000000003,0.9706877692486436,0.02931223075135636,0.025807079809109457,-0.003505150942246904,0.7482949549720435,0.7482949549720435,0.7506648185060565,0.002369863534013028,0.0023087042766540833,positive
3.8000000000000003,-0.40000000000000036,0.9706877692486436,0.02931223075135636,0.023566921171770394,-0.0057453095795859666,0.7482949549720435,0.7482949549720435,0.749710421787709,0.0014154668156655115,0.0013821086207994604,positive
3.8000000000000003,-0.2000000000000004,0.9706877692486436,0.02931223075135636,0.022293626371387543,-0.007018604379968818,0.7482949549720435,0.7482949549720435,0.7489474162736734,0.0006524613016299918,0.0006379155731497388,positive
3.8000000000000003,-4.440892098500626e-16,0.9706877692486436,0.02931223075135636,0.02188127093613046,-0.0074309598152259015,0.7482949549720435,0.7482949549720435,0.7482949549720432,-2.220446049250313e-16,-2.220446049250313e-16,zero
3.8000000000000003,0.1999999999999993,0.9706877692486436,0.02931223075135636,0.022293626371387654,-0.007018604379968707,0.7482949549720435,0.7482949549720435,0.747683732443158,-0.0006112225288854578,-0.0005975961621967896,negative
3.8000000000000003,0.39999999999999947,0.9706877692486436,0.02931223075135636,0.023566921171770172,-0.005745309579586189,0.7482949549720435,0.7482949549720435,0.7470510870576775,-0.001243867914365926,-0.0012145537772799697,negative
3.8000000000000003,0.5999999999999996,0.9706877692486436,0.02931223075135636,0.025807079809109457,-0.003505150942246904,0.7482949549720435,0.7482949549720435,0.7463354980914793,-0.001959456880564203,-0.0019088890204650433,negative
3.8000000000000003,0.7999999999999994,0.9706877692486436,0.02931223075135636,0.02917549838094824,-0.00013673237040812136,0.7482949549720435,0.7482949549720435,0.7454743087541904,-0.002820646217853051,-0.002738352458690807,negative
3.8000000000000003,0.9999999999999991,0.9706877692486436,0.02931223075135636,0.03385058628102744,0.004538355529671079,0.7482949549720435,0.7482949549720435,0.7444080591661824,-0.0038868958058611014,-0.0037553221040195206,negative
3.8000000000000003,1.1999999999999993,0.9706877692486436,0.02931223075135636,0.039964875037242886,0.010652644285886526,0.7482949549720435,0.7482949549720435,0.7430914225351058,-0.005203532436937608,-0.004995573913343154,negative
3.8000000000000003,1.3999999999999995,0.9706877692486436,0.02931223075135636,0.04754623214142395,0.01823400139006759,0.7482949549720435,0.7482949549720435,0.7415041668682715,-0.006790788103771983,-0.006467911716166896,negative
3.8000000000000003,1.5999999999999992,0.9706877692486436,0.02931223075135636,0.05649721537450758,0.02718498462315122,0.7482949549720435,0.7482949549720435,0.7396544824317354,-0.008640472540308086,-0.00815230990226079,negative
3.8000000000000003,1.799999999999999,0.9706877692486436,0.02931223075135636,0.06661748958810887,0.03730525883675251,0.7482949549720435,0.7482949549720435,0.737573639152469,-0.010721315819574473,-0.010007088674593212,negative
3.8000000000000003,1.9999999999999991,0.9706877692486436,0.02931223075135636,0.07764832552162382,0.04833609477026746,0.7482949549720435,0.7482949549720435,0.7353064799685125,-0.012988475003530953,-0.011979941668427307,negative
4.0,-2.0,0.9706877692486436,0.02931223075135636,0.06766764161830585,0.03835541086694949,0.7482949549720435,0.7482949549720435,0.7653021827850649,0.01700722781302144,0.01585638881644902,positive
4.0,-1.8,0.9706877692486436,0.02931223075135636,0.05741092692230554,0.028098696170949178,0.7482949549720435,0.7482949549720435,0.7621308244664454,0.013835869494401964,0.013041539401952296,positive
4.0,-1.6,0.9706877692486436,0.02931223075135636,0.04814978094476907,0.01883755019341271,0.7482949549720435,0.7482949549720435,0.7592062026230523,0.010911247651008815,0.010385873466778661,positive
4.0,-1.4000000000000001,0.9706877692486436,0.02931223075135636,0.040100833274463676,0.010788602523107316,0.7482949549720435,0.7482949549720435,0.7566155821553029,0.008320627183259433,0.00798696309984459,positive
4.0,-1.2000000000000002,0.9706877692486436,0.02931223075135636,0.03340724073691437,0.004095009985558007,0.7482949549720435,0.7482949549720435,0.754424581616728,0.006129626644684527,0.0059248527317381505,positive
4.0,-1.0000000000000002,0.9706877692486436,0.02931223075135636,0.02810398430184813,-0.0012082464495082323,0.7482949549720435,0.7482949549720435,0.7526580032394768,0.004363048267433389,0.004240429227417297,positive
4.0,-0.8000000000000003,0.9706877692486436,0.02931223075135636,0.024111170385927583,-0.005201060365428778,0.7482949549720435,0.7482949549720435,0.7512900244123475,0.0029950694403040323,0.002922854810711195,positive
4.0,-0.6000000000000003,0.9706877692486436,0.02931223075135636,0.021267822522225366,-0.008044408229130995,0.7482949549720435,0.7482949549720435,0.7502530105635787,0.0019580555915352793,0.0019164120127258544,positive
4.0,-0.40000000000000036,0.9706877692486436,0.02931223075135636,0.019391352561356823,-0.009920878189999538,0.7482949549720435,0.7482949549720435,0.7494610227286467,0.0011660677566032174,0.001143456125624498,positive
4.0,-0.2000000000000004,0.9706877692486436,0.02931223075135636,0.018329441316144335,-0.010982789435212026,0.7482949549720435,0.7482949549720435,0.7488316168152914,0.0005366618432479653,0.0005268251314854977,positive
4.0,-4.440892098500626e-16,0.9706877692486436,0.02931223075135636,0.01798620996209155,-0.011326020789264812,0.7482949549720435,0.7482949549720435,0.7482949549720435,0.0,0.0,zero
4.0,0.1999999999999993,0.9706877692486436,0.02931223075135636,0.018329441316144335,-0.010982789435212026,0.7482949549720435,0.7482949549720435,0.7477924927260905,-0.0005024622459529615,-0.000493252393702126,negative
4.0,0.39999999999999947,0.9706877692486436,0.02931223075135636,0.01939135256135671,-0.009920878189999649,0.7482949549720435,0.7482949549720435,0.7472715427392308,-0.0010234122328126594,-0.0010035668853906055,negative
4.0,0.5999999999999996,0.9706877692486436,0.02931223075135636,0.021267822522225366,-0.008044408229130995,0.7482949549720435,0.7482949549720435,0.7466796939254641,-0.001615261046579386,-0.0015809079613136046,negative
4.0,0.7999999999999994,0.9706877692486436,0.02931223075135636,0.024111170385927583,-0.005201060365428778,0.7482949549720435,0.7482949549720435,0.7459616735631415,-0.002333281408901988,-0.0022770232632935983,negative
4.0,0.9999999999999991,0.9706877692486436,0.02931223075135636,0.028103984301848017,-0.0012082464495083434,0.7482949549720435,0.7482949549720435,0.7450615696812819,-0.003233385290761559,-0.003142514281308184,negative
4.0,1.1999999999999993,0.9706877692486436,0.02931223075135636,0.03340724073691426,0.004095009985557896,0.7482949549720435,0.7482949549720435,0.7439317358199656,-0.004363219152077824,-0.0042174560394764304,negative
4.0,1.3999999999999995,0.9706877692486436,0.02931223075135636,0.04010083327446379,0.010788602523107427,0.7482949549720435,0.7482949549720435,0.7425440867303011,-0.005750868241742313,-0.005520253633196748,negative
4.0,1.5999999999999992,0.9706877692486436,0.02931223075135636,0.04814978094476907,0.01883755019341271,0.7482949549720435,0.7482949549720435,0.7408962741403575,-0.007398680831685933,-0.007042435970359917,negative
4.0,1.799999999999999,0.9706877692486436,0.02931223075135636,0.05741092692230554,0.028098696170949178,0.7482949549720435,0.7482949549720435,0.7390095885470961,-0.009285366424947372,-0.0087522849316779,negative
4.0,1.9999999999999991,0.9706877692486436,0.02931223075135636,0.06766764161830563,0.03835541086694927,0.7482949549720435,0.7482949549720435,0.7369214028735017,-0.01137355209854174,-0.010603930651210458,negative
