treatment_pass_if_correct,treatment_pass_if_incorrect,control_pass_if_correct,control_pass_if_incorrect,latent_control_accuracy,latent_treatment_accuracy,latent_effect,accepted_control_accuracy,accepted_treatment_accuracy,accepted_effect,distortion,treatment_acceptance_odds_multiplier,zero_effect_boundary_lambda1,sign_reversed_relative_to_latent
0.05,0.05,0.98,0.9,0.7482949549720435,0.7952747143846035,0.04697975941256005,0.7639929867375802,0.7952747143846035,0.031281727647023305,-0.015698031765536746,1.0,0.8333333725671745,False
0.05,0.1,0.98,0.9,0.7482949549720435,0.7952747143846035,0.04697975941256005,0.7639929867375802,0.660129511582686,-0.10386347515489425,-0.1508432345674543,0.5,0.8333333725671745,True
0.05,0.15000000000000002,0.98,0.9,0.7482949549720435,0.7952747143846035,0.04697975941256005,0.7639929867375802,0.5642444869067919,-0.19974849983078835,-0.2467282592433484,0.3333333333333333,0.8333333725671745,True
0.05,0.2,0.98,0.9,0.7482949549720435,0.7952747143846035,0.04697975941256005,0.7639929867375802,0.49268158175679067,-0.27131140498078954,-0.3182911643933496,0.25,0.8333333725671745,True
0.05,0.25,0.98,0.9,0.7482949549720435,0.7952747143846035,0.04697975941256005,0.7639929867375802,0.4372281130728903,-0.3267648736646899,-0.37374463307725,0.2,0.8333333725671745,True
0.05,0.3,0.98,0.9,0.7482949549720435,0.7952747143846035,0.04697975941256005,0.7639929867375802,0.39299482520612244,-0.37099816153145776,-0.4179779209440178,0.16666666666666669,0.8333333725671745,True
0.05,0.35000000000000003,0.98,0.9,0.7482949549720435,0.7952747143846035,0.04697975941256005,0.7639929867375802,0.35688922421803565,-0.40710376251954455,-0.4540835219321046,0.14285714285714285,0.8333333725671745,True
0.05,0.4,0.98,0.9,0.7482949549720435,0.7952747143846035,0.04697975941256005,0.7639929867375802,0.326859657384811,-0.4371333293527692,-0.48411308876532927,0.125,0.8333333725671745,True
0.05,0.45,0.98,0.9,0.7482949549720435,0.7952747143846035,0.04697975941256005,0.7639929867375802,0.3014914040108835,-0.4625015827266967,-0.5094813421392568,0.11111111111111112,0.8333333725671745,True
0.05,0.5,0.98,0.9,0.7482949549720435,0.7952747143846035,0.04697975941256005,0.7639929867375802,0.2797773089792492,-0.484215677758331,-0.5311954371708911,0.1,0.8333333725671745,True
0.05,0.55,0.98,0.9,0.7482949549720435,0.7952747143846035,0.04697975941256005,0.7639929867375802,0.2609808742252998,-0.5030121125122804,-0.5499918719248404,0.09090909090909091,0.8333333725671745,True
0.05,0.6000000000000001,0.98,0.9,0.7482949549720435,0.7952747143846035,0.04697975941256005,0.7639929867375802,0.24455106391087372,-0.5194419228267064,-0.5664216822392665,0.08333333333333333,0.8333333725671745,True
0.05,0.6500000000000001,0.98,0.9,0.7482949549720435,0.7952747143846035,0.04697975941256005,0.7639929867375802,0.23006738387917916,-0.5339256028584011,-0.5809053622709611,0.07692307692307691,0.8333333725671745,True
0.05,0.7000000000000001,0.98,0.9,0.7482949549720435,0.7952747143846035,0.04697975941256005,0.7639929867375802,0.2172033860883119,-0.5467896006492683,-0.5937693600618283,0.07142857142857142,0.8333333725671745,True
0.05,0.7500000000000001,0.98,0.9,0.7482949549720435,0.7952747143846035,0.04697975941256005,0.7639929867375802,0.20570176839034013,-0.55829121834724,-0.6052709777598001,0.06666666666666667,0.8333333725671745,True
0.05,0.8,0.98,0.9,0.7482949549720435,0.7952747143846035,0.04697975941256005,0.7639929867375802,0.19535698773117594,-0.5686359990064043,-0.6156157584189643,0.0625,0.8333333725671745,True
0.05,0.8500000000000001,0.98,0.9,0.7482949549720435,0.7952747143846035,0.04697975941256005,0.7639929867375802,0.18600286845824565,-0.5779901182793346,-0.6249698776918946,0.058823529411764705,0.8333333725671745,True
0.05,0.9000000000000001,0.98,0.9,0.7482949549720435,0.7952747143846035,0.04697975941256005,0.7639929867375802,0.17750360800223777,-0.5864893787353425,-0.6334691381479025,0.05555555555555555,0.8333333725671745,True
0.05,0.9500000000000001,0.98,0.9,0.7482949549720435,0.7952747143846035,0.04697975941256005,0.7639929867375802,0.16974714073520225,-0.594245846002378,-0.641225605414938,0.05263157894736842,0.8333333725671745,True
0.05,1.0,0.98,0.9,0.7482949549720435,0.7952747143846035,0.04697975941256005,0.7639929867375802,0.16264016888024777,-0.6013528178573324,-0.6483325772698925,0.05,0.8333333725671745,True
0.1,0.05,0.98,0.9,0.7482949549720435,0.7952747143846035,0.04697975941256005,0.7639929867375802,0.8859643685865793,0.12197138184899914,0.07499162243643909,2.0,0.8333333725671745,False
0.1,0.1,0.98,0.9,0.7482949549720435,0.7952747143846035,0.04697975941256005,0.7639929867375802,0.7952747143846035,0.031281727647023305,-0.015698031765536746,1.0,0.8333333725671745,False
0.1,0.15000000000000002,0.98,0.9,0.7482949549720435,0.7952747143846035,0.04697975941256005,0.7639929867375802,0.7214274899220576,-0.042565496815522574,-0.08954525622808263,0.6666666666666666,0.8333333725671745,True
0.1,0.2,0.98,0.9,0.7482949549720435,0.7952747143846035,0.04697975941256005,0.7639929867375802,0.660129511582686,-0.10386347515489425,-0.1508432345674543,0.5,0.8333333725671745,True
0.1,0.25,0.98,0.9,0.7482949549720435,0.7952747143846035,0.04697975941256005,0.7639929867375802,0.6084324528526891,-0.1555605338848911,-0.20254029329745116,0.4,0.8333333725671745,True
0.1,0.3,0.98,0.9,0.7482949549720435,0.7952747143846035,0.04697975941256005,0.7639929867375802,0.5642444869067919,-0.19974849983078835,-0.2467282592433484,0.33333333333333337,0.8333333725671745,True
0.1,0.35000000000000003,0.98,0.9,0.7482949549720435,0.7952747143846035,0.04697975941256005,0.7639929867375802,0.5260403249553524,-0.23795266178222785,-0.2849324211947879,0.2857142857142857,0.8333333725671745,True
0.1,0.4,0.98,0.9,0.7482949549720435,0.7952747143846035,0.04697975941256005,0.7639929867375802,0.49268158175679067,-0.27131140498078954,-0.3182911643933496,0.25,0.8333333725671745,True
0.1,0.45,0.98,0.9,0.7482949549720435,0.7952747143846035,0.04697975941256005,0.7639929867375802,0.4633014141803156,-0.3006915725572646,-0.34767133196982464,0.22222222222222224,0.8333333725671745,True
0.1,0.5,0.98,0.9,0.7482949549720435,0.7952747143846035,0.04697975941256005,0.7639929867375802,0.4372281130728903,-0.3267648736646899,-0.37374463307725,0.2,0.8333333725671745,True
0.1,0.55,0.98,0.9,0.7482949549720435,0.7952747143846035,0.04697975941256005,0.7639929867375802,0.41393312073133043,-0.3500598660062498,-0.3970396254188098,0.18181818181818182,0.8333333725671745,True
0.1,0.6000000000000001,0.98,0.9,0.7482949549720435,0.7952747143846035,0.04697975941256005,0.7639929867375802,0.39299482520612233,-0.37099816153145787,-0.4179779209440179,0.16666666666666666,0.8333333725671745,True
0.1,0.6500000000000001,0.98,0.9,0.7482949549720435,0.7952747143846035,0.04697975941256005,0.7639929867375802,0.3740728140496359,-0.3899201726879443,-0.4368999321005044,0.15384615384615383,0.8333333725671745,True
0.1,0.7000000000000001,0.98,0.9,0.7482949549720435,0.7952747143846035,0.04697975941256005,0.7639929867375802,0.35688922421803565,-0.40710376251954455,-0.4540835219321046,0.14285714285714285,0.8333333725671745,True
0.1,0.7500000000000001,0.98,0.9,0.7482949549720435,0.7952747143846035,0.04697975941256005,0.7639929867375802,0.3412150065350906,-0.4227779802024896,-0.46975773961504963,0.13333333333333333,0.8333333725671745,True
0.1,0.8,0.98,0.9,0.7482949549720435,0.7952747143846035,0.04697975941256005,0.7639929867375802,0.326859657384811,-0.4371333293527692,-0.48411308876532927,0.125,0.8333333725671745,True
0.1,0.8500000000000001,0.98,0.9,0.7482949549720435,0.7952747143846035,0.04697975941256005,0.7639929867375802,0.3136634377622402,-0.45032954897534,-0.49730930838790005,0.11764705882352941,0.8333333725671745,True
0.1,0.9000000000000001,0.98,0.9,0.7482949549720435,0.7952747143846035,0.04697975941256005,0.7639929867375802,0.30149140401088337,-0.46250158272669684,-0.5094813421392569,0.1111111111111111,0.8333333725671745,True
0.1,0.9500000000000001,0.98,0.9,0.7482949549720435,0.7952747143846035,0.04697975941256005,0.7639929867375802,0.2902287765003876,-0.4737642102371926,-0.5207439696497527,0.10526315789473684,0.8333333725671745,True
0.1,1.0,0.98,0.9,0.7482949549720435,0.7952747143846035,0.04697975941256005,0.7639929867375802,0.2797773089792492,-0.484215677758331,-0.5311954371708911,0.1,0.8333333725671745,True
0.15000000000000002,0.05,0.98,0.9,0.7482949549720435,0.7952747143846035,0.04697975941256005,0.7639929867375802,0.920972252703681,0.1569792659661008,0.10999950655354074,3.0000000000000004,0.8333333725671745,False
0.15000000000000002,0.1,0.98,0.9,0.7482949549720435,0.7952747143846035,0.04697975941256005,0.7639929867375802,0.8535204539561917,0.08952746721861149,0.04254770780605144,1.5000000000000002,0.8333333725671745,False
0.15000000000000002,0.15000000000000002,0.98,0.9,0.7482949549720435,0.7952747143846035,0.04697975941256005,0.7639929867375802,0.7952747143846035,0.031281727647023305,-0.015698031765536746,1.0,0.8333333725671745,False
0.15000000000000002,0.2,0.98,0.9,0.7482949549720435,0.7952747143846035,0.04697975941256005,0.7639929867375802,0.7444707207393803,-0.01952226599819995,-0.06650202541076,0.7500000000000001,0.8333333725671745,True
0.15000000000000002,0.25,0.98,0.9,0.7482949549720435,0.7952747143846035,0.04697975941256005,0.7639929867375802,0.699767922516777,-0.06422506422080321,-0.11120482363336326,0.6000000000000001,0.8333333725671745,True
0.15000000000000002,0.3,0.98,0.9,0.7482949549720435,0.7952747143846035,0.04697975941256005,0.7639929867375802,0.660129511582686,-0.10386347515489425,-0.1508432345674543,0.5000000000000001,0.8333333725671745,True
0.15000000000000002,0.35000000000000003,0.98,0.9,0.7482949549720435,0.7952747143846035,0.04697975941256005,0.7639929867375802,0.6247410064183953,-0.13925198031918495,-0.186231739731745,0.4285714285714286,0.8333333725671745,True
0.15000000000000002,0.4,0.98,0.9,0.7482949549720435,0.7952747143846035,0.04697975941256005,0.7639929867375802,0.5929536913530192,-0.17103929538456097,-0.21801905479712103,0.37500000000000006,0.8333333725671745,True
0.15000000000000002,0.45,0.98,0.9,0.7482949549720435,0.7952747143846035,0.04697975941256005,0.7639929867375802,0.5642444869067919,-0.19974849983078835,-0.2467282592433484,0.33333333333333337,0.8333333725671745,True
0.15000000000000002,0.5,0.98,0.9,0.7482949549720435,0.7952747143846035,0.04697975941256005,0.7639929867375802,0.5381869395741055,-0.22580604716347474,-0.2727858065760348,0.30000000000000004,0.8333333725671745,True
0.15000000000000002,0.55,0.98,0.9,0.7482949549720435,0.7952747143846035,0.04697975941256005,0.7639929867375802,0.5144298951487823,-0.24956309158879786,-0.2965428510013579,0.27272727272727276,0.8333333725671745,True
0.15000000000000002,0.6000000000000001,0.98,0.9,0.7482949549720435,0.7952747143846035,0.04697975941256005,0.7639929867375802,0.49268158175679067,-0.27131140498078954,-0.3182911643933496,0.25,0.8333333725671745,True
0.15000000000000002,0.6500000000000001,0.98,0.9,0.7482949549720435,0.7952747143846035,0.04697975941256005,0.7639929867375802,0.4726975666069209,-0.2912954201306593,-0.33827517954321934,0.23076923076923075,0.8333333725671745,True
0.15000000000000002,0.7000000000000001,0.98,0.9,0.7482949549720435,0.7952747143846035,0.04697975941256005,0.7639929867375802,0.45427152946033394,-0.30972145727724626,-0.3567012166898063,0.2142857142857143,0.8333333725671745,True
0.15000000000000002,0.7500000000000001,0.98,0.9,0.7482949549720435,0.7952747143846035,0.04697975941256005,0.7639929867375802,0.43722811307289017,-0.32676487366469004,-0.3737446330772501,0.2,0.8333333725671745,True
0.15000000000000002,0.8,0.98,0.9,0.7482949549720435,0.7952747143846035,0.04697975941256005,0.7639929867375802,0.42141732486630457,-0.34257566187127564,-0.3895554212838357,0.18750000000000003,0.8333333725671745,True
0.15000000000000002,0.8500000000000001,0.98,0.9,0.7482949549720435,0.7952747143846035,0.04697975941256005,0.7639929867375802,0.40671011086938397,-0.35728287586819624,-0.4042626352807563,0.17647058823529413,0.8333333725671745,True
0.15000000000000002,0.9000000000000001,0.98,0.9,0.7482949549720435,0.7952747143846035,0.04697975941256005,0.7639929867375802,0.3929948252061224,-0.3709981615314578,-0.41797792094401787,0.16666666666666666,0.8333333725671745,True
0.15000000000000002,0.9500000000000001,0.98,0.9,0.7482949549720435,0.7952747143846035,0.04697975941256005,0.7639929867375802,0.38017439062643593,-0.3838185961111443,-0.4307983555237043,0.15789473684210528,0.8333333725671745,True
0.15000000000000002,1.0,0.98,0.9,0.7482949549720435,0.7952747143846035,0.04697975941256005,0.7639929867375802,0.3681639972605707,-0.3958289894770095,-0.44280874888956956,0.15000000000000002,0.8333333725671745,True
0.2,0.05,0.98,0.9,0.7482949549720435,0.7952747143846035,0.04697975941256005,0.7639929867375802,0.9395345780053715,0.17554159126779134,0.1285618318552313,4.0,0.8333333725671745,False
0.2,0.1,0.98,0.9,0.7482949549720435,0.7952747143846035,0.04697975941256005,0.7639929867375802,0.8859643685865793,0.12197138184899914,0.07499162243643909,2.0,0.8333333725671745,False
0.2,0.15000000000000002,0.98,0.9,0.7482949549720435,0.7952747143846035,0.04697975941256005,0.7639929867375802,0.8381735439286173,0.07418055719103711,0.02720079777847706,1.3333333333333333,0.8333333725671745,False
0.2,0.2,0.98,0.9,0.7482949549720435,0.7952747143846035,0.04697975941256005,0.7639929867375802,0.7952747143846035,0.031281727647023305,-0.015698031765536746,1.0,0.8333333725671745,False
0.2,0.25,0.98,0.9,0.7482949549720435,0.7952747143846035,0.04697975941256005,0.7639929867375802,0.7565533159612433,-0.007439670776336893,-0.054419430188896945,0.8,0.8333333725671745,True
0.2,0.3,0.98,0.9,0.7482949549720435,0.7952747143846035,0.04697975941256005,0.7639929867375802,0.7214274899220576,-0.042565496815522574,-0.08954525622808263,0.6666666666666667,0.8333333725671745,True
0.2,0.35000000000000003,0.98,0.9,0.7482949549720435,0.7952747143846035,0.04697975941256005,0.7639929867375802,0.6894186429454185,-0.07457434379216166,-0.12155410320472171,0.5714285714285714,0.8333333725671745,True
0.2,0.4,0.98,0.9,0.7482949549720435,0.7952747143846035,0.04697975941256005,0.7639929867375802,0.660129511582686,-0.10386347515489425,-0.1508432345674543,0.5,0.8333333725671745,True
0.2,0.45,0.98,0.9,0.7482949549720435,0.7952747143846035,0.04697975941256005,0.7639929867375802,0.6332275902840414,-0.1307653964535388,-0.17774515586609885,0.4444444444444445,0.8333333725671745,True
0.2,0.5,0.98,0.9,0.7482949549720435,0.7952747143846035,0.04697975941256005,0.7639929867375802,0.6084324528526891,-0.1555605338848911,-0.20254029329745116,0.4,0.8333333725671745,True
0.2,0.55,0.98,0.9,0.7482949549720435,0.7952747143846035,0.04697975941256005,0.7639929867375802,0.5855059403619194,-0.17848704637566082,-0.22546680578822087,0.36363636363636365,0.8333333725671745,True
0.2,0.6000000000000001,0.98,0.9,0.7482949549720435,0.7952747143846035,0.04697975941256005,0.7639929867375802,0.5642444869067919,-0.19974849983078835,-0.2467282592433484,0.3333333333333333,0.8333333725671745,True
0.2,0.6500000000000001,0.98,0.9,0.7482949549720435,0.7952747143846035,0.04697975941256005,0.7639929867375802,0.5444730588143681,-0.21951992792321207,-0.2664996873357721,0.30769230769230765,0.8333333725671745,True
0.2,0.7000000000000001,0.98,0.9,0.7482949549720435,0.7952747143846035,0.04697975941256005,0.7639929867375802,0.5260403249553524,-0.23795266178222785,-0.2849324211947879,0.2857142857142857,0.8333333725671745,True
0.2,0.7500000000000001,0.98,0.9,0.7482949549720435,0.7952747143846035,0.04697975941256005,0.7639929867375802,0.5088147759643536,-0.25517821077322655,-0.3021579701857866,0.26666666666666666,0.8333333725671745,True
0.2,0.8,0.98,0.9,0.7482949549720435,0.7952747143846035,0.04697975941256005,0.7639929867375802,0.49268158175679067,-0.27131140498078954,-0.3182911643933496,0.25,0.8333333725671745,True
0.2,0.8500000000000001,0.98,0.9,0.7482949549720435,0.7952747143846035,0.04697975941256005,0.7639929867375802,0.4775400285122499,-0.2864529582253303,-0.33343271763789034,0.23529411764705882,0.8333333725671745,True
0.2,0.9000000000000001,0.98,0.9,0.7482949549720435,0.7952747143846035,0.04697975941256005,0.7639929867375802,0.4633014141803156,-0.3006915725572646,-0.34767133196982464,0.2222222222222222,0.8333333725671745,True
0.2,0.9500000000000001,0.98,0.9,0.7482949549720435,0.7952747143846035,0.04697975941256005,0.7639929867375802,0.4498873095786985,-0.3141056771588817,-0.36108543657144176,0.21052631578947367,0.8333333725671745,True
0.2,1.0,0.98,0.9,0.7482949549720435,0.7952747143846035,0.04697975941256005,0.7639929867375802,0.4372281130728903,-0.3267648736646899,-0.37374463307725,0.2,0.8333333725671745,True
0.25,0.05,0.98,0.9,0.7482949549720435,0.7952747143846035,0.04697975941256005,0.7639929867375802,0.9510355309474967,0.1870425442099165,0.14006278479735645,5.0,0.8333333725671745,False
0.25,0.1,0.98,0.9,0.7482949549720435,0.7952747143846035,0.04697975941256005,0.7639929867375802,0.9066422734094486,0.14264928667186838,0.09566952725930833,2.5,0.8333333725671745,False
0.25,0.15000000000000002,0.98,0.9,0.7482949549720435,0.7952747143846035,0.04697975941256005,0.7639929867375802,0.8662086387748886,0.10221565203730842,0.05523589262474837,1.6666666666666665,0.8333333725671745,False
0.25,0.2,0.98,0.9,0.7482949549720435,0.7952747143846035,0.04697975941256005,0.7639929867375802,0.8292274809605608,0.06523449422298055,0.018254734810420503,1.25,0.8333333725671745,False
0.25,0.25,0.98,0.9,0.7482949549720435,0.7952747143846035,0.04697975941256005,0.7639929867375802,0.7952747143846035,0.031281727647023305,-0.015698031765536746,1.0,0.8333333725671745,False
0.25,0.3,0.98,0.9,0.7482949549720435,0.7952747143846035,0.04697975941256005,0.7639929867375802,0.7639929782485837,-8.488996505739976e-09,-0.04697976790155656,0.8333333333333334,0.8333333725671745,True
0.25,0.35000000000000003,0.98,0.9,0.7482949549720435,0.7952747143846035,0.04697975941256005,0.7639929867375802,0.7350790102548783,-0.028913976482701886,-0.07589373589526194,0.7142857142857142,0.8333333725671745,True
0.25,0.4,0.98,0.9,0.7482949549720435,0.7952747143846035,0.04697975941256005,0.7639929867375802,0.7082737828873032,-0.055719203850276955,-0.102698963262837,0.625,0.8333333725671745,True
0.25,0.45,0.98,0.9,0.7482949549720435,0.7952747143846035,0.04697975941256005,0.7639929867375802,0.6833547218918522,-0.080638264845728,-0.12761802425828805,0.5555555555555556,0.8333333725671745,True
0.25,0.5,0.98,0.9,0.7482949549720435,0.7952747143846035,0.04697975941256005,0.7639929867375802,0.660129511582686,-0.10386347515489425,-0.1508432345674543,0.5,0.8333333725671745,True
0.25,0.55,0.98,0.9,0.7482949549720435,0.7952747143846035,0.04697975941256005,0.7639929867375802,0.6384311218618847,-0.12556186487569554,-0.1725416242882556,0.45454545454545453,0.8333333725671745,True
0.25,0.6000000000000001,0.98,0.9,0.7482949549720435,0.7952747143846035,0.04697975941256005,0.7639929867375802,0.6181137847955015,-0.1458792019420787,-0.19285896135463876,0.41666666666666663,0.8333333725671745,True
0.25,0.6500000000000001,0.98,0.9,0.7482949549720435,0.7952747143846035,0.04697975941256005,0.7639929867375802,0.5990497157402211,-0.16494327099735906,-0.2119230304099191,0.3846153846153845,0.8333333725671745,True
0.25,0.7000000000000001,0.98,0.9,0.7482949549720435,0.7952747143846035,0.04697975941256005,0.7639929867375802,0.5811264230843343,-0.18286656365324594,-0.229846323065806,0.3571428571428571,0.8333333725671745,True
0.25,0.7500000000000001,0.98,0.9,0.7482949549720435,0.7952747143846035,0.04697975941256005,0.7639929867375802,0.5642444869067919,-0.19974849983078835,-0.2467282592433484,0.33333333333333326,0.8333333725671745,True
0.25,0.8,0.98,0.9,0.7482949549720435,0.7952747143846035,0.04697975941256005,0.7639929867375802,0.5483157138905618,-0.21567727284701843,-0.2626570322595785,0.3125,0.8333333725671745,True
0.25,0.8500000000000001,0.98,0.9,0.7482949549720435,0.7952747143846035,0.04697975941256005,0.7639929867375802,0.533261596179322,-0.2307313905582582,-0.27771114997081825,0.2941176470588235,0.8333333725671745,True
0.25,0.9000000000000001,0.98,0.9,0.7482949549720435,0.7952747143846035,0.04697975941256005,0.7639929867375802,0.5190120173246252,-0.244980969412955,-0.29196072882551505,0.27777777777777773,0.8333333725671745,True
0.25,0.9500000000000001,0.98,0.9,0.7482949549720435,0.7952747143846035,0.04697975941256005,0.7639929867375802,0.5055041603079297,-0.25848882642965054,-0.3054685858422106,0.2631578947368421,0.8333333725671745,True
0.25,1.0,0.98,0.9,0.7482949549720435,0.7952747143846035,0.04697975941256005,0.7639929867375802,0.49268158175679067,-0.27131140498078954,-0.3182911643933496,0.25,0.8333333725671745,True
0.3,0.05,0.98,0.9,0.7482949549720435,0.7952747143846035,0.04697975941256005,0.7639929867375802,0.9588605472124384,0.1948675604748582,0.14788780106229815,5.999999999999999,0.8333333725671745,False
0.3,0.1,0.98,0.9,0.7482949549720435,0.7952747143846035,0.04697975941256005,0.7639929867375802,0.9209722527036809,0.15697926596610068,0.10999950655354063,2.9999999999999996,0.8333333725671745,False
0.3,0.15000000000000002,0.98,0.9,0.7482949549720435,0.7952747143846035,0.04697975941256005,0.7639929867375802,0.8859643685865795,0.12197138184899925,0.0749916224364392,1.9999999999999996,0.8333333725671745,False
0.3,0.2,0.98,0.9,0.7482949549720435,0.7952747143846035,0.04697975941256005,0.7639929867375802,0.8535204539561916,0.08952746721861138,0.04254770780605133,1.4999999999999998,0.8333333725671745,False
0.3,0.25,0.98,0.9,0.7482949549720435,0.7952747143846035,0.04697975941256005,0.7639929867375802,0.8233687825813998,0.05937579584381958,0.012396036431259527,1.2,0.8333333725671745,False
0.3,0.3,0.98,0.9,0.7482949549720435,0.7952747143846035,0.04697975941256005,0.7639929867375802,0.7952747143846035,0.031281727647023305,-0.015698031765536746,1.0,0.8333333725671745,False
0.3,0.35000000000000003,0.98,0.9,0.7482949549720435,0.7952747143846035,0.04697975941256005,0.7639929867375802,0.7690345771423399,0.00504159040475971,-0.04193816900780034,0.857142857142857,0.8333333725671745,False
0.3,0.4,0.98,0.9,0.7482949549720435,0.7952747143846035,0.04697975941256005,0.7639929867375802,0.7444707207393803,-0.01952226599819995,-0.06650202541076,0.7499999999999999,0.8333333725671745,True
0.3,0.45,0.98,0.9,0.7482949549720435,0.7952747143846035,0.04697975941256005,0.7639929867375802,0.7214274899220576,-0.042565496815522574,-0.08954525622808263,0.6666666666666666,0.8333333725671745,True
0.3,0.5,0.98,0.9,0.7482949549720435,0.7952747143846035,0.04697975941256005,0.7639929867375802,0.6997679225167769,-0.06422506422080332,-0.11120482363336337,0.6,0.8333333725671745,True
0.3,0.55,0.98,0.9,0.7482949549720435,0.7952747143846035,0.04697975941256005,0.7639929867375802,0.6793710250922419,-0.0846219616453383,-0.13160172105789836,0.5454545454545454,0.8333333725671745,True
0.3,0.6000000000000001,0.98,0.9,0.7482949549720435,0.7952747143846035,0.04697975941256005,0.7639929867375802,0.660129511582686,-0.10386347515489425,-0.1508432345674543,0.4999999999999999,0.8333333725671745,True
0.3,0.6500000000000001,0.98,0.9,0.7482949549720435,0.7952747143846035,0.04697975941256005,0.7639929867375802,0.6419479156144882,-0.12204507112309204,-0.1690248305356521,0.46153846153846145,0.8333333725671745,True
0.3,0.7000000000000001,0.98,0.9,0.7482949549720435,0.7952747143846035,0.04697975941256005,0.7639929867375802,0.6247410064183953,-0.13925198031918495,-0.186231739731745,0.4285714285714285,0.8333333725671745,True
0.3,0.7500000000000001,0.98,0.9,0.7482949549720435,0.7952747143846035,0.04697975941256005,0.7639929867375802,0.608432452852689,-0.15556053388489122,-0.20254029329745127,0.3999999999999999,0.8333333725671745,True
0.3,0.8,0.98,0.9,0.7482949549720435,0.7952747143846035,0.04697975941256005,0.7639929867375802,0.5929536913530192,-0.17103929538456097,-0.21801905479712103,0.37499999999999994,0.8333333725671745,True
0.3,0.8500000000000001,0.98,0.9,0.7482949549720435,0.7952747143846035,0.04697975941256005,0.7639929867375802,0.5782429623940448,-0.18575002434353538,-0.23272978375609543,0.3529411764705882,0.8333333725671745,True
0.3,0.9000000000000001,0.98,0.9,0.7482949549720435,0.7952747143846035,0.04697975941256005,0.7639929867375802,0.5642444869067919,-0.19974849983078835,-0.2467282592433484,0.33333333333333326,0.8333333725671745,True
0.3,0.9500000000000001,0.98,0.9,0.7482949549720435,0.7952747143846035,0.04697975941256005,0.7639929867375802,0.5509077594953515,-0.21308522724222867,-0.2600649866547887,0.3157894736842105,0.8333333725671745,True
0.3,1.0,0.98,0.9,0.7482949549720435,0.7952747143846035,0.04697975941256005,0.7639929867375802,0.5381869395741055,-0.22580604716347474,-0.2727858065760348,0.3,0.8333333725671745,True
0.35000000000000003,0.05,0.98,0.9,0.7482949549720435,0.7952747143846035,0.04697975941256005,0.7639929867375802,0.9645291474012585,0.2005361606636783,0.15355640125111825,7.0,0.8333333725671745,False
0.35000000000000003,0.1,0.98,0.9,0.7482949549720435,0.7952747143846035,0.04697975941256005,0.7639929867375802,0.9314884576234675,0.16749547088588734,0.12051571147332729,3.5,0.8333333725671745,False
0.35000000000000003,0.15000000000000002,0.98,0.9,0.7482949549720435,0.7952747143846035,0.04697975941256005,0.7639929867375802,0.9006364610886063,0.13664347435102608,0.08966371493846603,2.333333333333333,0.8333333725671745,False
0.35000000000000003,0.2,0.98,0.9,0.7482949549720435,0.7952747143846035,0.04697975941256005,0.7639929867375802,0.8717626536365674,0.10776966689898715,0.0607899074864271,1.75,0.8333333725671745,False
0.35000000000000003,0.25,0.98,0.9,0.7482949549720435,0.7952747143846035,0.04697975941256005,0.7639929867375802,0.8446826870596514,0.08068970032207123,0.03370994090951118,1.4000000000000001,0.8333333725671745,False
0.35000000000000003,0.3,0.98,0.9,0.7482949549720435,0.7952747143846035,0.04697975941256005,0.7639929867375802,0.8192344290228417,0.05524144228526151,0.008261682872701459,1.1666666666666667,0.8333333725671745,False
0.35000000000000003,0.35000000000000003,0.98,0.9,0.7482949549720435,0.7952747143846035,0.04697975941256005,0.7639929867375802,0.7952747143846035,0.031281727647023305,-0.015698031765536746,1.0,0.8333333725671745,False
0.35000000000000003,0.4,0.98,0.9,0.7482949549720435,0.7952747143846035,0.04697975941256005,0.7639929867375802,0.7726766503931624,0.008683663655582152,-0.0382960957569779,0.875,0.8333333725671745,False
0.35000000000000003,0.45,0.98,0.9,0.7482949549720435,0.7952747143846035,0.04697975941256005,0.7639929867375802,0.7513273686320707,-0.01266561810550948,-0.05964537751806953,0.7777777777777778,0.8333333725671745,True
0.35000000000000003,0.5,0.98,0.9,0.7482949549720435,0.7952747143846035,0.04697975941256005,0.7639929867375802,0.7311261396316184,-0.03286684710596177,-0.07984660651852182,0.7000000000000001,0.8333333725671745,True
0.35000000000000003,0.55,0.98,0.9,0.7482949549720435,0.7952747143846035,0.04697975941256005,0.7639929867375802,0.7119827836753564,-0.052010203062223814,-0.09898996247478387,0.6363636363636364,0.8333333725671745,True
0.35000000000000003,0.6000000000000001,0.98,0.9,0.7482949549720435,0.7952747143846035,0.04697975941256005,0.7639929867375802,0.6938163248991697,-0.07017666183841054,-0.11715642125097059,0.5833333333333333,0.8333333725671745,True
0.35000000000000003,0.6500000000000001,0.98,0.9,0.7482949549720435,0.7952747143846035,0.04697975941256005,0.7639929867375802,0.6765538463102632,-0.08743914042731704,-0.1344188998398771,0.5384615384615384,0.8333333725671745,True
0.35000000000000003,0.7000000000000001,0.98,0.9,0.7482949549720435,0.7952747143846035,0.04697975941256005,0.7639929867375802,0.6601295115826861,-0.10386347515489414,-0.1508432345674542,0.5,0.8333333725671745,True
0.35000000000000003,0.7500000000000001,0.98,0.9,0.7482949549720435,0.7952747143846035,0.04697975941256005,0.7639929867375802,0.6444837259599001,-0.11950926077768009,-0.16648902019024014,0.4666666666666666,0.8333333725671745,True
0.35000000000000003,0.8,0.98,0.9,0.7482949549720435,0.7952747143846035,0.04697975941256005,0.7639929867375802,0.6295624137198096,-0.13443057301777062,-0.18141033243033067,0.4375,0.8333333725671745,True
0.35000000000000003,0.8500000000000001,0.98,0.9,0.7482949549720435,0.7952747143846035,0.04697975941256005,0.7639929867375802,0.6153163937388562,-0.14867659299872404,-0.1956563524112841,0.4117647058823529,0.8333333725671745,True
0.35000000000000003,0.9000000000000001,0.98,0.9,0.7482949549720435,0.7952747143846035,0.04697975941256005,0.7639929867375802,0.6017008379602157,-0.16229214877736453,-0.20927190818992458,0.3888888888888889,0.8333333725671745,True
0.35000000000000003,0.9500000000000001,0.98,0.9,0.7482949549720435,0.7952747143846035,0.04697975941256005,0.7639929867375802,0.5886748002027332,-0.175318186534847,-0.22229794594740704,0.368421052631579,0.8333333725671745,True
0.35000000000000003,1.0,0.98,0.9,0.7482949549720435,0.7952747143846035,0.04697975941256005,0.7639929867375802,0.576200804876977,-0.1877921818606032,-0.23477194127316325,0.35000000000000003,0.8333333725671745,True
0.4,0.05,0.98,0.9,0.7482949549720435,0.7952747143846035,0.04697975941256005,0.7639929867375802,0.9688247775108957,0.20483179077331548,0.15785203136075543,8.0,0.8333333725671745,False
0.4,0.1,0.98,0.9,0.7482949549720435,0.7952747143846035,0.04697975941256005,0.7639929867375802,0.9395345780053715,0.17554159126779134,0.1285618318552313,4.0,0.8333333725671745,False
0.4,0.15000000000000002,0.98,0.9,0.7482949549720435,0.7952747143846035,0.04697975941256005,0.7639929867375802,0.9119634505643461,0.14797046382676593,0.10099070441420588,2.6666666666666665,0.8333333725671745,False
0.4,0.2,0.98,0.9,0.7482949549720435,0.7952747143846035,0.04697975941256005,0.7639929867375802,0.8859643685865793,0.12197138184899914,0.07499162243643909,2.0,0.8333333725671745,False
0.4,0.25,0.98,0.9,0.7482949549720435,0.7952747143846035,0.04697975941256005,0.7639929867375802,0.8614066070032524,0.09741362026567224,0.05043386085311219,1.6,0.8333333725671745,False
0.4,0.3,0.98,0.9,0.7482949549720435,0.7952747143846035,0.04697975941256005,0.7639929867375802,0.8381735439286174,0.07418055719103722,0.02720079777847717,1.3333333333333335,0.8333333725671745,False
0.4,0.35000000000000003,0.98,0.9,0.7482949549720435,0.7952747143846035,0.04697975941256005,0.7639929867375802,0.816160808718733,0.05216782198115277,0.005188062568592722,1.1428571428571428,0.8333333725671745,False
0.4,0.4,0.98,0.9,0.7482949549720435,0.7952747143846035,0.04697975941256005,0.7639929867375802,0.7952747143846035,0.031281727647023305,-0.015698031765536746,1.0,0.8333333725671745,False
0.4,0.45,0.98,0.9,0.7482949549720435,0.7952747143846035,0.04697975941256005,0.7639929867375802,0.7754309246930051,0.011437937955424915,-0.035541821457135137,0.888888888888889,0.8333333725671745,False
0.4,0.5,0.98,0.9,0.7482949549720435,0.7952747143846035,0.04697975941256005,0.7639929867375802,0.7565533159612433,-0.007439670776336893,-0.054419430188896945,0.8,0.8333333725671745,True
0.4,0.55,0.98,0.9,0.7482949549720435,0.7952747143846035,0.04697975941256005,0.7639929867375802,0.7385730011560441,-0.02541998558153613,-0.07239974499409618,0.7272727272727273,0.8333333725671745,True
0.4,0.6000000000000001,0.98,0.9,0.7482949549720435,0.7952747143846035,0.04697975941256005,0.7639929867375802,0.7214274899220576,-0.042565496815522574,-0.08954525622808263,0.6666666666666666,0.8333333725671745,True
0.4,0.6500000000000001,0.98,0.9,0.7482949549720435,0.7952747143846035,0.04697975941256005,0.7639929867375802,0.7050599629524635,-0.05893302378511667,-0.10591278319767672,0.6153846153846153,0.8333333725671745,True
0.4,0.7000000000000001,0.98,0.9,0.7482949549720435,0.7952747143846035,0.04697975941256005,0.7639929867375802,0.6894186429454185,-0.07457434379216166,-0.12155410320472171,0.5714285714285714,0.8333333725671745,True
0.4,0.7500000000000001,0.98,0.9,0.7482949549720435,0.7952747143846035,0.04697975941256005,0.7639929867375802,0.6744562474729828,-0.08953673926459738,-0.13651649867715743,0.5333333333333333,0.8333333725671745,True
0.4,0.8,0.98,0.9,0.7482949549720435,0.7952747143846035,0.04697975941256005,0.7639929867375802,0.660129511582686,-0.10386347515489425,-0.1508432345674543,0.5,0.8333333725671745,True
0.4,0.8500000000000001,0.98,0.9,0.7482949549720435,0.7952747143846035,0.04697975941256005,0.7639929867375802,0.6463987699786243,-0.11759421675895587,-0.16457397617151592,0.47058823529411764,0.8333333725671745,True
0.4,0.9000000000000001,0.98,0.9,0.7482949549720435,0.7952747143846035,0.04697975941256005,0.7639929867375802,0.6332275902840414,-0.1307653964535388,-0.17774515586609885,0.4444444444444444,0.8333333725671745,True
0.4,0.9500000000000001,0.98,0.9,0.7482949549720435,0.7952747143846035,0.04697975941256005,0.7639929867375802,0.620582450244943,-0.14341053649263724,-0.1903902959051973,0.42105263157894735,0.8333333725671745,True
0.4,1.0,0.98,0.9,0.7482949549720435,0.7952747143846035,0.04697975941256005,0.7639929867375802,0.6084324528526891,-0.1555605338848911,-0.20254029329745116,0.4,0.8333333725671745,True
0.45,0.05,0.98,0.9,0.7482949549720435,0.7952747143846035,0.04697975941256005,0.7639929867375802,0.9721923678854555,0.20819938114787528,0.16121962173531523,9.0,0.8333333725671745,False
0.45,0.1,0.98,0.9,0.7482949549720435,0.7952747143846035,0.04697975941256005,0.7639929867375802,0.9458894227953243,0.18189643605774408,0.13491667664518403,4.5,0.8333333725671745,False
0.45,0.15000000000000002,0.98,0.9,0.7482949549720435,0.7952747143846035,0.04697975941256005,0.7639929867375802,0.920972252703681,0.1569792659661008,0.10999950655354074,2.9999999999999996,0.8333333725671745,False
0.45,0.2,0.98,0.9,0.7482949549720435,0.7952747143846035,0.04697975941256005,0.7639929867375802,0.8973341537883665,0.13334116705078625,0.0863614076382262,2.25,0.8333333725671745,False
0.45,0.25,0.98,0.9,0.7482949549720435,0.7952747143846035,0.04697975941256005,0.7639929867375802,0.8748791029295815,0.11088611619200128,0.06390635677944123,1.8,0.8333333725671745,False
0.45,0.3,0.98,0.9,0.7482949549720435,0.7952747143846035,0.04697975941256005,0.7639929867375802,0.8535204539561917,0.08952746721861149,0.04254770780605144,1.5,0.8333333725671745,False
0.45,0.35000000000000003,0.98,0.9,0.7482949549720435,0.7952747143846035,0.04697975941256005,0.7639929867375802,0.8331798203141128,0.06918683357653255,0.022207074163972496,1.2857142857142856,0.8333333725671745,False
0.45,0.4,0.98,0.9,0.7482949549720435,0.7952747143846035,0.04697975941256005,0.7639929867375802,0.8137861137816924,0.049793127044112206,0.002813367631552155,1.125,0.8333333725671745,False
0.45,0.45,0.98,0.9,0.7482949549720435,0.7952747143846035,0.04697975941256005,0.7639929867375802,0.7952747143846035,0.031281727647023305,-0.015698031765536746,1.0,0.8333333725671745,False
0.45,0.5,0.98,0.9,0.7482949549720435,0.7952747143846035,0.04697975941256005,0.7639929867375802,0.7775867510838926,0.013593764346312431,-0.03338599506624762,0.9,0.8333333725671745,False
0.45,0.55,0.98,0.9,0.7482949549720435,0.7952747143846035,0.04697975941256005,0.7639929867375802,0.7606684763662248,-0.0033245103713553936,-0.050304269783915445,0.8181818181818181,0.8333333725671745,True
0.45,0.6000000000000001,0.98,0.9,0.7482949549720435,0.7952747143846035,0.04697975941256005,0.7639929867375802,0.7444707207393803,-0.01952226599819995,-0.06650202541076,0.7499999999999999,0.8333333725671745,True
0.45,0.6500000000000001,0.98,0.9,0.7482949549720435,0.7952747143846035,0.04697975941256005,0.7639929867375802,0.7289484154707624,-0.035044571266817814,-0.08202433067937787,0.6923076923076922,0.8333333725671745,True
0.45,0.7000000000000001,0.98,0.9,0.7482949549720435,0.7952747143846035,0.04697975941256005,0.7639929867375802,0.714060173812222,-0.04993281292535823,-0.09691257233791828,0.6428571428571428,0.8333333725671745,True
0.45,0.7500000000000001,0.98,0.9,0.7482949549720435,0.7952747143846035,0.04697975941256005,0.7639929867375802,0.6997679225167769,-0.06422506422080332,-0.11120482363336337,0.6,0.8333333725671745,True
0.45,0.8,0.98,0.9,0.7482949549720435,0.7952747143846035,0.04697975941256005,0.7639929867375802,0.6860365767391846,-0.07795640999839559,-0.12493616941095564,0.5625,0.8333333725671745,True
0.45,0.8500000000000001,0.98,0.9,0.7482949549720435,0.7952747143846035,0.04697975941256005,0.7639929867375802,0.6728337524758878,-0.09115923426169237,-0.13813899367425242,0.5294117647058824,0.8333333725671745,True
0.45,0.9000000000000001,0.98,0.9,0.7482949549720435,0.7952747143846035,0.04697975941256005,0.7639929867375802,0.660129511582686,-0.10386347515489425,-0.1508432345674543,0.49999999999999994,0.8333333725671745,True
0.45,0.9500000000000001,0.98,0.9,0.7482949549720435,0.7952747143846035,0.04697975941256005,0.7639929867375802,0.647896135144069,-0.11609685159351124,-0.1630766110060713,0.47368421052631576,0.8333333725671745,True
0.45,1.0,0.98,0.9,0.7482949549720435,0.7952747143846035,0.04697975941256005,0.7639929867375802,0.6361079215832824,-0.12788506515429776,-0.1748648245668578,0.45,0.8333333725671745,True
0.5,0.05,0.98,0.9,0.7482949549720435,0.7952747143846035,0.04697975941256005,0.7639929867375802,0.974903343237053,0.21091035649947276,0.1639305970869127,10.0,0.8333333725671745,False
0.5,0.1,0.98,0.9,0.7482949549720435,0.7952747143846035,0.04697975941256005,0.7639929867375802,0.9510355309474967,0.1870425442099165,0.14006278479735645,5.0,0.8333333725671745,False
0.5,0.15000000000000002,0.98,0.9,0.7482949549720435,0.7952747143846035,0.04697975941256005,0.7639929867375802,0.9283084653852307,0.1643154786476505,0.11733571923509045,3.333333333333333,0.8333333725671745,False
0.5,0.2,0.98,0.9,0.7482949549720435,0.7952747143846035,0.04697975941256005,0.7639929867375802,0.9066422734094486,0.14264928667186838,0.09566952725930833,2.5,0.8333333725671745,False
0.5,0.25,0.98,0.9,0.7482949549720435,0.7952747143846035,0.04697975941256005,0.7639929867375802,0.8859643685865795,0.12197138184899925,0.0749916224364392,2.0,0.8333333725671745,False
0.5,0.3,0.98,0.9,0.7482949549720435,0.7952747143846035,0.04697975941256005,0.7639929867375802,0.8662086387748886,0.10221565203730842,0.05523589262474837,1.6666666666666667,0.8333333725671745,False
0.5,0.35000000000000003,0.98,0.9,0.7482949549720435,0.7952747143846035,0.04697975941256005,0.7639929867375802,0.847314740032383,0.08332175329480285,0.036341993882242796,1.4285714285714284,0.8333333725671745,False
0.5,0.4,0.98,0.9,0.7482949549720435,0.7952747143846035,0.04697975941256005,0.7639929867375802,0.8292274809605608,0.06523449422298055,0.018254734810420503,1.25,0.8333333725671745,False
0.5,0.45,0.98,0.9,0.7482949549720435,0.7952747143846035,0.04697975941256005,0.7639929867375802,0.8118962842529805,0.047903297515400345,0.0009235381028402934,1.1111111111111112,0.8333333725671745,False
0.5,0.5,0.98,0.9,0.7482949549720435,0.7952747143846035,0.04697975941256005,0.7639929867375802,0.7952747143846035,0.031281727647023305,-0.015698031765536746,1.0,0.8333333725671745,False
0.5,0.55,0.98,0.9,0.7482949549720435,0.7952747143846035,0.04697975941256005,0.7639929867375802,0.7793200621535834,0.0153270754160032,-0.03165268399655685,0.9090909090909091,0.8333333725671745,False
0.5,0.6000000000000001,0.98,0.9,0.7482949549720435,0.7952747143846035,0.04697975941256005,0.7639929867375802,0.7639929782485837,-8.488996505739976e-09,-0.04697976790155656,0.8333333333333333,0.8333333725671745,True
0.5,0.6500000000000001,0.98,0.9,0.7482949549720435,0.7952747143846035,0.04697975941256005,0.7639929867375802,0.749257149222422,-0.014735837515158168,-0.06171559692771822,0.769230769230769,0.8333333725671745,True
0.5,0.7000000000000001,0.98,0.9,0.7482949549720435,0.7952747143846035,0.04697975941256005,0.7639929867375802,0.7350790102548783,-0.028913976482701886,-0.07589373589526194,0.7142857142857142,0.8333333725671745,True
0.5,0.7500000000000001,0.98,0.9,0.7482949549720435,0.7952747143846035,0.04697975941256005,0.7639929867375802,0.7214274899220576,-0.042565496815522574,-0.08954525622808263,0.6666666666666665,0.8333333725671745,True
0.5,0.8,0.98,0.9,0.7482949549720435,0.7952747143846035,0.04697975941256005,0.7639929867375802,0.7082737828873032,-0.055719203850276955,-0.102698963262837,0.625,0.8333333725671745,True
0.5,0.8500000000000001,0.98,0.9,0.7482949549720435,0.7952747143846035,0.04697975941256005,0.7639929867375802,0.6955911470138388,-0.06840183972374136,-0.11538159913630142,0.588235294117647,0.8333333725671745,True
0.5,0.9000000000000001,0.98,0.9,0.7482949549720435,0.7952747143846035,0.04697975941256005,0.7639929867375802,0.683354721891852,-0.08063826484572822,-0.12761802425828828,0.5555555555555555,0.8333333725671745,True
0.5,0.9500000000000001,0.98,0.9,0.7482949549720435,0.7952747143846035,0.04697975941256005,0.7639929867375802,0.671541366188634,-0.09245162054894618,-0.13943137996150623,0.5263157894736842,0.8333333725671745,True
0.5,1.0,0.98,0.9,0.7482949549720435,0.7952747143846035,0.04697975941256005,0.7639929867375802,0.660129511582686,-0.10386347515489425,-0.1508432345674543,0.5,0.8333333725671745,True
0.55,0.05,0.98,0.9,0.7482949549720435,0.7952747143846035,0.04697975941256005,0.7639929867375802,0.9771326853840475,0.2131396986464673,0.16615993923390726,11.0,0.8333333725671745,False
0.55,0.1,0.98,0.9,0.7482949549720435,0.7952747143846035,0.04697975941256005,0.7639929867375802,0.9552878182943245,0.19129483155674432,0.14431507214418426,5.5,0.8333333725671745,False
0.55,0.15000000000000002,0.98,0.9,0.7482949549720435,0.7952747143846035,0.04697975941256005,0.7639929867375802,0.9343983244599583,0.1704053377223781,0.12342557830981804,3.6666666666666665,0.8333333725671745,False
0.55,0.2,0.98,0.9,0.7482949549720435,0.7952747143846035,0.04697975941256005,0.7639929867375802,0.9144028709750948,0.15040988423751456,0.1034301248249545,2.75,0.8333333725671745,False
0.55,0.25,0.98,0.9,0.7482949549720435,0.7952747143846035,0.04697975941256005,0.7639929867375802,0.8952452648637258,0.1312522781261456,0.08427251871358554,2.2,0.8333333725671745,False
0.55,0.3,0.98,0.9,0.7482949549720435,0.7952747143846035,0.04697975941256005,0.7639929867375802,0.8768739256968696,0.11288093895928941,0.06590117954672936,1.8333333333333335,0.8333333725671745,False
0.55,0.35000000000000003,0.98,0.9,0.7482949549720435,0.7952747143846035,0.04697975941256005,0.7639929867375802,0.8592414218385985,0.09524843510101832,0.048268675688458273,1.5714285714285714,0.8333333725671745,False
0.55,0.4,0.98,0.9,0.7482949549720435,0.7952747143846035,0.04697975941256005,0.7639929867375802,0.8423040615411549,0.07831107480357469,0.031331315391014636,1.375,0.8333333725671745,False
0.55,0.45,0.98,0.9,0.7482949549720435,0.7952747143846035,0.04697975941256005,0.7639929867375802,0.826021531467164,0.062028544729583746,0.015048785317023694,1.2222222222222223,0.8333333725671745,False
0.55,0.5,0.98,0.9,0.7482949549720435,0.7952747143846035,0.04697975941256005,0.7639929867375802,0.8103565763429791,0.04636358960539888,-0.000616169807161171,1.1,0.8333333725671745,False
0.55,0.55,0.98,0.9,0.7482949549720435,0.7952747143846035,0.04697975941256005,0.7639929867375802,0.7952747143846035,0.031281727647023305,-0.015698031765536746,1.0,0.8333333725671745,False
0.55,0.6000000000000001,0.98,0.9,0.7482949549720435,0.7952747143846035,0.04697975941256005,0.7639929867375802,0.7807439839209026,0.016750997183322403,-0.03022876222923765,0.9166666666666666,0.8333333725671745,False
0.55,0.6500000000000001,0.98,0.9,0.7482949549720435,0.7952747143846035,0.04697975941256005,0.7639929867375802,0.766734717295589,0.002741730558008748,-0.0442380288545513,0.846153846153846,0.8333333725671745,False
0.55,0.7000000000000001,0.98,0.9,0.7482949549720435,0.7952747143846035,0.04697975941256005,0.7639929867375802,0.7532193386820432,-0.010773648055537044,-0.057753407468097095,0.7857142857142857,0.8333333725671745,True
0.55,0.7500000000000001,0.98,0.9,0.7482949549720435,0.7952747143846035,0.04697975941256005,0.7639929867375802,0.7401721829114684,-0.023820803826111847,-0.0708005632386719,0.7333333333333333,0.8333333725671745,True
0.55,0.8,0.98,0.9,0.7482949549720435,0.7952747143846035,0.04697975941256005,0.7639929867375802,0.7275693328098324,-0.03642365392774782,-0.08340341334030787,0.6875,0.8333333725671745,True
0.55,0.8500000000000001,0.98,0.9,0.7482949549720435,0.7952747143846035,0.04697975941256005,0.7639929867375802,0.7153884728744977,-0.04860451386308251,-0.09558427327564256,0.6470588235294118,0.8333333725671745,True
0.55,0.9000000000000001,0.98,0.9,0.7482949549720435,0.7952747143846035,0.04697975941256005,0.7639929867375802,0.7036087574071722,-0.06038422933040799,-0.10736398874296804,0.611111111111111,0.8333333725671745,True
0.55,0.9500000000000001,0.98,0.9,0.7482949549720435,0.7952747143846035,0.04697975941256005,0.7639929867375802,0.6922106914638932,-0.07178229527368696,-0.11876205468624701,0.5789473684210527,0.8333333725671745,True
0.55,1.0,0.98,0.9,0.7482949549720435,0.7952747143846035,0.04697975941256005,0.7639929867375802,0.6811760231918099,-0.08281696354577028,-0.12979672295833034,0.55,0.8333333725671745,True
0.6000000000000001,0.05,0.98,0.9,0.7482949549720435,0.7952747143846035,0.04697975941256005,0.7639929867375802,0.9789982738454224,0.21500528710784217,0.16802552769528212,12.000000000000002,0.8333333725671745,False
0.6000000000000001,0.1,0.98,0.9,0.7482949549720435,0.7952747143846035,0.04697975941256005,0.7639929867375802,0.9588605472124384,0.1948675604748582,0.14788780106229815,6.000000000000001,0.8333333725671745,False
0.6000000000000001,0.15000000000000002,0.98,0.9,0.7482949549720435,0.7952747143846035,0.04697975941256005,0.7639929867375802,0.9395345780053717,0.17554159126779145,0.1285618318552314,4.0,0.8333333725671745,False
0.6000000000000001,0.2,0.98,0.9,0.7482949549720435,0.7952747143846035,0.04697975941256005,0.7639929867375802,0.920972252703681,0.1569792659661008,0.10999950655354074,3.0000000000000004,0.8333333725671745,False
0.6000000000000001,0.25,0.98,0.9,0.7482949549720435,0.7952747143846035,0.04697975941256005,0.7639929867375802,0.9031291864235288,0.1391361996859486,0.09215644027338854,2.4000000000000004,0.8333333725671745,False
0.6000000000000001,0.3,0.98,0.9,0.7482949549720435,0.7952747143846035,0.04697975941256005,0.7639929867375802,0.8859643685865795,0.12197138184899925,0.0749916224364392,2.0000000000000004,0.8333333725671745,False
0.6000000000000001,0.35000000000000003,0.98,0.9,0.7482949549720435,0.7952747143846035,0.04697975941256005,0.7639929867375802,0.8694398482415439,0.10544686150396365,0.0584671020914036,1.7142857142857144,0.8333333725671745,False
0.6000000000000001,0.4,0.98,0.9,0.7482949549720435,0.7952747143846035,0.04697975941256005,0.7639929867375802,0.8535204539561917,0.08952746721861149,0.04254770780605144,1.5000000000000002,0.8333333725671745,False
0.6000000000000001,0.45,0.98,0.9,0.7482949549720435,0.7952747143846035,0.04697975941256005,0.7639929867375802,0.8381735439286173,0.07418055719103711,0.02720079777847706,1.3333333333333335,0.8333333725671745,False
0.6000000000000001,0.5,0.98,0.9,0.7482949549720435,0.7952747143846035,0.04697975941256005,0.7639929867375802,0.8233687825813999,0.05937579584381969,0.012396036431259638,1.2000000000000002,0.8333333725671745,False
0.6000000000000001,0.55,0.98,0.9,0.7482949549720435,0.7952747143846035,0.04697975941256005,0.7639929867375802,0.8090779404210888,0.04508495368350862,-0.0018948057290514297,1.090909090909091,0.8333333725671745,False
0.6000000000000001,0.6000000000000001,0.98,0.9,0.7482949549720435,0.7952747143846035,0.04697975941256005,0.7639929867375802,0.7952747143846035,0.031281727647023305,-0.015698031765536746,1.0,0.8333333725671745,False
0.6000000000000001,0.6500000000000001,0.98,0.9,0.7482949549720435,0.7952747143846035,0.04697975941256005,0.7639929867375802,0.7819345662669737,0.01794157952939346,-0.029038179883166593,0.923076923076923,0.8333333725671745,False
0.6000000000000001,0.7000000000000001,0.98,0.9,0.7482949549720435,0.7952747143846035,0.04697975941256005,0.7639929867375802,0.76903457714234,0.0050415904047598215,-0.04193816900780023,0.8571428571428572,0.8333333725671745,False
0.6000000000000001,0.7500000000000001,0.98,0.9,0.7482949549720435,0.7952747143846035,0.04697975941256005,0.7639929867375802,0.7565533159612433,-0.007439670776336893,-0.054419430188896945,0.8,0.8333333725671745,True
0.6000000000000001,0.8,0.98,0.9,0.7482949549720435,0.7952747143846035,0.04697975941256005,0.7639929867375802,0.7444707207393803,-0.01952226599819995,-0.06650202541076,0.7500000000000001,0.8333333725671745,True
0.6000000000000001,0.8500000000000001,0.98,0.9,0.7482949549720435,0.7952747143846035,0.04697975941256005,0.7639929867375802,0.7327679909522994,-0.031224995785280818,-0.07820475519784087,0.7058823529411765,0.8333333725671745,True
0.6000000000000001,0.9000000000000001,0.98,0.9,0.7482949549720435,0.7952747143846035,0.04697975941256005,0.7639929867375802,0.7214274899220575,-0.042565496815522685,-0.08954525622808274,0.6666666666666666,0.8333333725671745,True
0.6000000000000001,0.9500000000000001,0.98,0.9,0.7482949549720435,0.7952747143846035,0.04697975941256005,0.7639929867375802,0.7104326561298667,-0.05356033060771348,-0.10054009002027353,0.6315789473684211,0.8333333725671745,True
0.6000000000000001,1.0,0.98,0.9,0.7482949549720435,0.7952747143846035,0.04697975941256005,0.7639929867375802,0.699767922516777,-0.06422506422080321,-0.11120482363336326,0.6000000000000001,0.8333333725671745,True
0.6500000000000001,0.05,0.98,0.9,0.7482949549720435,0.7952747143846035,0.04697975941256005,0.7639929867375802,0.9805824218065589,0.21658943506897865,0.1696096756564186,13.000000000000002,0.8333333725671745,False
0.6500000000000001,0.1,0.98,0.9,0.7482949549720435,0.7952747143846035,0.04697975941256005,0.7639929867375802,0.9619045647067377,0.19791157796915748,0.15093181855659743,6.500000000000001,0.8333333725671745,False
0.6500000000000001,0.15000000000000002,0.98,0.9,0.7482949549720435,0.7952747143846035,0.04697975941256005,0.7639929867375802,0.9439249488023402,0.17993196206476003,0.13295220265219998,4.333333333333334,0.8333333725671745,False
0.6500000000000001,0.2,0.98,0.9,0.7482949549720435,0.7952747143846035,0.04697975941256005,0.7639929867375802,0.9266051386065479,0.1626121518689677,0.11563239245640766,3.2500000000000004,0.8333333725671745,False
0.6500000000000001,0.25,0.98,0.9,0.7482949549720435,0.7952747143846035,0.04697975941256005,0.7639929867375802,0.9099094687712833,0.1459164820337031,0.09893672262114306,2.6000000000000005,0.8333333725671745,False
0.6500000000000001,0.3,0.98,0.9,0.7482949549720435,0.7952747143846035,0.04697975941256005,0.7639929867375802,0.893804798941009,0.12981181220342874,0.0828320527908687,2.1666666666666674,0.8333333725671745,False
0.6500000000000001,0.35000000000000003,0.98,0.9,0.7482949549720435,0.7952747143846035,0.04697975941256005,0.7639929867375802,0.8782602941871206,0.11426730744954039,0.06728754803698034,1.8571428571428574,0.8333333725671745,False
0.6500000000000001,0.4,0.98,0.9,0.7482949549720435,0.7952747143846035,0.04697975941256005,0.7639929867375802,0.8632472279619954,0.09925424122441517,0.05227448181185512,1.6250000000000002,0.8333333725671745,False
0.6500000000000001,0.45,0.98,0.9,0.7482949549720435,0.7952747143846035,0.04697975941256005,0.7639929867375802,0.8487388049233097,0.08474581818572946,0.03776605877316941,1.4444444444444446,0.8333333725671745,False
0.6500000000000001,0.5,0.98,0.9,0.7482949549720435,0.7952747143846035,0.04697975941256005,0.7639929867375802,0.8347100013295787,0.07071701459199853,0.023737255179438477,1.3000000000000003,0.8333333725671745,False
0.6500000000000001,0.55,0.98,0.9,0.7482949549720435,0.7952747143846035,0.04697975941256005,0.7639929867375802,0.8211374210069319,0.057144434269351674,0.010164674856791622,1.1818181818181819,0.8333333725671745,False
0.6500000000000001,0.6000000000000001,0.98,0.9,0.7482949549720435,0.7952747143846035,0.04697975941256005,0.7639929867375802,0.8079991651431366,0.04400617840555643,-0.002973581007003623,1.0833333333333335,0.8333333725671745,False
0.6500000000000001,0.6500000000000001,0.98,0.9,0.7482949549720435,0.7952747143846035,0.04697975941256005,0.7639929867375802,0.7952747143846034,0.031281727647023194,-0.015698031765536857,1.0,0.8333333725671745,False
0.6500000000000001,0.7000000000000001,0.98,0.9,0.7482949549720435,0.7952747143846035,0.04697975941256005,0.7639929867375802,0.7829448219011567,0.018951835163576458,-0.028027924248983593,0.9285714285714287,0.8333333725671745,False
0.6500000000000001,0.7500000000000001,0.98,0.9,0.7482949549720435,0.7952747143846035,0.04697975941256005,0.7639929867375802,0.7709914162464387,0.006998429508858539,-0.03998132990370151,0.8666666666666667,0.8333333725671745,False
0.6500000000000001,0.8,0.98,0.9,0.7482949549720435,0.7952747143846035,0.04697975941256005,0.7639929867375802,0.7593975129828271,-0.00459547375475311,-0.05157523316731316,0.8125000000000001,0.8333333725671745,True
0.6500000000000001,0.8500000000000001,0.98,0.9,0.7482949549720435,0.7952747143846035,0.04697975941256005,0.7639929867375802,0.7481471341619437,-0.015845852575636532,-0.06282561198819658,0.7647058823529412,0.8333333725671745,True
0.6500000000000001,0.9000000000000001,0.98,0.9,0.7482949549720435,0.7952747143846035,0.04697975941256005,0.7639929867375802,0.7372252348579954,-0.0267677518795848,-0.07374751129214485,0.7222222222222222,0.8333333725671745,True
0.6500000000000001,0.9500000000000001,0.98,0.9,0.7482949549720435,0.7952747143846035,0.04697975941256005,0.7639929867375802,0.7266176360435849,-0.037375350693995335,-0.08435511010655539,0.6842105263157896,0.8333333725671745,True
0.6500000000000001,1.0,0.98,0.9,0.7482949549720435,0.7952747143846035,0.04697975941256005,0.7639929867375802,0.7163109631782394,-0.047682023559340814,-0.09466178297190087,0.6500000000000001,0.8333333725671745,True
0.7000000000000001,0.05,0.98,0.9,0.7482949549720435,0.7952747143846035,0.04697975941256005,0.7639929867375802,0.9819443490336279,0.21795136229604772,0.17097160288348767,14.0,0.8333333725671745,False
0.7000000000000001,0.1,0.98,0.9,0.7482949549720435,0.7952747143846035,0.04697975941256005,0.7639929867375802,0.9645291474012585,0.2005361606636783,0.15355640125111825,7.0,0.8333333725671745,False
0.7000000000000001,0.15000000000000002,0.98,0.9,0.7482949549720435,0.7952747143846035,0.04697975941256005,0.7639929867375802,0.9477209129964379,0.1837279262588577,0.13674816684629765,4.666666666666666,0.8333333725671745,False
0.7000000000000001,0.2,0.98,0.9,0.7482949549720435,0.7952747143846035,0.04697975941256005,0.7639929867375802,0.9314884576234675,0.16749547088588734,0.12051571147332729,3.5,0.8333333725671745,False
0.7000000000000001,0.25,0.98,0.9,0.7482949549720435,0.7952747143846035,0.04697975941256005,0.7639929867375802,0.9158026938562979,0.15180970711871766,0.10482994770615761,2.8000000000000003,0.8333333725671745,False
0.7000000000000001,0.3,0.98,0.9,0.7482949549720435,0.7952747143846035,0.04697975941256005,0.7639929867375802,0.9006364610886063,0.13664347435102608,0.08966371493846603,2.3333333333333335,0.8333333725671745,False
0.7000000000000001,0.35000000000000003,0.98,0.9,0.7482949549720435,0.7952747143846035,0.04697975941256005,0.7639929867375802,0.8859643685865795,0.12197138184899925,0.0749916224364392,2.0,0.8333333725671745,False
0.7000000000000001,0.4,0.98,0.9,0.7482949549720435,0.7952747143846035,0.04697975941256005,0.7639929867375802,0.8717626536365674,0.10776966689898715,0.0607899074864271,1.75,0.8333333725671745,False
0.7000000000000001,0.45,0.98,0.9,0.7482949549720435,0.7952747143846035,0.04697975941256005,0.7639929867375802,0.8580090531205694,0.0940160663829892,0.047036306970429154,1.5555555555555556,0.8333333725671745,False
0.7000000000000001,0.5,0.98,0.9,0.7482949549720435,0.7952747143846035,0.04697975941256005,0.7639929867375802,0.8446826870596514,0.08068970032207123,0.03370994090951118,1.4000000000000001,0.8333333725671745,False
0.7000000000000001,0.55,0.98,0.9,0.7482949549720435,0.7952747143846035,0.04697975941256005,0.7639929867375802,0.8317639528440139,0.06777096610643374,0.020791206693873687,1.2727272727272727,0.8333333725671745,False
0.7000000000000001,0.6000000000000001,0.98,0.9,0.7482949549720435,0.7952747143846035,0.04697975941256005,0.7639929867375802,0.8192344290228417,0.05524144228526151,0.008261682872701459,1.1666666666666665,0.8333333725671745,False
0.7000000000000001,0.6500000000000001,0.98,0.9,0.7482949549720435,0.7952747143846035,0.04697975941256005,0.7639929867375802,0.807076787660848,0.0430838009232678,-0.0038959584892922505,1.0769230769230769,0.8333333725671745,False
0.7000000000000001,0.7000000000000001,0.98,0.9,0.7482949549720435,0.7952747143846035,0.04697975941256005,0.7639929867375802,0.7952747143846035,0.031281727647023305,-0.015698031765536746,1.0,0.8333333725671745,False
0.7000000000000001,0.7500000000000001,0.98,0.9,0.7482949549720435,0.7952747143846035,0.04697975941256005,0.7639929867375802,0.783812835342848,0.019819848605267754,-0.027159910807292298,0.9333333333333332,0.8333333725671745,False
0.7000000000000001,0.8,0.98,0.9,0.7482949549720435,0.7952747143846035,0.04697975941256005,0.7639929867375802,0.7726766503931624,0.008683663655582152,-0.0382960957569779,0.875,0.8333333725671745,False
0.7000000000000001,0.8500000000000001,0.98,0.9,0.7482949549720435,0.7952747143846035,0.04697975941256005,0.7639929867375802,0.7618524719044395,-0.0021405148331407053,-0.04912027424570076,0.8235294117647058,0.8333333725671745,True
0.7000000000000001,0.9000000000000001,0.98,0.9,0.7482949549720435,0.7952747143846035,0.04697975941256005,0.7639929867375802,0.7513273686320706,-0.01266561810550959,-0.05964537751806964,0.7777777777777778,0.8333333725671745,True
0.7000000000000001,0.9500000000000001,0.98,0.9,0.7482949549720435,0.7952747143846035,0.04697975941256005,0.7639929867375802,0.741089114181973,-0.02290387255560722,-0.06988363196816727,0.736842105263158,0.8333333725671745,True
0.7000000000000001,1.0,0.98,0.9,0.7482949549720435,0.7952747143846035,0.04697975941256005,0.7639929867375802,0.7311261396316184,-0.03286684710596177,-0.07984660651852182,0.7000000000000001,0.8333333725671745,True
0.7500000000000001,0.05,0.98,0.9,0.7482949549720435,0.7952747143846035,0.04697975941256005,0.7639929867375802,0.9831277498006784,0.2191347630630982,0.17215500365053815,15.000000000000002,0.8333333725671745,False
0.7500000000000001,0.1,0.98,0.9,0.7482949549720435,0.7952747143846035,0.04697975941256005,0.7639929867375802,0.966815398500619,0.20282241176303883,0.15584265235047878,7.500000000000001,0.8333333725671745,False
0.7500000000000001,0.15000000000000002,0.98,0.9,0.7482949549720435,0.7952747143846035,0.04697975941256005,0.7639929867375802,0.9510355309474968,0.18704254420991662,0.14006278479735657,5.0,0.8333333725671745,False
0.7500000000000001,0.2,0.98,0.9,0.7482949549720435,0.7952747143846035,0.04697975941256005,0.7639929867375802,0.9357624930700232,0.17176950633244303,0.12478974691988298,3.7500000000000004,0.8333333725671745,False
0.7500000000000001,0.25,0.98,0.9,0.7482949549720435,0.7952747143846035,0.04697975941256005,0.7639929867375802,0.920972252703681,0.1569792659661008,0.10999950655354074,3.0000000000000004,0.8333333725671745,False
0.7500000000000001,0.3,0.98,0.9,0.7482949549720435,0.7952747143846035,0.04697975941256005,0.7639929867375802,0.9066422734094486,0.14264928667186838,0.09566952725930833,2.5000000000000004,0.8333333725671745,False
0.7500000000000001,0.35000000000000003,0.98,0.9,0.7482949549720435,0.7952747143846035,0.04697975941256005,0.7639929867375802,0.8927513998920397,0.12875841315445946,0.08177865374189941,2.142857142857143,0.8333333725671745,False
0.7500000000000001,0.4,0.98,0.9,0.7482949549720435,0.7952747143846035,0.04697975941256005,0.7639929867375802,0.879279753792396,0.11528676705481578,0.06830700764225572,1.8750000000000002,0.8333333725671745,False
0.7500000000000001,0.45,0.98,0.9,0.7482949549720435,0.7952747143846035,0.04697975941256005,0.7639929867375802,0.8662086387748887,0.10221565203730854,0.055235892624748484,1.666666666666667,0.8333333725671745,False
0.7500000000000001,0.5,0.98,0.9,0.7482949549720435,0.7952747143846035,0.04697975941256005,0.7639929867375802,0.8535204539561916,0.08952746721861138,0.04254770780605133,1.5000000000000002,0.8333333725671745,False
0.7500000000000001,0.55,0.98,0.9,0.7482949549720435,0.7952747143846035,0.04697975941256005,0.7639929867375802,0.841198614832852,0.07720562809527176,0.03022586868271171,1.3636363636363638,0.8333333725671745,False
0.7500000000000001,0.6000000000000001,0.98,0.9,0.7482949549720435,0.7952747143846035,0.04697975941256005,0.7639929867375802,0.8292274809605608,0.06523449422298055,0.018254734810420503,1.25,0.8333333725671745,False
0.7500000000000001,0.6500000000000001,0.98,0.9,0.7482949549720435,0.7952747143846035,0.04697975941256005,0.7639929867375802,0.8175922897219737,0.053599302984393526,0.006619543571833475,1.1538461538461537,0.8333333725671745,False
0.7500000000000001,0.7000000000000001,0.98,0.9,0.7482949549720435,0.7952747143846035,0.04697975941256005,0.7639929867375802,0.8062790955933415,0.04228610885576134,-0.004693650556798712,1.0714285714285714,0.8333333725671745,False
0.7500000000000001,0.7500000000000001,0.98,0.9,0.7482949549720435,0.7952747143846035,0.04697975941256005,0.7639929867375802,0.7952747143846035,0.031281727647023305,-0.015698031765536746,1.0,0.8333333725671745,False
0.7500000000000001,0.8,0.98,0.9,0.7482949549720435,0.7952747143846035,0.04697975941256005,0.7639929867375802,0.7845666719841846,0.020573685246604412,-0.02640607416595564,0.9375000000000001,0.8333333725671745,False
0.7500000000000001,0.8500000000000001,0.98,0.9,0.7482949549720435,0.7952747143846035,0.04697975941256005,0.7639929867375802,0.7741431571895585,0.010150170451978302,-0.03682958896058175,0.8823529411764707,0.8333333725671745,False
0.7500000000000001,0.9000000000000001,0.98,0.9,0.7482949549720435,0.7952747143846035,0.04697975941256005,0.7639929867375802,0.7639929782485837,-8.488996505739976e-09,-0.04697976790155656,0.8333333333333334,0.8333333725671745,True
0.7500000000000001,0.9500000000000001,0.98,0.9,0.7482949549720435,0.7952747143846035,0.04697975941256005,0.7639929867375802,0.7541055227754434,-0.0098874639621368,-0.05686722337469685,0.7894736842105263,0.8333333725671745,True
0.7500000000000001,1.0,0.98,0.9,0.7482949549720435,0.7952747143846035,0.04697975941256005,0.7639929867375802,0.7444707207393803,-0.01952226599819995,-0.06650202541076,0.7500000000000001,0.8333333725671745,True
0.8,0.05,0.98,0.9,0.7482949549720435,0.7952747143846035,0.04697975941256005,0.7639929867375802,0.9841655677817516,0.22017258104417137,0.17319282163161132,16.0,0.8333333725671745,False
0.8,0.1,0.98,0.9,0.7482949549720435,0.7952747143846035,0.04697975941256005,0.7639929867375802,0.9688247775108957,0.20483179077331548,0.15785203136075543,8.0,0.8333333725671745,False
0.8,0.15000000000000002,0.98,0.9,0.7482949549720435,0.7952747143846035,0.04697975941256005,0.7639929867375802,0.9539548993943016,0.18996191265672135,0.1429821532441613,5.333333333333333,0.8333333725671745,False
0.8,0.2,0.98,0.9,0.7482949549720435,0.7952747143846035,0.04697975941256005,0.7639929867375802,0.9395345780053715,0.17554159126779134,0.1285618318552313,4.0,0.8333333725671745,False
0.8,0.25,0.98,0.9,0.7482949549720435,0.7952747143846035,0.04697975941256005,0.7639929867375802,0.9255437299538363,0.16155074321625607,0.11457098380369601,3.2,0.8333333725671745,False
0.8,0.3,0.98,0.9,0.7482949549720435,0.7952747143846035,0.04697975941256005,0.7639929867375802,0.9119634505643461,0.14797046382676593,0.10099070441420588,2.666666666666667,0.8333333725671745,False
0.8,0.35000000000000003,0.98,0.9,0.7482949549720435,0.7952747143846035,0.04697975941256005,0.7639929867375802,0.8987759286519555,0.13478294191437534,0.08780318250181529,2.2857142857142856,0.8333333725671745,False
0.8,0.4,0.98,0.9,0.7482949549720435,0.7952747143846035,0.04697975941256005,0.7639929867375802,0.8859643685865793,0.12197138184899914,0.07499162243643909,2.0,0.8333333725671745,False
0.8,0.45,0.98,0.9,0.7482949549720435,0.7952747143846035,0.04697975941256005,0.7639929867375802,0.8735129189293436,0.10951993219176337,0.06254017277920332,1.777777777777778,0.8333333725671745,False
0.8,0.5,0.98,0.9,0.7482949549720435,0.7952747143846035,0.04697975941256005,0.7639929867375802,0.8614066070032524,0.09741362026567224,0.05043386085311219,1.6,0.8333333725671745,False
0.8,0.55,0.98,0.9,0.7482949549720435,0.7952747143846035,0.04697975941256005,0.7639929867375802,0.8496312788303263,0.0856382920927461,0.03865853268018604,1.4545454545454546,0.8333333725671745,False
0.8,0.6000000000000001,0.98,0.9,0.7482949549720435,0.7952747143846035,0.04697975941256005,0.7639929867375802,0.8381735439286173,0.07418055719103711,0.02720079777847706,1.3333333333333333,0.8333333725671745,False
0.8,0.6500000000000001,0.98,0.9,0.7482949549720435,0.7952747143846035,0.04697975941256005,0.7639929867375802,0.8270207245164436,0.06302773777886339,0.01604797836630334,1.2307692307692306,0.8333333725671745,False
0.8,0.7000000000000001,0.98,0.9,0.7482949549720435,0.7952747143846035,0.04697975941256005,0.7639929867375802,0.816160808718733,0.05216782198115277,0.005188062568592722,1.1428571428571428,0.8333333725671745,False
0.8,0.7500000000000001,0.98,0.9,0.7482949549720435,0.7952747143846035,0.04697975941256005,0.7639929867375802,0.8055824074123683,0.0415894206747881,-0.005390338737771949,1.0666666666666667,0.8333333725671745,False
0.8,0.8,0.98,0.9,0.7482949549720435,0.7952747143846035,0.04697975941256005,0.7639929867375802,0.7952747143846035,0.031281727647023305,-0.015698031765536746,1.0,0.8333333725671745,False
0.8,0.8500000000000001,0.98,0.9,0.7482949549720435,0.7952747143846035,0.04697975941256005,0.7639929867375802,0.785227469511553,0.021234482773972774,-0.025745276638587278,0.9411764705882353,0.8333333725671745,False
0.8,0.9000000000000001,0.98,0.9,0.7482949549720435,0.7952747143846035,0.04697975941256005,0.7639929867375802,0.7754309246930051,0.011437937955424915,-0.035541821457135137,0.8888888888888888,0.8333333725671745,False
0.8,0.9500000000000001,0.98,0.9,0.7482949549720435,0.7952747143846035,0.04697975941256005,0.7639929867375802,0.7658758123058103,0.001882825568230051,-0.04509693384433,0.8421052631578947,0.8333333725671745,False
0.8,1.0,0.98,0.9,0.7482949549720435,0.7952747143846035,0.04697975941256005,0.7639929867375802,0.7565533159612433,-0.007439670776336893,-0.054419430188896945,0.8,0.8333333725671745,True
0.8500000000000001,0.05,0.98,0.9,0.7482949549720435,0.7952747143846035,0.04697975941256005,0.7639929867375802,0.9850831108257346,0.22109012408815443,0.17411036467559438,17.0,0.8333333725671745,False
0.8500000000000001,0.1,0.98,0.9,0.7482949549720435,0.7952747143846035,0.04697975941256005,0.7639929867375802,0.9706047079650004,0.20661172122742022,0.15963196181486017,8.5,0.8333333725671745,False
0.8500000000000001,0.15000000000000002,0.98,0.9,0.7482949549720435,0.7952747143846035,0.04697975941256005,0.7639929867375802,0.9565457373183471,0.19255275058076693,0.14557299116820688,5.666666666666666,0.8333333725671745,False
0.8500000000000001,0.2,0.98,0.9,0.7482949549720435,0.7952747143846035,0.04697975941256005,0.7639929867375802,0.9428882329996122,0.17889524626203201,0.13191548684947196,4.25,0.8333333725671745,False
0.8500000000000001,0.25,0.98,0.9,0.7482949549720435,0.7952747143846035,0.04697975941256005,0.7639929867375802,0.9296152407422914,0.1656222540047112,0.11864249459215115,3.4000000000000004,0.8333333725671745,False
0.8500000000000001,0.3,0.98,0.9,0.7482949549720435,0.7952747143846035,0.04697975941256005,0.7639929867375802,0.9167107476853341,0.1527177609477539,0.10573800153519386,2.833333333333334,0.8333333725671745,False
0.8500000000000001,0.35000000000000003,0.98,0.9,0.7482949549720435,0.7952747143846035,0.04697975941256005,0.7639929867375802,0.904159617926959,0.14016663118937878,0.09318687177681872,2.4285714285714284,0.8333333725671745,False
0.8500000000000001,0.4,0.98,0.9,0.7482949549720435,0.7952747143846035,0.04697975941256005,0.7639929867375802,0.8919475333011464,0.1279545465635662,0.08097478715100614,2.125,0.8333333725671745,False
0.8500000000000001,0.45,0.98,0.9,0.7482949549720435,0.7952747143846035,0.04697975941256005,0.7639929867375802,0.8800609388896051,0.11606795215202492,0.06908819273946487,1.888888888888889,0.8333333725671745,False
0.8500000000000001,0.5,0.98,0.9,0.7482949549720435,0.7952747143846035,0.04697975941256005,0.7639929867375802,0.8684869928332704,0.10449400609569015,0.0575142466831301,1.7000000000000002,0.8333333725671745,False
0.8500000000000001,0.55,0.98,0.9,0.7482949549720435,0.7952747143846035,0.04697975941256005,0.7639929867375802,0.85721352005266,0.09322053331507985,0.046240773902519794,1.5454545454545454,0.8333333725671745,False
0.8500000000000001,0.6000000000000001,0.98,0.9,0.7482949549720435,0.7952747143846035,0.04697975941256005,0.7639929867375802,0.8462289695264646,0.08223598278888444,0.03525622337632439,1.4166666666666665,0.8333333725671745,False
0.8500000000000001,0.6500000000000001,0.98,0.9,0.7482949549720435,0.7952747143846035,0.04697975941256005,0.7639929867375802,0.8355223748132374,0.07152938807565723,0.02454962866309718,1.3076923076923075,0.8333333725671745,False
0.8500000000000001,0.7000000000000001,0.98,0.9,0.7482949549720435,0.7952747143846035,0.04697975941256005,0.7639929867375802,0.8250833175325476,0.061090330794967396,0.014110571382407344,1.2142857142857142,0.8333333725671745,False
0.8500000000000001,0.7500000000000001,0.98,0.9,0.7482949549720435,0.7952747143846035,0.04697975941256005,0.7639929867375802,0.8149018935499616,0.05090890681238136,0.003929147399821309,1.1333333333333333,0.8333333725671745,False
0.8500000000000001,0.8,0.98,0.9,0.7482949549720435,0.7952747143846035,0.04697975941256005,0.7639929867375802,0.8049686816351449,0.040975694897564696,-0.006004064514995355,1.0625,0.8333333725671745,False
0.8500000000000001,0.8500000000000001,0.98,0.9,0.7482949549720435,0.7952747143846035,0.04697975941256005,0.7639929867375802,0.7952747143846035,0.031281727647023305,-0.015698031765536746,1.0,0.8333333725671745,False
0.8500000000000001,0.9000000000000001,0.98,0.9,0.7482949549720435,0.7952747143846035,0.04697975941256005,0.7639929867375802,0.7858114512204298,0.02181846448284963,-0.02516129492971042,0.9444444444444444,0.8333333725671745,False
0.8500000000000001,0.9500000000000001,0.98,0.9,0.7482949549720435,0.7952747143846035,0.04697975941256005,0.7639929867375802,0.7765707532941668,0.0125777665565866,-0.03440199285597345,0.8947368421052632,0.8333333725671745,False
0.8500000000000001,1.0,0.98,0.9,0.7482949549720435,0.7952747143846035,0.04697975941256005,0.7639929867375802,0.7675448601407884,0.0035518734032081722,-0.04342788600935188,0.8500000000000001,0.8333333725671745,False
0.9000000000000001,0.05,0.98,0.9,0.7482949549720435,0.7952747143846035,0.04697975941256005,0.7639929867375802,0.9859001421122224,0.22190715537464223,0.17492739596208218,18.0,0.8333333725671745,False
0.9000000000000001,0.1,0.98,0.9,0.7482949549720435,0.7952747143846035,0.04697975941256005,0.7639929867375802,0.9721923678854555,0.20819938114787528,0.16121962173531523,9.0,0.8333333725671745,False
0.9000000000000001,0.15000000000000002,0.98,0.9,0.7482949549720435,0.7952747143846035,0.04697975941256005,0.7639929867375802,0.9588605472124384,0.1948675604748582,0.14788780106229815,6.0,0.8333333725671745,False
0.9000000000000001,0.2,0.98,0.9,0.7482949549720435,0.7952747143846035,0.04697975941256005,0.7639929867375802,0.9458894227953243,0.18189643605774408,0.13491667664518403,4.5,0.8333333725671745,False
0.9000000000000001,0.25,0.98,0.9,0.7482949549720435,0.7952747143846035,0.04697975941256005,0.7639929867375802,0.9332645518983536,0.16927156516077335,0.1222918057482133,3.6000000000000005,0.8333333725671745,False
0.9000000000000001,0.3,0.98,0.9,0.7482949549720435,0.7952747143846035,0.04697975941256005,0.7639929867375802,0.920972252703681,0.1569792659661008,0.10999950655354074,3.0000000000000004,0.8333333725671745,False
0.9000000000000001,0.35000000000000003,0.98,0.9,0.7482949549720435,0.7952747143846035,0.04697975941256005,0.7639929867375802,0.9089995548514695,0.14500656811388934,0.0980268087013293,2.5714285714285716,0.8333333725671745,False
0.9000000000000001,0.4,0.98,0.9,0.7482949549720435,0.7952747143846035,0.04697975941256005,0.7639929867375802,0.8973341537883665,0.13334116705078625,0.0863614076382262,2.25,0.8333333725671745,False
0.9000000000000001,0.45,0.98,0.9,0.7482949549720435,0.7952747143846035,0.04697975941256005,0.7639929867375802,0.8859643685865795,0.12197138184899925,0.0749916224364392,2.0000000000000004,0.8333333725671745,False
0.9000000000000001,0.5,0.98,0.9,0.7482949549720435,0.7952747143846035,0.04697975941256005,0.7639929867375802,0.8748791029295815,0.11088611619200128,0.06390635677944123,1.8000000000000003,0.8333333725671745,False
0.9000000000000001,0.55,0.98,0.9,0.7482949549720435,0.7952747143846035,0.04697975941256005,0.7639929867375802,0.8640678089905249,0.10007482225294473,0.05309506284038468,1.6363636363636365,0.8333333725671745,False
0.9000000000000001,0.6000000000000001,0.98,0.9,0.7482949549720435,0.7952747143846035,0.04697975941256005,0.7639929867375802,0.8535204539561916,0.08952746721861138,0.04254770780605133,1.5,0.8333333725671745,False
0.9000000000000001,0.6500000000000001,0.98,0.9,0.7482949549720435,0.7952747143846035,0.04697975941256005,0.7639929867375802,0.8432274889731541,0.07923450223557393,0.03225474282301388,1.3846153846153846,0.8333333725671745,False
0.9000000000000001,0.7000000000000001,0.98,0.9,0.7482949549720435,0.7952747143846035,0.04697975941256005,0.7639929867375802,0.8331798203141128,0.06918683357653255,0.022207074163972496,1.2857142857142858,0.8333333725671745,False
0.9000000000000001,0.7500000000000001,0.98,0.9,0.7482949549720435,0.7952747143846035,0.04697975941256005,0.7639929867375802,0.8233687825813999,0.05937579584381969,0.012396036431259638,1.2,0.8333333725671745,False
0.9000000000000001,0.8,0.98,0.9,0.7482949549720435,0.7952747143846035,0.04697975941256005,0.7639929867375802,0.8137861137816924,0.049793127044112206,0.002813367631552155,1.125,0.8333333725671745,False
0.9000000000000001,0.8500000000000001,0.98,0.9,0.7482949549720435,0.7952747143846035,0.04697975941256005,0.7639929867375802,0.8044239321212358,0.04043094538365555,-0.006548814028904504,1.0588235294117647,0.8333333725671745,False
0.9000000000000001,0.9000000000000001,0.98,0.9,0.7482949549720435,0.7952747143846035,0.04697975941256005,0.7639929867375802,0.7952747143846035,0.031281727647023305,-0.015698031765536746,1.0,0.8333333725671745,False
0.9000000000000001,0.9500000000000001,0.98,0.9,0.7482949549720435,0.7952747143846035,0.04697975941256005,0.7639929867375802,0.7863312757723363,0.022338289034756098,-0.024641470377803953,0.9473684210526316,0.8333333725671745,False
0.9000000000000001,1.0,0.98,0.9,0.7482949549720435,0.7952747143846035,0.04697975941256005,0.7639929867375802,0.7775867510838926,0.013593764346312431,-0.03338599506624762,0.9000000000000001,0.8333333725671745,False
0.9500000000000001,0.05,0.98,0.9,0.7482949549720435,0.7952747143846035,0.04697975941256005,0.7639929867375802,0.9866323197699195,0.2226393330323393,0.17565957361977924,19.0,0.8333333725671745,False
0.9500000000000001,0.1,0.98,0.9,0.7482949549720435,0.7952747143846035,0.04697975941256005,0.7639929867375802,0.9736173148386862,0.20962432810110598,0.16264456868854593,9.5,0.8333333725671745,False
0.9500000000000001,0.15000000000000002,0.98,0.9,0.7482949549720435,0.7952747143846035,0.04697975941256005,0.7639929867375802,0.9609412101359126,0.1969482233983324,0.14996846398577235,6.333333333333333,0.8333333725671745,False
0.9500000000000001,0.2,0.98,0.9,0.7482949549720435,0.7952747143846035,0.04697975941256005,0.7639929867375802,0.9485909387546474,0.1845979520170672,0.13761819260450714,4.75,0.8333333725671745,False
0.9500000000000001,0.25,0.98,0.9,0.7482949549720435,0.7952747143846035,0.04697975941256005,0.7639929867375802,0.9365540970213089,0.17256111028372867,0.12558135087116862,3.8000000000000003,0.8333333725671745,False
0.9500000000000001,0.3,0.98,0.9,0.7482949549720435,0.7952747143846035,0.04697975941256005,0.7639929867375802,0.9248189029435061,0.1608259162059259,0.11384615679336585,3.166666666666667,0.8333333725671745,False
0.9500000000000001,0.35000000000000003,0.98,0.9,0.7482949549720435,0.7952747143846035,0.04697975941256005,0.7639929867375802,0.9133741577431427,0.14938117100556247,0.10240141159300242,2.7142857142857144,0.8333333725671745,False
0.9500000000000001,0.4,0.98,0.9,0.7482949549720435,0.7952747143846035,0.04697975941256005,0.7639929867375802,0.9022092102107991,0.13821622347321894,0.09123646406065888,2.375,0.8333333725671745,False
0.9500000000000001,0.45,0.98,0.9,0.7482949549720435,0.7952747143846035,0.04697975941256005,0.7639929867375802,0.8913139236429054,0.1273209369053252,0.08034117749276515,2.111111111111111,0.8333333725671745,False
0.9500000000000001,0.5,0.98,0.9,0.7482949549720435,0.7952747143846035,0.04697975941256005,0.7639929867375802,0.8806786451459723,0.11668565840839207,0.06970589899583202,1.9000000000000001,0.8333333725671745,False
0.9500000000000001,0.55,0.98,0.9,0.7482949549720435,0.7952747143846035,0.04697975941256005,0.7639929867375802,0.8702941771125087,0.10630119037492847,0.059321430962368416,1.7272727272727273,0.8333333725671745,False
0.9500000000000001,0.6000000000000001,0.98,0.9,0.7482949549720435,0.7952747143846035,0.04697975941256005,0.7639929867375802,0.8601517506914584,0.09615876395387823,0.04917900454131818,1.5833333333333333,0.8333333725671745,False
0.9500000000000001,0.6500000000000001,0.98,0.9,0.7482949549720435,0.7952747143846035,0.04697975941256005,0.7639929867375802,0.850243001092325,0.08625001435474478,0.039270254942184724,1.4615384615384612,0.8333333725671745,False
0.9500000000000001,0.7000000000000001,0.98,0.9,0.7482949549720435,0.7952747143846035,0.04697975941256005,0.7639929867375802,0.8405599445768002,0.07656695783921996,0.02958719842665991,1.3571428571428572,0.8333333725671745,False
0.9500000000000001,0.7500000000000001,0.98,0.9,0.7482949549720435,0.7952747143846035,0.04697975941256005,0.7639929867375802,0.8310949570048858,0.06710197026730558,0.020122210854745526,1.2666666666666666,0.8333333725671745,False
0.9500000000000001,0.8,0.98,0.9,0.7482949549720435,0.7952747143846035,0.04697975941256005,0.7639929867375802,0.8218407538143425,0.05784776707676231,0.010868007664202262,1.1875,0.8333333725671745,False
0.9500000000000001,0.8500000000000001,0.98,0.9,0.7482949549720435,0.7952747143846035,0.04697975941256005,0.7639929867375802,0.8127903713229762,0.04879738458539595,0.0018176251728359016,1.1176470588235294,0.8333333725671745,False
0.9500000000000001,0.9000000000000001,0.98,0.9,0.7482949549720435,0.7952747143846035,0.04697975941256005,0.7639929867375802,0.8039371492528996,0.039944162515319404,-0.007035596897240648,1.0555555555555556,0.8333333725671745,False
0.9500000000000001,0.9500000000000001,0.98,0.9,0.7482949549720435,0.7952747143846035,0.04697975941256005,0.7639929867375802,0.7952747143846035,0.031281727647023305,-0.015698031765536746,1.0,0.8333333725671745,False
0.9500000000000001,1.0,0.98,0.9,0.7482949549720435,0.7952747143846035,0.04697975941256005,0.7639929867375802,0.7867969652565262,0.022803978518946,-0.02417578089361405,0.9500000000000001,0.8333333725671745,False
1.0,0.05,0.98,0.9,0.7482949549720435,0.7952747143846035,0.04697975941256005,0.7639929867375802,0.9872922100978313,0.2232992233602511,0.17631946394769105,20.0,0.8333333725671745,False
1.0,0.1,0.98,0.9,0.7482949549720435,0.7952747143846035,0.04697975941256005,0.7639929867375802,0.974903343237053,0.21091035649947276,0.1639305970869127,10.0,0.8333333725671745,False
1.0,0.15000000000000002,0.98,0.9,0.7482949549720435,0.7952747143846035,0.04697975941256005,0.7639929867375802,0.9628215423508776,0.19882855561329738,0.15184879620073732,6.666666666666666,0.8333333725671745,False
1.0,0.2,0.98,0.9,0.7482949549720435,0.7952747143846035,0.04697975941256005,0.7639929867375802,0.9510355309474967,0.1870425442099165,0.14006278479735645,5.0,0.8333333725671745,False
1.0,0.25,0.98,0.9,0.7482949549720435,0.7952747143846035,0.04697975941256005,0.7639929867375802,0.9395345780053715,0.17554159126779134,0.1285618318552313,4.0,0.8333333725671745,False
1.0,0.3,0.98,0.9,0.7482949549720435,0.7952747143846035,0.04697975941256005,0.7639929867375802,0.9283084653852307,0.1643154786476505,0.11733571923509045,3.3333333333333335,0.8333333725671745,False
1.0,0.35000000000000003,0.98,0.9,0.7482949549720435,0.7952747143846035,0.04697975941256005,0.7639929867375802,0.9173474575507687,0.15335447081318854,0.10637471140062849,2.8571428571428568,0.8333333725671745,False
1.0,0.4,0.98,0.9,0.7482949549720435,0.7952747143846035,0.04697975941256005,0.7639929867375802,0.9066422734094486,0.14264928667186838,0.09566952725930833,2.5,0.8333333725671745,False
1.0,0.45,0.98,0.9,0.7482949549720435,0.7952747143846035,0.04697975941256005,0.7639929867375802,0.8961840601022194,0.1321910733646392,0.08521131395207915,2.2222222222222223,0.8333333725671745,False
1.0,0.5,0.98,0.9,0.7482949549720435,0.7952747143846035,0.04697975941256005,0.7639929867375802,0.8859643685865795,0.12197138184899925,0.0749916224364392,2.0,0.8333333725671745,False
1.0,0.55,0.98,0.9,0.7482949549720435,0.7952747143846035,0.04697975941256005,0.7639929867375802,0.8759751308714416,0.11198214413386143,0.06500238472130138,1.8181818181818181,0.8333333725671745,False
1.0,0.6000000000000001,0.98,0.9,0.7482949549720435,0.7952747143846035,0.04697975941256005,0.7639929867375802,0.8662086387748886,0.10221565203730842,0.05523589262474837,1.6666666666666665,0.8333333725671745,False
1.0,0.6500000000000001,0.98,0.9,0.7482949549720435,0.7952747143846035,0.04697975941256005,0.7639929867375802,0.8566575240872745,0.09266453734969426,0.04568477793713421,1.538461538461538,0.8333333725671745,False
1.0,0.7000000000000001,0.98,0.9,0.7482949549720435,0.7952747143846035,0.04697975941256005,0.7639929867375802,0.847314740032383,0.08332175329480285,0.036341993882242796,1.4285714285714284,0.8333333725671745,False
1.0,0.7500000000000001,0.98,0.9,0.7482949549720435,0.7952747143846035,0.04697975941256005,0.7639929867375802,0.8381735439286173,0.07418055719103711,0.02720079777847706,1.333333333333333,0.8333333725671745,False
1.0,0.8,0.98,0.9,0.7482949549720435,0.7952747143846035,0.04697975941256005,0.7639929867375802,0.8292274809605608,0.06523449422298055,0.018254734810420503,1.25,0.8333333725671745,False
1.0,0.8500000000000001,0.98,0.9,0.7482949549720435,0.7952747143846035,0.04697975941256005,0.7639929867375802,0.8204703689788275,0.05647738224124732,0.009497622828687269,1.176470588235294,0.8333333725671745,False
1.0,0.9000000000000001,0.98,0.9,0.7482949549720435,0.7952747143846035,0.04697975941256005,0.7639929867375802,0.8118962842529805,0.047903297515400345,0.0009235381028402934,1.111111111111111,0.8333333725671745,False
1.0,0.9500000000000001,0.98,0.9,0.7482949549720435,0.7952747143846035,0.04697975941256005,0.7639929867375802,0.8034995481085215,0.03950656137094133,-0.007473198041618723,1.0526315789473684,0.8333333725671745,False
1.0,1.0,0.98,0.9,0.7482949549720435,0.7952747143846035,0.04697975941256005,0.7639929867375802,0.7952747143846035,0.031281727647023305,-0.015698031765536746,1.0,0.8333333725671745,False
