treatment_correct_retention,treatment_incorrect_retention,delta_correct_retention_vs_control,delta_incorrect_retention_vs_control,latent_accuracy_both_arms,control_retained_accuracy,treatment_retained_accuracy,apparent_effect_treatment_minus_control,boundary_margin_a1b0_minus_a0b1,sign
0.05,0.05,-0.95,-0.85,0.7482949549720435,0.7676162430747762,0.7482949549720433,-0.019321288102732814,-0.0049999999999999975,negative
0.05,0.1,-0.95,-0.8,0.7482949549720435,0.7676162430747762,0.5978205152599113,-0.16979572781486485,-0.055,negative
0.05,0.15000000000000002,-0.95,-0.75,0.7482949549720435,0.7676162430747762,0.49773176322384105,-0.2698844798509351,-0.10500000000000001,negative
0.05,0.2,-0.95,-0.7,0.7482949549720435,0.7676162430747762,0.42635092138059966,-0.3412653216941765,-0.155,negative
0.05,0.25,-0.95,-0.65,0.7482949549720435,0.7676162430747762,0.37287593696130067,-0.3947403061134755,-0.205,negative
0.05,0.3,-0.95,-0.6000000000000001,0.7482949549720435,0.7676162430747762,0.3313201670907752,-0.43629607598400094,-0.255,negative
0.05,0.35000000000000003,-0.95,-0.55,0.7482949549720435,0.7676162430747762,0.2980981322171853,-0.4695181108575909,-0.30500000000000005,negative
0.05,0.4,-0.95,-0.5,0.7482949549720435,0.7676162430747762,0.2709313830975883,-0.49668485997718786,-0.35500000000000004,negative
0.05,0.45,-0.95,-0.45,0.7482949549720435,0.7676162430747762,0.2483026723588577,-0.5193135707159184,-0.405,negative
0.05,0.5,-0.95,-0.4,0.7482949549720435,0.7676162430747762,0.22916257305232432,-0.5384536700224518,-0.455,negative
0.05,0.55,-0.95,-0.35,0.7482949549720435,0.7676162430747762,0.21276207593569277,-0.5548541671390834,-0.505,negative
0.05,0.6000000000000001,-0.95,-0.29999999999999993,0.7482949549720435,0.7676162430747762,0.19855226901924136,-0.5690639740555348,-0.555,negative
0.05,0.6500000000000001,-0.95,-0.2499999999999999,0.7482949549720435,0.7676162430747762,0.1861217010998455,-0.5814945419749307,-0.6050000000000001,negative
0.05,0.7000000000000001,-0.95,-0.19999999999999996,0.7482949549720435,0.7676162430747762,0.17515588757507994,-0.5924603554996962,-0.655,negative
0.05,0.7500000000000001,-0.95,-0.1499999999999999,0.7482949549720435,0.7676162430747762,0.16541033466894325,-0.6022059084058329,-0.7050000000000001,negative
0.05,0.8,-0.95,-0.09999999999999998,0.7482949549720435,0.7676162430747762,0.1566920944889717,-0.6109241485858045,-0.755,negative
0.05,0.8500000000000001,-0.95,-0.04999999999999993,0.7482949549720435,0.7676162430747762,0.14884686107312972,-0.6187693820016464,-0.805,negative
0.05,0.9000000000000001,-0.95,1.1102230246251565e-16,0.7482949549720435,0.7676162430747762,0.14174975804365997,-0.6258664850311162,-0.8550000000000001,negative
0.05,0.9500000000000001,-0.95,0.050000000000000044,0.7482949549720435,0.7676162430747762,0.13529864181721607,-0.6323176012575601,-0.905,negative
0.05,1.0,-0.95,0.09999999999999998,0.7482949549720435,0.7676162430747762,0.12940915386418225,-0.6382070892105939,-0.955,negative
0.1,0.05,-0.9,-0.85,0.7482949549720435,0.7676162430747762,0.8560282723964152,0.08841202932163905,0.04000000000000001,positive
0.1,0.1,-0.9,-0.8,0.7482949549720435,0.7676162430747762,0.7482949549720433,-0.019321288102732814,-0.009999999999999995,negative
0.1,0.15000000000000002,-0.9,-0.75,0.7482949549720435,0.7676162430747762,0.6646474027531903,-0.10296884032158582,-0.06000000000000001,negative
0.1,0.2,-0.9,-0.7,0.7482949549720435,0.7676162430747762,0.5978205152599113,-0.16979572781486485,-0.11,negative
0.1,0.25,-0.9,-0.65,0.7482949549720435,0.7676162430747762,0.5432041263489805,-0.22441211672579564,-0.15999999999999998,negative
0.1,0.3,-0.9,-0.6000000000000001,0.7482949549720435,0.7676162430747762,0.49773176322384116,-0.269884479850935,-0.20999999999999996,negative
0.1,0.35000000000000003,-0.9,-0.55,0.7482949549720435,0.7676162430747762,0.4592844328464227,-0.3083318102283535,-0.26,negative
0.1,0.4,-0.9,-0.5,0.7482949549720435,0.7676162430747762,0.42635092138059966,-0.3412653216941765,-0.31,negative
0.1,0.45,-0.9,-0.45,0.7482949549720435,0.7676162430747762,0.3978244665448838,-0.36979177652989237,-0.36,negative
0.1,0.5,-0.9,-0.4,0.7482949549720435,0.7676162430747762,0.37287593696130067,-0.3947403061134755,-0.41,negative
0.1,0.55,-0.9,-0.35,0.7482949549720435,0.7676162430747762,0.35087191487504027,-0.4167443281997359,-0.46,negative
0.1,0.6000000000000001,-0.9,-0.29999999999999993,0.7482949549720435,0.7676162430747762,0.3313201670907751,-0.43629607598400105,-0.5100000000000001,negative
0.1,0.6500000000000001,-0.9,-0.2499999999999999,0.7482949549720435,0.7676162430747762,0.3138323848678629,-0.45378385820691325,-0.5600000000000002,negative
0.1,0.7000000000000001,-0.9,-0.19999999999999996,0.7482949549720435,0.7676162430747762,0.2980981322171853,-0.4695181108575909,-0.6100000000000001,negative
0.1,0.7500000000000001,-0.9,-0.1499999999999999,0.7482949549720435,0.7676162430747762,0.2838662567994666,-0.4837499862753096,-0.6600000000000001,negative
0.1,0.8,-0.9,-0.09999999999999998,0.7482949549720435,0.7676162430747762,0.2709313830975883,-0.49668485997718786,-0.7100000000000001,negative
0.1,0.8500000000000001,-0.9,-0.04999999999999993,0.7482949549720435,0.7676162430747762,0.25912393743077805,-0.508492305643998,-0.7600000000000001,negative
0.1,0.9000000000000001,-0.9,1.1102230246251565e-16,0.7482949549720435,0.7676162430747762,0.24830267235885767,-0.5193135707159184,-0.8100000000000002,negative
0.1,0.9500000000000001,-0.9,0.050000000000000044,0.7482949549720435,0.7676162430747762,0.23834898912703759,-0.5292672539477385,-0.8600000000000001,negative
0.1,1.0,-0.9,0.09999999999999998,0.7482949549720435,0.7676162430747762,0.22916257305232432,-0.5384536700224518,-0.91,negative
0.15000000000000002,0.05,-0.85,-0.85,0.7482949549720435,0.7676162430747762,0.8991804605051882,0.13156421743041202,0.08500000000000003,positive
0.15000000000000002,0.1,-0.85,-0.8,0.7482949549720435,0.7676162430747762,0.8168282159288708,0.04921197285409462,0.03500000000000003,positive
0.15000000000000002,0.15000000000000002,-0.85,-0.75,0.7482949549720435,0.7676162430747762,0.7482949549720435,-0.019321288102732703,-0.014999999999999986,negative
0.15000000000000002,0.2,-0.85,-0.7,0.7482949549720435,0.7676162430747762,0.6903716154540793,-0.07724462762069684,-0.06499999999999997,negative
0.15000000000000002,0.25,-0.85,-0.65,0.7482949549720435,0.7676162430747762,0.6407713648162447,-0.1268448782585314,-0.11499999999999996,negative
0.15000000000000002,0.3,-0.85,-0.6000000000000001,0.7482949549720435,0.7676162430747762,0.5978205152599114,-0.16979572781486474,-0.16499999999999995,negative
0.15000000000000002,0.35000000000000003,-0.85,-0.55,0.7482949549720435,0.7676162430747762,0.5602659375778322,-0.207350305496944,-0.215,negative
0.15000000000000002,0.4,-0.85,-0.5,0.7482949549720435,0.7676162430747762,0.5271507731511544,-0.24046546992362172,-0.265,negative
0.15000000000000002,0.45,-0.85,-0.45,0.7482949549720435,0.7676162430747762,0.49773176322384116,-0.269884479850935,-0.31499999999999995,negative
0.15000000000000002,0.5,-0.85,-0.4,0.7482949549720435,0.7676162430747762,0.4714227968936355,-0.2961934461811407,-0.365,negative
0.15000000000000002,0.55,-0.85,-0.35,0.7482949549720435,0.7676162430747762,0.4477554638195048,-0.31986077925527134,-0.41500000000000004,negative
0.15000000000000002,0.6000000000000001,-0.85,-0.29999999999999993,0.7482949549720435,0.7676162430747762,0.4263509213805997,-0.34126532169417645,-0.4650000000000001,negative
0.15000000000000002,0.6500000000000001,-0.85,-0.2499999999999999,0.7482949549720435,0.7676162430747762,0.40689946288281187,-0.3607167801919643,-0.5150000000000001,negative
0.15000000000000002,0.7000000000000001,-0.85,-0.19999999999999996,0.7482949549720435,0.7676162430747762,0.38914543470288987,-0.3784708083718863,-0.5650000000000001,negative
0.15000000000000002,0.7500000000000001,-0.85,-0.1499999999999999,0.7482949549720435,0.7676162430747762,0.3728759369613007,-0.39474030611347544,-0.6150000000000001,negative
0.15000000000000002,0.8,-0.85,-0.09999999999999998,0.7482949549720435,0.7676162430747762,0.35791224487994006,-0.4097039981948361,-0.665,negative
0.15000000000000002,0.8500000000000001,-0.85,-0.04999999999999993,0.7482949549720435,0.7676162430747762,0.34410321603533256,-0.4235130270394436,-0.7150000000000001,negative
0.15000000000000002,0.9000000000000001,-0.85,1.1102230246251565e-16,0.7482949549720435,0.7676162430747762,0.33132016709077516,-0.436296075984001,-0.7650000000000001,negative
0.15000000000000002,0.9500000000000001,-0.85,0.050000000000000044,0.7482949549720435,0.7676162430747762,0.3194528515680583,-0.44816339150671786,-0.8150000000000001,negative
0.15000000000000002,1.0,-0.85,0.09999999999999998,0.7482949549720435,0.7676162430747762,0.3084062721435419,-0.4592099709312343,-0.865,negative
0.2,0.05,-0.8,-0.85,0.7482949549720435,0.7676162430747762,0.922430207694145,0.1548139646193688,0.13,positive
0.2,0.1,-0.8,-0.8,0.7482949549720435,0.7676162430747762,0.8560282723964152,0.08841202932163905,0.08000000000000002,positive
0.2,0.15000000000000002,-0.8,-0.75,0.7482949549720435,0.7676162430747762,0.7985443663972539,0.03092812332247774,0.03,positive
0.2,0.2,-0.8,-0.7,0.7482949549720435,0.7676162430747762,0.7482949549720433,-0.019321288102732814,-0.01999999999999999,negative
0.2,0.25,-0.8,-0.65,0.7482949549720435,0.7676162430747762,0.7039951709228909,-0.06362107215188528,-0.06999999999999998,negative
0.2,0.3,-0.8,-0.6000000000000001,0.7482949549720435,0.7676162430747762,0.6646474027531905,-0.10296884032158571,-0.11999999999999997,negative
0.2,0.35000000000000003,-0.8,-0.55,0.7482949549720435,0.7676162430747762,0.6294652673715714,-0.13815097570320478,-0.17,negative
0.2,0.4,-0.8,-0.5,0.7482949549720435,0.7676162430747762,0.5978205152599113,-0.16979572781486485,-0.22,negative
0.2,0.45,-0.8,-0.45,0.7482949549720435,0.7676162430747762,0.5692051842935885,-0.1984110587811877,-0.27,negative
0.2,0.5,-0.8,-0.4,0.7482949549720435,0.7676162430747762,0.5432041263489805,-0.22441211672579564,-0.31999999999999995,negative
0.2,0.55,-0.8,-0.35,0.7482949549720435,0.7676162430747762,0.5194747348159903,-0.2481415082587859,-0.37,negative
0.2,0.6000000000000001,-0.8,-0.29999999999999993,0.7482949549720435,0.7676162430747762,0.49773176322384105,-0.2698844798509351,-0.42000000000000004,negative
0.2,0.6500000000000001,-0.8,-0.2499999999999999,0.7482949549720435,0.7676162430747762,0.4777358032614278,-0.2898804398133484,-0.4700000000000001,negative
0.2,0.7000000000000001,-0.8,-0.19999999999999996,0.7482949549720435,0.7676162430747762,0.4592844328464227,-0.3083318102283535,-0.52,negative
0.2,0.7500000000000001,-0.8,-0.1499999999999999,0.7482949549720435,0.7676162430747762,0.44220533921829686,-0.3254109038564793,-0.5700000000000001,negative
0.2,0.8,-0.8,-0.09999999999999998,0.7482949549720435,0.7676162430747762,0.42635092138059966,-0.3412653216941765,-0.62,negative
0.2,0.8500000000000001,-0.8,-0.04999999999999993,0.7482949549720435,0.7676162430747762,0.41159401346862845,-0.3560222296061477,-0.67,negative
0.2,0.9000000000000001,-0.8,1.1102230246251565e-16,0.7482949549720435,0.7676162430747762,0.3978244665448838,-0.36979177652989237,-0.7200000000000001,negative
0.2,0.9500000000000001,-0.8,0.050000000000000044,0.7482949549720435,0.7676162430747762,0.38494639430369215,-0.382669848771084,-0.77,negative
0.2,1.0,-0.8,0.09999999999999998,0.7482949549720435,0.7676162430747762,0.37287593696130067,-0.3947403061134755,-0.82,negative
0.25,0.05,-0.75,-0.85,0.7482949549720435,0.7676162430747762,0.9369662633837998,0.16935002030902369,0.175,positive
0.25,0.1,-0.75,-0.8,0.7482949549720435,0.7676162430747762,0.8814078341166365,0.11379159104186032,0.125,positive
0.25,0.15000000000000002,-0.75,-0.75,0.7482949549720435,0.7676162430747762,0.8320693791946753,0.06445313611989911,0.07499999999999998,positive
0.25,0.2,-0.75,-0.7,0.7482949549720435,0.7676162430747762,0.78796174423462,0.020345501159843793,0.024999999999999994,positive
0.25,0.25,-0.75,-0.65,0.7482949549720435,0.7676162430747762,0.7482949549720435,-0.019321288102732703,-0.024999999999999994,negative
0.25,0.3,-0.75,-0.6000000000000001,0.7482949549720435,0.7676162430747762,0.7124304854863188,-0.05518575758845734,-0.07499999999999998,negative
0.25,0.35000000000000003,-0.75,-0.55,0.7482949549720435,0.7676162430747762,0.6798466248445979,-0.08776961823017826,-0.12500000000000003,negative
0.25,0.4,-0.75,-0.5,0.7482949549720435,0.7676162430747762,0.6501129320683333,-0.11750331100644285,-0.17500000000000002,negative
0.25,0.45,-0.75,-0.45,0.7482949549720435,0.7676162430747762,0.6228711136131536,-0.14474512946162255,-0.225,negative
0.25,0.5,-0.75,-0.4,0.7482949549720435,0.7676162430747762,0.5978205152599113,-0.16979572781486485,-0.275,negative
0.25,0.55,-0.75,-0.35,0.7482949549720435,0.7676162430747762,0.5747069795679924,-0.19290926350678372,-0.32500000000000007,negative
0.25,0.6000000000000001,-0.75,-0.29999999999999993,0.7482949549720435,0.7676162430747762,0.5533141919373619,-0.2143020511374143,-0.3750000000000001,negative
0.25,0.6500000000000001,-0.75,-0.2499999999999999,0.7482949549720435,0.7676162430747762,0.5334568901022048,-0.2341593529725714,-0.42500000000000016,negative
0.25,0.7000000000000001,-0.75,-0.19999999999999996,0.7482949549720435,0.7676162430747762,0.5149754851511626,-0.2526407579236135,-0.4750000000000001,negative
0.25,0.7500000000000001,-0.75,-0.1499999999999999,0.7482949549720435,0.7676162430747762,0.49773176322384116,-0.269884479850935,-0.5250000000000001,negative
0.25,0.8,-0.75,-0.09999999999999998,0.7482949549720435,0.7676162430747762,0.48160542278877744,-0.2860108202859987,-0.5750000000000001,negative
0.25,0.8500000000000001,-0.75,-0.04999999999999993,0.7482949549720435,0.7676162430747762,0.46649126394227225,-0.3011249791325039,-0.6250000000000001,negative
0.25,0.9000000000000001,-0.75,1.1102230246251565e-16,0.7482949549720435,0.7676162430747762,0.4522968908504793,-0.31531935222429686,-0.6750000000000002,negative
0.25,0.9500000000000001,-0.75,0.050000000000000044,0.7482949549720435,0.7676162430747762,0.4389408212649538,-0.32867542180982234,-0.7250000000000001,negative
0.25,1.0,-0.75,0.09999999999999998,0.7482949549720435,0.7676162430747762,0.42635092138059966,-0.3412653216941765,-0.775,negative
0.3,0.05,-0.7,-0.85,0.7482949549720435,0.7676162430747762,0.9469141866234273,0.17929794354865114,0.22000000000000003,positive
0.3,0.1,-0.7,-0.8,0.7482949549720435,0.7676162430747762,0.8991804605051882,0.13156421743041202,0.17,positive
0.3,0.15000000000000002,-0.7,-0.75,0.7482949549720435,0.7676162430747762,0.8560282723964152,0.08841202932163905,0.12,positive
0.3,0.2,-0.7,-0.7,0.7482949549720435,0.7676162430747762,0.8168282159288707,0.04921197285409451,0.07,positive
0.3,0.25,-0.7,-0.65,0.7482949549720435,0.7676162430747762,0.7810611259515816,0.013444882876805453,0.020000000000000018,positive
0.3,0.3,-0.7,-0.6000000000000001,0.7482949549720435,0.7676162430747762,0.7482949549720435,-0.019321288102732703,-0.02999999999999997,negative
0.3,0.35000000000000003,-0.7,-0.55,0.7482949549720435,0.7676162430747762,0.7181672355772798,-0.04944900749749637,-0.08000000000000002,negative
0.3,0.4,-0.7,-0.5,0.7482949549720435,0.7676162430747762,0.6903716154540794,-0.07724462762069673,-0.13,negative
0.3,0.45,-0.7,-0.45,0.7482949549720435,0.7676162430747762,0.6646474027531903,-0.10296884032158582,-0.18,negative
0.3,0.5,-0.7,-0.4,0.7482949549720435,0.7676162430747762,0.6407713648162449,-0.1268448782585313,-0.22999999999999998,negative
0.3,0.55,-0.7,-0.35,0.7482949549720435,0.7676162430747762,0.6185512332838656,-0.14906500979091053,-0.28,negative
0.3,0.6000000000000001,-0.7,-0.29999999999999993,0.7482949549720435,0.7676162430747762,0.5978205152599113,-0.16979572781486485,-0.33000000000000007,negative
0.3,0.6500000000000001,-0.7,-0.2499999999999999,0.7482949549720435,0.7676162430747762,0.5784343140611529,-0.1891819290136233,-0.3800000000000001,negative
0.3,0.7000000000000001,-0.7,-0.19999999999999996,0.7482949549720435,0.7676162430747762,0.560265937577832,-0.2073503054969441,-0.43000000000000005,negative
0.3,0.7500000000000001,-0.7,-0.1499999999999999,0.7482949549720435,0.7676162430747762,0.5432041263489805,-0.22441211672579564,-0.4800000000000001,negative
0.3,0.8,-0.7,-0.09999999999999998,0.7482949549720435,0.7676162430747762,0.5271507731511543,-0.24046546992362183,-0.53,negative
0.3,0.8500000000000001,-0.7,-0.04999999999999993,0.7482949549720435,0.7676162430747762,0.5120190353391537,-0.25559720773562244,-0.5800000000000001,negative
0.3,0.9000000000000001,-0.7,1.1102230246251565e-16,0.7482949549720435,0.7676162430747762,0.4977317632238411,-0.26988447985093506,-0.6300000000000001,negative
0.3,0.9500000000000001,-0.7,0.050000000000000044,0.7482949549720435,0.7676162430747762,0.48422018443238124,-0.2833960586423949,-0.68,negative
0.3,1.0,-0.7,0.09999999999999998,0.7482949549720435,0.7676162430747762,0.4714227968936355,-0.2961934461811407,-0.73,negative
0.35000000000000003,0.05,-0.6499999999999999,-0.85,0.7482949549720435,0.7676162430747762,0.9541501634102879,0.18653392033551175,0.26500000000000007,positive
0.35000000000000003,0.1,-0.6499999999999999,-0.8,0.7482949549720435,0.7676162430747762,0.9123204211816519,0.14470417810687575,0.21500000000000005,positive
0.35000000000000003,0.15000000000000002,-0.6499999999999999,-0.75,0.7482949549720435,0.7676162430747762,0.8740042585443465,0.10638801546957033,0.16500000000000004,positive
0.35000000000000003,0.2,-0.6499999999999999,-0.7,0.7482949549720435,0.7676162430747762,0.8387768226491799,0.07116057957440369,0.11500000000000005,positive
0.35000000000000003,0.25,-0.6499999999999999,-0.65,0.7482949549720435,0.7676162430747762,0.8062791029470083,0.03866285987223217,0.06500000000000006,positive
0.35000000000000003,0.3,-0.6499999999999999,-0.6000000000000001,0.7482949549720435,0.7676162430747762,0.7762056519098911,0.008589408835114942,0.015000000000000069,positive
0.35000000000000003,0.35000000000000003,-0.6499999999999999,-0.55,0.7482949549720435,0.7676162430747762,0.7482949549720435,-0.019321288102732703,-0.034999999999999976,negative
0.35000000000000003,0.4,-0.6499999999999999,-0.5,0.7482949549720435,0.7676162430747762,0.722321806013845,-0.04529443706093117,-0.08499999999999996,negative
0.35000000000000003,0.45,-0.6499999999999999,-0.45,0.7482949549720435,0.7676162430747762,0.6980912174514071,-0.06952502562336904,-0.13499999999999995,negative
0.35000000000000003,0.5,-0.6499999999999999,-0.4,0.7482949549720435,0.7676162430747762,0.6754335162746306,-0.09218272680014561,-0.18499999999999994,negative
0.35000000000000003,0.55,-0.6499999999999999,-0.35,0.7482949549720435,0.7676162430747762,0.654200365060671,-0.11341587801410513,-0.235,negative
0.35000000000000003,0.6000000000000001,-0.6499999999999999,-0.29999999999999993,0.7482949549720435,0.7676162430747762,0.6342615106216674,-0.1333547324531088,-0.28500000000000003,negative
0.35000000000000003,0.6500000000000001,-0.6499999999999999,-0.2499999999999999,0.7482949549720435,0.7676162430747762,0.6155021096392801,-0.15211413343549607,-0.3350000000000001,negative
0.35000000000000003,0.7000000000000001,-0.6499999999999999,-0.19999999999999996,0.7482949549720435,0.7676162430747762,0.5978205152599112,-0.16979572781486496,-0.385,negative
0.35000000000000003,0.7500000000000001,-0.6499999999999999,-0.1499999999999999,0.7482949549720435,0.7676162430747762,0.5811264345446253,-0.18648980853015085,-0.43500000000000005,negative
0.35000000000000003,0.8,-0.6499999999999999,-0.09999999999999998,0.7482949549720435,0.7676162430747762,0.5653393862505507,-0.20227685682422547,-0.485,negative
0.35000000000000003,0.8500000000000001,-0.6499999999999999,-0.04999999999999993,0.7482949549720435,0.7676162430747762,0.5503874033420129,-0.2172288397327633,-0.535,negative
0.35000000000000003,0.9000000000000001,-0.6499999999999999,1.1102230246251565e-16,0.7482949549720435,0.7676162430747762,0.5362059360908806,-0.23141030698389553,-0.5850000000000001,negative
0.35000000000000003,0.9500000000000001,-0.6499999999999999,0.050000000000000044,0.7482949549720435,0.7676162430747762,0.5227369204957657,-0.24487932257901046,-0.635,negative
0.35000000000000003,1.0,-0.6499999999999999,0.09999999999999998,0.7482949549720435,0.7676162430747762,0.5099279836637269,-0.2576882594110492,-0.6849999999999999,negative
0.4,0.05,-0.6,-0.85,0.7482949549720435,0.7676162430747762,0.959650138665426,0.19203389559064987,0.31000000000000005,positive
0.4,0.1,-0.6,-0.8,0.7482949549720435,0.7676162430747762,0.922430207694145,0.1548139646193688,0.26,positive
0.4,0.15000000000000002,-0.6,-0.75,0.7482949549720435,0.7676162430747762,0.8879896224043163,0.12037337932954018,0.21000000000000002,positive
0.4,0.2,-0.6,-0.7,0.7482949549720435,0.7676162430747762,0.8560282723964152,0.08841202932163905,0.16000000000000003,positive
0.4,0.25,-0.6,-0.65,0.7482949549720435,0.7676162430747762,0.8262877535522641,0.058671510477487976,0.11000000000000004,positive
0.4,0.3,-0.6,-0.6000000000000001,0.7482949549720435,0.7676162430747762,0.7985443663972539,0.03092812332247774,0.06000000000000005,positive
0.4,0.35000000000000003,-0.6,-0.55,0.7482949549720435,0.7676162430747762,0.7726034791609125,0.004987236086136382,0.010000000000000009,positive
0.4,0.4,-0.6,-0.5,0.7482949549720435,0.7676162430747762,0.7482949549720433,-0.019321288102732814,-0.03999999999999998,negative
0.4,0.45,-0.6,-0.45,0.7482949549720435,0.7676162430747762,0.7254694159703895,-0.042146827104386664,-0.08999999999999997,negative
0.4,0.5,-0.6,-0.4,0.7482949549720435,0.7676162430747762,0.7039951709228909,-0.06362107215188528,-0.13999999999999996,negative
0.4,0.55,-0.6,-0.35,0.7482949549720435,0.7676162430747762,0.6837556728166317,-0.08386057025814442,-0.19,negative
0.4,0.6000000000000001,-0.6,-0.29999999999999993,0.7482949549720435,0.7676162430747762,0.6646474027531903,-0.10296884032158582,-0.24000000000000005,negative
0.4,0.6500000000000001,-0.6,-0.2499999999999999,0.7482949549720435,0.7676162430747762,0.6465780990174886,-0.12103814405728752,-0.2900000000000001,negative
0.4,0.7000000000000001,-0.6,-0.19999999999999996,0.7482949549720435,0.7676162430747762,0.6294652673715714,-0.13815097570320478,-0.34,negative
0.4,0.7500000000000001,-0.6,-0.1499999999999999,0.7482949549720435,0.7676162430747762,0.6132349218149209,-0.15438132125985526,-0.39000000000000007,negative
0.4,0.8,-0.6,-0.09999999999999998,0.7482949549720435,0.7676162430747762,0.5978205152599113,-0.16979572781486485,-0.44,negative
0.4,0.8500000000000001,-0.6,-0.04999999999999993,0.7482949549720435,0.7676162430747762,0.5831620275255237,-0.18445421554925245,-0.49000000000000005,negative
0.4,0.9000000000000001,-0.6,1.1102230246251565e-16,0.7482949549720435,0.7676162430747762,0.5692051842935885,-0.1984110587811877,-0.54,negative
0.4,0.9500000000000001,-0.6,0.050000000000000044,0.7482949549720435,0.7676162430747762,0.5559007856000537,-0.21171545747472242,-0.5900000000000001,negative
0.4,1.0,-0.6,0.09999999999999998,0.7482949549720435,0.7676162430747762,0.5432041263489805,-0.22441211672579564,-0.6399999999999999,negative
0.45,0.05,-0.55,-0.85,0.7482949549720435,0.7676162430747762,0.9639719313052693,0.1963556882304931,0.35500000000000004,positive
0.45,0.1,-0.55,-0.8,0.7482949549720435,0.7676162430747762,0.930449628184067,0.1628333851092908,0.30500000000000005,positive
0.45,0.15000000000000002,-0.55,-0.75,0.7482949549720435,0.7676162430747762,0.8991804605051883,0.13156421743041213,0.255,positive
0.45,0.2,-0.55,-0.7,0.7482949549720435,0.7676162430747762,0.8699446540365423,0.10232841096176615,0.20500000000000002,positive
0.45,0.25,-0.55,-0.65,0.7482949549720435,0.7676162430747762,0.8425501172876917,0.07493387421291553,0.15500000000000003,positive
0.45,0.3,-0.55,-0.6000000000000001,0.7482949549720435,0.7676162430747762,0.8168282159288707,0.04921197285409451,0.10500000000000004,positive
0.45,0.35000000000000003,-0.55,-0.55,0.7482949549720435,0.7676162430747762,0.792630298287835,0.025014055213058883,0.05499999999999999,positive
0.45,0.4,-0.55,-0.5,0.7482949549720435,0.7676162430747762,0.7698248206549996,0.002208577580223414,0.0050000000000000044,positive
0.45,0.45,-0.55,-0.45,0.7482949549720435,0.7676162430747762,0.7482949549720435,-0.019321288102732703,-0.044999999999999984,negative
0.45,0.5,-0.55,-0.4,0.7482949549720435,0.7676162430747762,0.7279365870367563,-0.03967965603801982,-0.09499999999999997,negative
0.45,0.55,-0.55,-0.35,0.7482949549720435,0.7676162430747762,0.7086566328222892,-0.05895961025248697,-0.14500000000000002,negative
0.45,0.6000000000000001,-0.55,-0.29999999999999993,0.7482949549720435,0.7676162430747762,0.6903716154540794,-0.07724462762069673,-0.19500000000000006,negative
0.45,0.6500000000000001,-0.55,-0.2499999999999999,0.7482949549720435,0.7676162430747762,0.6730064569495574,-0.09460978612521875,-0.2450000000000001,negative
0.45,0.7000000000000001,-0.55,-0.19999999999999996,0.7482949549720435,0.7676162430747762,0.6564934478344205,-0.11112279524035562,-0.29500000000000004,negative
0.45,0.7500000000000001,-0.55,-0.1499999999999999,0.7482949549720435,0.7676162430747762,0.6407713648162447,-0.1268448782585314,-0.3450000000000001,negative
0.45,0.8,-0.55,-0.09999999999999998,0.7482949549720435,0.7676162430747762,0.6257847122756032,-0.141831530799173,-0.395,negative
0.45,0.8500000000000001,-0.55,-0.04999999999999993,0.7482949549720435,0.7676162430747762,0.6114830677666718,-0.15613317530810433,-0.44500000000000006,negative
0.45,0.9000000000000001,-0.55,1.1102230246251565e-16,0.7482949549720435,0.7676162430747762,0.5978205152599113,-0.16979572781486485,-0.4950000000000001,negative
0.45,0.9500000000000001,-0.55,0.050000000000000044,0.7482949549720435,0.7676162430747762,0.5847551527036086,-0.1828610903711676,-0.545,negative
0.45,1.0,-0.55,0.09999999999999998,0.7482949549720435,0.7676162430747762,0.572248662777781,-0.1953675802969952,-0.595,negative
0.5,0.05,-0.5,-0.85,0.7482949549720435,0.7676162430747762,0.9674574938098908,0.1998412507351146,0.4,positive
0.5,0.1,-0.5,-0.8,0.7482949549720435,0.7676162430747762,0.9369662633837998,0.16935002030902369,0.35,positive
0.5,0.15000000000000002,-0.5,-0.75,0.7482949549720435,0.7676162430747762,0.9083382852678089,0.14072204219303275,0.3,positive
0.5,0.2,-0.5,-0.7,0.7482949549720435,0.7676162430747762,0.8814078341166365,0.11379159104186032,0.25,positive
0.5,0.25,-0.5,-0.65,0.7482949549720435,0.7676162430747762,0.8560282723964152,0.08841202932163905,0.2,positive
0.5,0.3,-0.5,-0.6000000000000001,0.7482949549720435,0.7676162430747762,0.8320693791946753,0.06445313611989911,0.15000000000000002,positive
0.5,0.35000000000000003,-0.5,-0.55,0.7482949549720435,0.7676162430747762,0.8094151153918475,0.041798872317071356,0.09999999999999998,positive
0.5,0.4,-0.5,-0.5,0.7482949549720435,0.7676162430747762,0.78796174423462,0.020345501159843793,0.04999999999999999,positive
0.5,0.45,-0.5,-0.45,0.7482949549720435,0.7676162430747762,0.7676162430747762,0.0,0.0,zero
0.5,0.5,-0.5,-0.4,0.7482949549720435,0.7676162430747762,0.7482949549720435,-0.019321288102732703,-0.04999999999999999,negative
0.5,0.55,-0.5,-0.35,0.7482949549720435,0.7676162430747762,0.7299224389361105,-0.03769380413866563,-0.10000000000000003,negative
0.5,0.6000000000000001,-0.5,-0.29999999999999993,0.7482949549720435,0.7676162430747762,0.7124304854863188,-0.05518575758845734,-0.15000000000000008,negative
0.5,0.6500000000000001,-0.5,-0.2499999999999999,0.7482949549720435,0.7676162430747762,0.6957572704461876,-0.07185897262858854,-0.20000000000000012,negative
0.5,0.7000000000000001,-0.5,-0.19999999999999996,0.7482949549720435,0.7676162430747762,0.6798466248445979,-0.08776961823017826,-0.25000000000000006,negative
0.5,0.7500000000000001,-0.5,-0.1499999999999999,0.7482949549720435,0.7676162430747762,0.6646474027531903,-0.10296884032158582,-0.3000000000000001,negative
0.5,0.8,-0.5,-0.09999999999999998,0.7482949549720435,0.7676162430747762,0.6501129320683333,-0.11750331100644285,-0.35000000000000003,negative
0.5,0.8500000000000001,-0.5,-0.04999999999999993,0.7482949549720435,0.7676162430747762,0.6362005358125821,-0.1314157072621941,-0.4000000000000001,negative
0.5,0.9000000000000001,-0.5,1.1102230246251565e-16,0.7482949549720435,0.7676162430747762,0.6228711136131535,-0.14474512946162266,-0.4500000000000001,negative
0.5,0.9500000000000001,-0.5,0.050000000000000044,0.7482949549720435,0.7676162430747762,0.6100887747128986,-0.1575274683618776,-0.5,negative
0.5,1.0,-0.5,0.09999999999999998,0.7482949549720435,0.7676162430747762,0.5978205152599113,-0.16979572781486485,-0.55,negative
0.55,0.05,-0.44999999999999996,-0.85,0.7482949549720435,0.7676162430747762,0.9703281218929032,0.20271187881812702,0.44500000000000006,positive
0.55,0.1,-0.44999999999999996,-0.8,0.7482949549720435,0.7676162430747762,0.9423663426418049,0.1747500995670287,0.395,positive
0.55,0.15000000000000002,-0.44999999999999996,-0.75,0.7482949549720435,0.7676162430747762,0.9159709642888648,0.14835472121408866,0.34500000000000003,positive
0.55,0.2,-0.44999999999999996,-0.7,0.7482949549720435,0.7676162430747762,0.8910139499490684,0.12339770687429219,0.29500000000000004,positive
0.55,0.25,-0.44999999999999996,-0.65,0.7482949549720435,0.7676162430747762,0.8673808468520102,0.09976460377723406,0.24500000000000005,positive
0.55,0.3,-0.44999999999999996,-0.6000000000000001,0.7482949549720435,0.7676162430747762,0.8449690313765238,0.07735278830174763,0.19500000000000006,positive
0.55,0.35000000000000003,-0.44999999999999996,-0.55,0.7482949549720435,0.7676162430747762,0.8236862193063776,0.05606997623160148,0.14500000000000002,positive
0.55,0.4,-0.44999999999999996,-0.5,0.7482949549720435,0.7676162430747762,0.8034491956938028,0.03583295261902664,0.09500000000000003,positive
0.55,0.45,-0.44999999999999996,-0.45,0.7482949549720435,0.7676162430747762,0.7841827274679463,0.0165664843931701,0.04500000000000004,positive
0.55,0.5,-0.44999999999999996,-0.4,0.7482949549720435,0.7676162430747762,0.765818628831431,-0.0017976142433451248,-0.004999999999999949,negative
0.55,0.55,-0.44999999999999996,-0.35,0.7482949549720435,0.7676162430747762,0.7482949549720435,-0.019321288102732703,-0.05499999999999999,negative
0.55,0.6000000000000001,-0.44999999999999996,-0.29999999999999993,0.7482949549720435,0.7676162430747762,0.731555303996331,-0.03606093907844521,-0.10500000000000004,negative
0.55,0.6500000000000001,-0.44999999999999996,-0.2499999999999999,0.7482949549720435,0.7676162430747762,0.715548210509156,-0.052068032565620204,-0.15500000000000008,negative
0.55,0.7000000000000001,-0.44999999999999996,-0.19999999999999996,0.7482949549720435,0.7676162430747762,0.7002266171026958,-0.06738962597208031,-0.20500000000000002,negative
0.55,0.7500000000000001,-0.44999999999999996,-0.1499999999999999,0.7482949549720435,0.7676162430747762,0.6855474123221037,-0.08206883075267246,-0.25500000000000006,negative
0.55,0.8,-0.44999999999999996,-0.09999999999999998,0.7482949549720435,0.7676162430747762,0.6714710255530446,-0.09614521752173155,-0.305,negative
0.55,0.8500000000000001,-0.44999999999999996,-0.04999999999999993,0.7482949549720435,0.7676162430747762,0.6579610708142554,-0.1096551722605208,-0.35500000000000004,negative
0.55,0.9000000000000001,-0.44999999999999996,1.1102230246251565e-16,0.7482949549720435,0.7676162430747762,0.6449840327032136,-0.12263221037156258,-0.4050000000000001,negative
0.55,0.9500000000000001,-0.44999999999999996,0.050000000000000044,0.7482949549720435,0.7676162430747762,0.6325089887877473,-0.13510725428702886,-0.455,negative
0.55,1.0,-0.44999999999999996,0.09999999999999998,0.7482949549720435,0.7676162430747762,0.6205073636027462,-0.14710887947203,-0.5049999999999999,negative
0.6000000000000001,0.05,-0.3999999999999999,-0.85,0.7482949549720435,0.7676162430747762,0.9727333573604287,0.2051171142856525,0.49000000000000016,positive
0.6000000000000001,0.1,-0.3999999999999999,-0.8,0.7482949549720435,0.7676162430747762,0.9469141866234273,0.17929794354865114,0.44000000000000017,positive
0.6000000000000001,0.15000000000000002,-0.3999999999999999,-0.75,0.7482949549720435,0.7676162430747762,0.922430207694145,0.1548139646193688,0.3900000000000001,positive
0.6000000000000001,0.2,-0.3999999999999999,-0.7,0.7482949549720435,0.7676162430747762,0.8991804605051882,0.13156421743041202,0.34000000000000014,positive
0.6000000000000001,0.25,-0.3999999999999999,-0.65,0.7482949549720435,0.7676162430747762,0.8770739134899461,0.10945767041516996,0.29000000000000015,positive
0.6000000000000001,0.3,-0.3999999999999999,-0.6000000000000001,0.7482949549720435,0.7676162430747762,0.8560282723964153,0.08841202932163916,0.24000000000000016,positive
0.6000000000000001,0.35000000000000003,-0.3999999999999999,-0.55,0.7482949549720435,0.7676162430747762,0.8359689565794634,0.06835271350468719,0.1900000000000001,positive
0.6000000000000001,0.4,-0.3999999999999999,-0.5,0.7482949549720435,0.7676162430747762,0.8168282159288708,0.04921197285409462,0.14000000000000012,positive
0.6000000000000001,0.45,-0.3999999999999999,-0.45,0.7482949549720435,0.7676162430747762,0.7985443663972539,0.03092812332247774,0.09000000000000014,positive
0.6000000000000001,0.5,-0.3999999999999999,-0.4,0.7482949549720435,0.7676162430747762,0.7810611259515817,0.013444882876805564,0.04000000000000015,positive
0.6000000000000001,0.55,-0.3999999999999999,-0.35,0.7482949549720435,0.7676162430747762,0.7643270358873867,-0.0032892071873894535,-0.009999999999999898,negative
0.6000000000000001,0.6000000000000001,-0.3999999999999999,-0.29999999999999993,0.7482949549720435,0.7676162430747762,0.7482949549720435,-0.019321288102732703,-0.05999999999999994,negative
0.6000000000000001,0.6500000000000001,-0.3999999999999999,-0.2499999999999999,0.7482949549720435,0.7676162430747762,0.7329216159434592,-0.03469462713131699,-0.10999999999999999,negative
0.6000000000000001,0.7000000000000001,-0.3999999999999999,-0.19999999999999996,0.7482949549720435,0.7676162430747762,0.7181672355772797,-0.04944900749749648,-0.15999999999999992,negative
0.6000000000000001,0.7500000000000001,-0.3999999999999999,-0.1499999999999999,0.7482949549720435,0.7676162430747762,0.7039951709228909,-0.06362107215188528,-0.20999999999999996,negative
0.6000000000000001,0.8,-0.3999999999999999,-0.09999999999999998,0.7482949549720435,0.7676162430747762,0.6903716154540793,-0.07724462762069684,-0.2599999999999999,negative
0.6000000000000001,0.8500000000000001,-0.3999999999999999,-0.04999999999999993,0.7482949549720435,0.7676162430747762,0.6772653298300642,-0.090350913244712,-0.30999999999999994,negative
0.6000000000000001,0.9000000000000001,-0.3999999999999999,1.1102230246251565e-16,0.7482949549720435,0.7676162430747762,0.6646474027531903,-0.10296884032158582,-0.36,negative
0.6000000000000001,0.9500000000000001,-0.3999999999999999,0.050000000000000044,0.7482949549720435,0.7676162430747762,0.6524910380700211,-0.1151252050047551,-0.4099999999999999,negative
0.6000000000000001,1.0,-0.3999999999999999,0.09999999999999998,0.7482949549720435,0.7676162430747762,0.6407713648162447,-0.1268448782585314,-0.45999999999999985,negative
0.6500000000000001,0.05,-0.34999999999999987,-0.85,0.7482949549720435,0.7676162430747762,0.9747778896966837,0.2071616466219075,0.5350000000000001,positive
0.6500000000000001,0.1,-0.34999999999999987,-0.8,0.7482949549720435,0.7676162430747762,0.9507967882279591,0.18318054515318294,0.4850000000000002,positive
0.6500000000000001,0.15000000000000002,-0.34999999999999987,-0.75,0.7482949549720435,0.7676162430747762,0.9279673023797002,0.160351059304924,0.43500000000000016,positive
0.6500000000000001,0.2,-0.34999999999999987,-0.7,0.7482949549720435,0.7676162430747762,0.9062084232682825,0.1385921801935064,0.3850000000000002,positive
0.6500000000000001,0.25,-0.34999999999999987,-0.65,0.7482949549720435,0.7676162430747762,0.8854465658867324,0.11783032281195627,0.3350000000000002,positive
0.6500000000000001,0.3,-0.34999999999999987,-0.6000000000000001,0.7482949549720435,0.7676162430747762,0.8656147377217168,0.09799849464694066,0.2850000000000002,positive
0.6500000000000001,0.35000000000000003,-0.34999999999999987,-0.55,0.7482949549720435,0.7676162430747762,0.846651816648599,0.07903557357382285,0.23500000000000015,positive
0.6500000000000001,0.4,-0.34999999999999987,-0.5,0.7482949549720435,0.7676162430747762,0.8285019217062003,0.060885678631424134,0.18500000000000016,positive
0.6500000000000001,0.45,-0.34999999999999987,-0.45,0.7482949549720435,0.7676162430747762,0.8111138631061791,0.043497620031402895,0.13500000000000018,positive
0.6500000000000001,0.5,-0.34999999999999987,-0.4,0.7482949549720435,0.7676162430747762,0.7944406600758345,0.02682441700105831,0.08500000000000019,positive
0.6500000000000001,0.55,-0.34999999999999987,-0.35,0.7482949549720435,0.7676162430747762,0.7784391169702783,0.010822873895502183,0.03500000000000014,positive
0.6500000000000001,0.6000000000000001,-0.34999999999999987,-0.29999999999999993,0.7482949549720435,0.7676162430747762,0.7630694496005954,-0.004546793474180744,-0.014999999999999902,negative
0.6500000000000001,0.6500000000000001,-0.34999999999999987,-0.2499999999999999,0.7482949549720435,0.7676162430747762,0.7482949549720435,-0.019321288102732703,-0.06499999999999995,negative
0.6500000000000001,0.7000000000000001,-0.34999999999999987,-0.19999999999999996,0.7482949549720435,0.7676162430747762,0.734081718660532,-0.033534524414244204,-0.11499999999999988,negative
0.6500000000000001,0.7500000000000001,-0.34999999999999987,-0.1499999999999999,0.7482949549720435,0.7676162430747762,0.7203983549163088,-0.04721788815846739,-0.16499999999999992,negative
0.6500000000000001,0.8,-0.34999999999999987,-0.09999999999999998,0.7482949549720435,0.7676162430747762,0.7072157753027235,-0.06040046777205266,-0.21499999999999986,negative
0.6500000000000001,0.8500000000000001,-0.34999999999999987,-0.04999999999999993,0.7482949549720435,0.7676162430747762,0.6945069822806064,-0.0731092607941698,-0.2649999999999999,negative
0.6500000000000001,0.9000000000000001,-0.34999999999999987,1.1102230246251565e-16,0.7482949549720435,0.7676162430747762,0.6822468846557164,-0.0853693584190598,-0.31499999999999995,negative
0.6500000000000001,0.9500000000000001,-0.34999999999999987,0.050000000000000044,0.7482949549720435,0.7676162430747762,0.670412132234488,-0.09720411084028813,-0.3649999999999999,negative
0.6500000000000001,1.0,-0.34999999999999987,0.09999999999999998,0.7482949549720435,0.7676162430747762,0.6589809673954398,-0.1086352756793364,-0.4149999999999998,negative
0.7000000000000001,0.05,-0.29999999999999993,-0.85,0.7482949549720435,0.7676162430747762,0.9765371989071213,0.20892095583234516,0.5800000000000001,positive
0.7000000000000001,0.1,-0.29999999999999993,-0.8,0.7482949549720435,0.7676162430747762,0.9541501634102879,0.18653392033551175,0.5300000000000001,positive
0.7000000000000001,0.15000000000000002,-0.29999999999999993,-0.75,0.7482949549720435,0.7676162430747762,0.9327665660944005,0.1651503230196243,0.4800000000000001,positive
0.7000000000000001,0.2,-0.29999999999999993,-0.7,0.7482949549720435,0.7676162430747762,0.9123204211816519,0.14470417810687575,0.4300000000000001,positive
0.7000000000000001,0.25,-0.29999999999999993,-0.65,0.7482949549720435,0.7676162430747762,0.8927514043998354,0.1251351613250592,0.3800000000000001,positive
0.7000000000000001,0.3,-0.29999999999999993,-0.6000000000000001,0.7482949549720435,0.7676162430747762,0.8740042585443467,0.10638801546957055,0.3300000000000001,positive
0.7000000000000001,0.35000000000000003,-0.29999999999999993,-0.55,0.7482949549720435,0.7676162430747762,0.8560282723964153,0.08841202932163916,0.2800000000000001,positive
0.7000000000000001,0.4,-0.29999999999999993,-0.5,0.7482949549720435,0.7676162430747762,0.8387768226491799,0.07116057957440369,0.2300000000000001,positive
0.7000000000000001,0.45,-0.29999999999999993,-0.45,0.7482949549720435,0.7676162430747762,0.8222069701286631,0.0545907270538869,0.1800000000000001,positive
0.7000000000000001,0.5,-0.29999999999999993,-0.4,0.7482949549720435,0.7676162430747762,0.8062791029470083,0.03866285987223217,0.13000000000000012,positive
0.7000000000000001,0.55,-0.29999999999999993,-0.35,0.7482949549720435,0.7676162430747762,0.7909566203446907,0.02334037726991456,0.08000000000000007,positive
0.7000000000000001,0.6000000000000001,-0.29999999999999993,-0.29999999999999993,0.7482949549720435,0.7676162430747762,0.7762056519098911,0.008589408835114942,0.030000000000000027,positive
0.7000000000000001,0.6500000000000001,-0.29999999999999993,-0.2499999999999999,0.7482949549720435,0.7676162430747762,0.761994807641215,-0.005621435433561195,-0.020000000000000018,negative
0.7000000000000001,0.7000000000000001,-0.29999999999999993,-0.19999999999999996,0.7482949549720435,0.7676162430747762,0.7482949549720435,-0.019321288102732703,-0.06999999999999995,negative
0.7000000000000001,0.7500000000000001,-0.29999999999999993,-0.1499999999999999,0.7482949549720435,0.7676162430747762,0.735079019423255,-0.03253722365152112,-0.12,negative
0.7000000000000001,0.8,-0.29999999999999993,-0.09999999999999998,0.7482949549720435,0.7676162430747762,0.722321806013845,-0.04529443706093117,-0.16999999999999993,negative
0.7000000000000001,0.8500000000000001,-0.29999999999999993,-0.04999999999999993,0.7482949549720435,0.7676162430747762,0.7099998389507017,-0.05761640412407443,-0.21999999999999997,negative
0.7000000000000001,0.9000000000000001,-0.29999999999999993,1.1102230246251565e-16,0.7482949549720435,0.7676162430747762,0.6980912174514071,-0.06952502562336904,-0.27,negative
0.7000000000000001,0.9500000000000001,-0.29999999999999993,0.050000000000000044,0.7482949549720435,0.7676162430747762,0.6865754858371405,-0.08104075723763571,-0.31999999999999995,negative
0.7000000000000001,1.0,-0.29999999999999993,0.09999999999999998,0.7482949549720435,0.7676162430747762,0.6754335162746306,-0.09218272680014561,-0.3699999999999999,negative
0.7500000000000001,0.05,-0.2499999999999999,-0.85,0.7482949549720435,0.7676162430747762,0.9780670784616171,0.21045083538684095,0.6250000000000001,positive
0.7500000000000001,0.1,-0.2499999999999999,-0.8,0.7482949549720435,0.7676162430747762,0.9570756141110205,0.18945937103624433,0.5750000000000002,positive
0.7500000000000001,0.15000000000000002,-0.2499999999999999,-0.75,0.7482949549720435,0.7676162430747762,0.9369662633837998,0.16935002030902369,0.5250000000000001,positive
0.7500000000000001,0.2,-0.2499999999999999,-0.7,0.7482949549720435,0.7676162430747762,0.9176845676067089,0.15006832453193275,0.47500000000000014,positive
0.7500000000000001,0.25,-0.2499999999999999,-0.65,0.7482949549720435,0.7676162430747762,0.8991804605051881,0.1315642174304119,0.42500000000000016,positive
0.7500000000000001,0.3,-0.2499999999999999,-0.6000000000000001,0.7482949549720435,0.7676162430747762,0.8814078341166365,0.11379159104186032,0.37500000000000017,positive
0.7500000000000001,0.35000000000000003,-0.2499999999999999,-0.55,0.7482949549720435,0.7676162430747762,0.8643241551851832,0.09670791211040708,0.3250000000000001,positive
0.7500000000000001,0.4,-0.2499999999999999,-0.5,0.7482949549720435,0.7676162430747762,0.8478901253190682,0.080273882244292,0.27500000000000013,positive
0.7500000000000001,0.45,-0.2499999999999999,-0.45,0.7482949549720435,0.7676162430747762,0.8320693791946753,0.06445313611989911,0.22500000000000014,positive
0.7500000000000001,0.5,-0.2499999999999999,-0.4,0.7482949549720435,0.7676162430747762,0.8168282159288708,0.04921197285409462,0.17500000000000016,positive
0.7500000000000001,0.55,-0.2499999999999999,-0.35,0.7482949549720435,0.7676162430747762,0.8021353594432943,0.03451911636851812,0.1250000000000001,positive
0.7500000000000001,0.6000000000000001,-0.2499999999999999,-0.29999999999999993,0.7482949549720435,0.7676162430747762,0.7879617442346198,0.020345501159843682,0.07500000000000007,positive
0.7500000000000001,0.6500000000000001,-0.2499999999999999,-0.2499999999999999,0.7482949549720435,0.7676162430747762,0.7742803234629091,0.006664080388132931,0.025000000000000022,positive
0.7500000000000001,0.7000000000000001,-0.2499999999999999,-0.19999999999999996,0.7482949549720435,0.7676162430747762,0.7610658966917798,-0.0065503463829963415,-0.02499999999999991,negative
0.7500000000000001,0.7500000000000001,-0.2499999999999999,-0.1499999999999999,0.7482949549720435,0.7676162430747762,0.7482949549720435,-0.019321288102732703,-0.07499999999999996,negative
0.7500000000000001,0.8,-0.2499999999999999,-0.09999999999999998,0.7482949549720435,0.7676162430747762,0.7359455412652244,-0.03167070180955178,-0.12499999999999989,negative
0.7500000000000001,0.8500000000000001,-0.2499999999999999,-0.04999999999999993,0.7482949549720435,0.7676162430747762,0.7239971244636135,-0.04361911861116263,-0.17499999999999993,negative
0.7500000000000001,0.9000000000000001,-0.2499999999999999,1.1102230246251565e-16,0.7482949549720435,0.7676162430747762,0.7124304854863189,-0.05518575758845723,-0.22499999999999998,negative
0.7500000000000001,0.9500000000000001,-0.2499999999999999,0.050000000000000044,0.7482949549720435,0.7676162430747762,0.7012276141220596,-0.06638862895271658,-0.2749999999999999,negative
0.7500000000000001,1.0,-0.2499999999999999,0.09999999999999998,0.7482949549720435,0.7676162430747762,0.6903716154540794,-0.07724462762069673,-0.32499999999999984,negative
0.8,0.05,-0.19999999999999996,-0.85,0.7482949549720435,0.7676162430747762,0.9794096606641972,0.21179341758942105,0.67,positive
0.8,0.1,-0.19999999999999996,-0.8,0.7482949549720435,0.7676162430747762,0.959650138665426,0.19203389559064987,0.6200000000000001,positive
0.8,0.15000000000000002,-0.19999999999999996,-0.75,0.7482949549720435,0.7676162430747762,0.9406721433918472,0.17305590031707108,0.5700000000000001,positive
0.8,0.2,-0.19999999999999996,-0.7,0.7482949549720435,0.7676162430747762,0.922430207694145,0.1548139646193688,0.52,positive
0.8,0.25,-0.19999999999999996,-0.65,0.7482949549720435,0.7676162430747762,0.9048823242066576,0.13726608113188143,0.4700000000000001,positive
0.8,0.3,-0.19999999999999996,-0.6000000000000001,0.7482949549720435,0.7676162430747762,0.8879896224043163,0.12037337932954018,0.4200000000000001,positive
0.8,0.35000000000000003,-0.19999999999999996,-0.55,0.7482949549720435,0.7676162430747762,0.8717160811696428,0.10409983809486667,0.37000000000000005,positive
0.8,0.4,-0.19999999999999996,-0.5,0.7482949549720435,0.7676162430747762,0.8560282723964152,0.08841202932163905,0.32000000000000006,positive
0.8,0.45,-0.19999999999999996,-0.45,0.7482949549720435,0.7676162430747762,0.840895131789272,0.07327888871449584,0.2700000000000001,positive
0.8,0.5,-0.19999999999999996,-0.4,0.7482949549720435,0.7676162430747762,0.8262877535522641,0.058671510477487976,0.22000000000000008,positive
0.8,0.55,-0.19999999999999996,-0.35,0.7482949549720435,0.7676162430747762,0.8121792061110944,0.04456296303631824,0.17000000000000004,positive
0.8,0.6000000000000001,-0.19999999999999996,-0.29999999999999993,0.7482949549720435,0.7676162430747762,0.7985443663972539,0.03092812332247774,0.12,positive
0.8,0.6500000000000001,-0.19999999999999996,-0.2499999999999999,0.7482949549720435,0.7676162430747762,0.7853597705487534,0.017743527473977228,0.06999999999999995,positive
0.8,0.7000000000000001,-0.19999999999999996,-0.19999999999999996,0.7482949549720435,0.7676162430747762,0.7726034791609125,0.004987236086136382,0.020000000000000018,positive
0.8,0.7500000000000001,-0.19999999999999996,-0.1499999999999999,0.7482949549720435,0.7676162430747762,0.7602549554593321,-0.007361287615444079,-0.030000000000000027,negative
0.8,0.8,-0.19999999999999996,-0.09999999999999998,0.7482949549720435,0.7676162430747762,0.7482949549720433,-0.019321288102732814,-0.07999999999999996,negative
0.8,0.8500000000000001,-0.19999999999999996,-0.04999999999999993,0.7482949549720435,0.7676162430747762,0.7367054254541511,-0.030910817620625086,-0.13,negative
0.8,0.9000000000000001,-0.19999999999999996,1.1102230246251565e-16,0.7482949549720435,0.7676162430747762,0.7254694159703894,-0.042146827104386775,-0.18000000000000005,negative
0.8,0.9500000000000001,-0.19999999999999996,0.050000000000000044,0.7482949549720435,0.7676162430747762,0.7145709941725664,-0.05304524890220974,-0.22999999999999998,negative
0.8,1.0,-0.19999999999999996,0.09999999999999998,0.7482949549720435,0.7676162430747762,0.7039951709228909,-0.06362107215188528,-0.2799999999999999,negative
0.8500000000000001,0.05,-0.1499999999999999,-0.85,0.7482949549720435,0.7676162430747762,0.980597356683368,0.21298111360859184,0.7150000000000001,positive
0.8500000000000001,0.1,-0.1499999999999999,-0.8,0.7482949549720435,0.7676162430747762,0.9619333078173989,0.19431706474262278,0.6650000000000001,positive
0.8500000000000001,0.15000000000000002,-0.1499999999999999,-0.75,0.7482949549720435,0.7676162430747762,0.9439664673458236,0.1763502242710474,0.6150000000000001,positive
0.8500000000000001,0.2,-0.1499999999999999,-0.7,0.7482949549720435,0.7676162430747762,0.9266584845284586,0.1590422414536824,0.5650000000000002,positive
0.8500000000000001,0.25,-0.1499999999999999,-0.65,0.7482949549720435,0.7676162430747762,0.909973770683145,0.14235752760836884,0.5150000000000001,positive
0.8500000000000001,0.3,-0.1499999999999999,-0.6000000000000001,0.7482949549720435,0.7676162430747762,0.8938792549260348,0.12626301185125866,0.46500000000000014,positive
0.8500000000000001,0.35000000000000003,-0.1499999999999999,-0.55,0.7482949549720435,0.7676162430747762,0.8783441653824096,0.1107279223076334,0.4150000000000001,positive
0.8500000000000001,0.4,-0.1499999999999999,-0.5,0.7482949549720435,0.7676162430747762,0.8633398328223223,0.09572358974754613,0.3650000000000001,positive
0.8500000000000001,0.45,-0.1499999999999999,-0.45,0.7482949549720435,0.7676162430747762,0.8488395140845949,0.08122327100981874,0.3150000000000001,positive
0.8500000000000001,0.5,-0.1499999999999999,-0.4,0.7482949549720435,0.7676162430747762,0.8348182330010965,0.06720198992632032,0.2650000000000001,positive
0.8500000000000001,0.55,-0.1499999999999999,-0.35,0.7482949549720435,0.7676162430747762,0.8212526368306764,0.053636393755900236,0.21500000000000008,positive
0.8500000000000001,0.6000000000000001,-0.1499999999999999,-0.29999999999999993,0.7482949549720435,0.7676162430747762,0.8081208664667634,0.04050462339198724,0.16500000000000004,positive
0.8500000000000001,0.6500000000000001,-0.1499999999999999,-0.2499999999999999,0.7482949549720435,0.7676162430747762,0.7954024389012144,0.027786195826438265,0.11499999999999999,positive
0.8500000000000001,0.7000000000000001,-0.1499999999999999,-0.19999999999999996,0.7482949549720435,0.7676162430747762,0.7830781406150898,0.015461897540313685,0.06500000000000006,positive
0.8500000000000001,0.7500000000000001,-0.1499999999999999,-0.1499999999999999,0.7482949549720435,0.7676162430747762,0.771129930729293,0.0035136876545168727,0.015000000000000013,positive
0.8500000000000001,0.8,-0.1499999999999999,-0.09999999999999998,0.7482949549720435,0.7676162430747762,0.7595408528883275,-0.00807539018644865,-0.03499999999999992,negative
0.8500000000000001,0.8500000000000001,-0.1499999999999999,-0.04999999999999993,0.7482949549720435,0.7676162430747762,0.7482949549720433,-0.019321288102732814,-0.08499999999999996,negative
0.8500000000000001,0.9000000000000001,-0.1499999999999999,1.1102230246251565e-16,0.7482949549720435,0.7676162430747762,0.7373772158358927,-0.030239027238883498,-0.135,negative
0.8500000000000001,0.9500000000000001,-0.1499999999999999,0.050000000000000044,0.7482949549720435,0.7676162430747762,0.7267734783721852,-0.04084276470259096,-0.18499999999999994,negative
0.8500000000000001,1.0,-0.1499999999999999,0.09999999999999998,0.7482949549720435,0.7676162430747762,0.71647038826508,-0.051145854809696134,-0.23499999999999988,negative
0.9000000000000001,0.05,-0.09999999999999987,-0.85,0.7482949549720435,0.7676162430747762,0.9816555073316214,0.21403926425684527,0.7600000000000001,positive
0.9000000000000001,0.1,-0.09999999999999987,-0.8,0.7482949549720435,0.7676162430747762,0.9639719313052693,0.1963556882304931,0.7100000000000002,positive
0.9000000000000001,0.15000000000000002,-0.09999999999999987,-0.75,0.7482949549720435,0.7676162430747762,0.9469141866234273,0.17929794354865114,0.6600000000000001,positive
0.9000000000000001,0.2,-0.09999999999999987,-0.7,0.7482949549720435,0.7676162430747762,0.930449628184067,0.1628333851092908,0.6100000000000001,positive
0.9000000000000001,0.25,-0.09999999999999987,-0.65,0.7482949549720435,0.7676162430747762,0.9145478425606784,0.1469315994859023,0.5600000000000002,positive
0.9000000000000001,0.3,-0.09999999999999987,-0.6000000000000001,0.7482949549720435,0.7676162430747762,0.8991804605051883,0.13156421743041213,0.5100000000000002,positive
0.9000000000000001,0.35000000000000003,-0.09999999999999987,-0.55,0.7482949549720435,0.7676162430747762,0.8843209880418587,0.1167047449670825,0.46000000000000013,positive
0.9000000000000001,0.4,-0.09999999999999987,-0.5,0.7482949549720435,0.7676162430747762,0.8699446540365423,0.10232841096176615,0.41000000000000014,positive
0.9000000000000001,0.45,-0.09999999999999987,-0.45,0.7482949549720435,0.7676162430747762,0.8560282723964152,0.08841202932163905,0.36000000000000015,positive
0.9000000000000001,0.5,-0.09999999999999987,-0.4,0.7482949549720435,0.7676162430747762,0.8425501172876917,0.07493387421291553,0.31000000000000016,positive
0.9000000000000001,0.55,-0.09999999999999987,-0.35,0.7482949549720435,0.7676162430747762,0.8294898099587851,0.06187356688400891,0.2600000000000001,positive
0.9000000000000001,0.6000000000000001,-0.09999999999999987,-0.29999999999999993,0.7482949549720435,0.7676162430747762,0.8168282159288707,0.04921197285409451,0.21000000000000008,positive
0.9000000000000001,0.6500000000000001,-0.09999999999999987,-0.2499999999999999,0.7482949549720435,0.7676162430747762,0.8045473514509562,0.03693110837618008,0.16000000000000003,positive
0.9000000000000001,0.7000000000000001,-0.09999999999999987,-0.19999999999999996,0.7482949549720435,0.7676162430747762,0.792630298287835,0.025014055213058883,0.1100000000000001,positive
0.9000000000000001,0.7500000000000001,-0.09999999999999987,-0.1499999999999999,0.7482949549720435,0.7676162430747762,0.7810611259515816,0.013444882876805453,0.06000000000000005,positive
0.9000000000000001,0.8,-0.09999999999999987,-0.09999999999999998,0.7482949549720435,0.7676162430747762,0.7698248206549996,0.002208577580223414,0.01000000000000012,positive
0.9000000000000001,0.8500000000000001,-0.09999999999999987,-0.04999999999999993,0.7482949549720435,0.7676162430747762,0.7589072203087014,-0.00870902276607477,-0.039999999999999925,negative
0.9000000000000001,0.9000000000000001,-0.09999999999999987,1.1102230246251565e-16,0.7482949549720435,0.7676162430747762,0.7482949549720433,-0.019321288102732814,-0.08999999999999997,negative
0.9000000000000001,0.9500000000000001,-0.09999999999999987,0.050000000000000044,0.7482949549720435,0.7676162430747762,0.7379753922314248,-0.02964085084335133,-0.1399999999999999,negative
0.9000000000000001,1.0,-0.09999999999999987,0.09999999999999998,0.7482949549720435,0.7676162430747762,0.7279365870367563,-0.03967965603801982,-0.18999999999999984,negative
0.9500000000000001,0.05,-0.04999999999999993,-0.85,0.7482949549720435,0.7676162430747762,0.9826042113184872,0.21498796824371103,0.805,positive
0.9500000000000001,0.1,-0.04999999999999993,-0.8,0.7482949549720435,0.7676162430747762,0.9658033011831969,0.19818705810842074,0.7550000000000001,positive
0.9500000000000001,0.15000000000000002,-0.04999999999999993,-0.75,0.7482949549720435,0.7676162430747762,0.94956726824398,0.1819510251692038,0.7050000000000001,positive
0.9500000000000001,0.2,-0.04999999999999993,-0.7,0.7482949549720435,0.7676162430747762,0.9338680951971194,0.16625185212234328,0.655,positive
0.9500000000000001,0.25,-0.04999999999999993,-0.65,0.7482949549720435,0.7676162430747762,0.918679587441856,0.1510633443670798,0.6050000000000001,positive
0.9500000000000001,0.3,-0.04999999999999993,-0.6000000000000001,0.7482949549720435,0.7676162430747762,0.903977227229561,0.13636098415478481,0.5550000000000002,positive
0.9500000000000001,0.35000000000000003,-0.04999999999999993,-0.55,0.7482949549720435,0.7676162430747762,0.8897380415973086,0.12212179852253247,0.5050000000000001,positive
0.9500000000000001,0.4,-0.04999999999999993,-0.5,0.7482949549720435,0.7676162430747762,0.8759404825895202,0.10832423951474401,0.45500000000000007,positive
0.9500000000000001,0.45,-0.04999999999999993,-0.45,0.7482949549720435,0.7676162430747762,0.8625643184541549,0.09494807537937877,0.4050000000000001,positive
0.9500000000000001,0.5,-0.04999999999999993,-0.4,0.7482949549720435,0.7676162430747762,0.8495905346579752,0.08197429158319902,0.3550000000000001,positive
0.9500000000000001,0.55,-0.04999999999999993,-0.35,0.7482949549720435,0.7676162430747762,0.8370012437023866,0.06938500062761044,0.30500000000000005,positive
0.9500000000000001,0.6000000000000001,-0.04999999999999993,-0.29999999999999993,0.7482949549720435,0.7676162430747762,0.8247796028403308,0.057163359765554644,0.255,positive
0.9500000000000001,0.6500000000000001,-0.04999999999999993,-0.2499999999999999,0.7482949549720435,0.7676162430747762,0.8129097388982709,0.045293495823494734,0.20499999999999996,positive
0.9500000000000001,0.7000000000000001,-0.04999999999999993,-0.19999999999999996,0.7482949549720435,0.7676162430747762,0.8013766794976515,0.033760436422875295,0.15500000000000003,positive
0.9500000000000001,0.7500000000000001,-0.04999999999999993,-0.1499999999999999,0.7482949549720435,0.7676162430747762,0.7901662900491808,0.02255004697440466,0.10499999999999998,positive
0.9500000000000001,0.8,-0.04999999999999993,-0.09999999999999998,0.7482949549720435,0.7676162430747762,0.7792652159624457,0.011648972887669529,0.05500000000000005,positive
0.9500000000000001,0.8500000000000001,-0.04999999999999993,-0.04999999999999993,0.7482949549720435,0.7676162430747762,0.7686608295740608,0.0010445864992846277,0.0050000000000000044,positive
0.9500000000000001,0.9000000000000001,-0.04999999999999993,1.1102230246251565e-16,0.7482949549720435,0.7676162430747762,0.758341181350911,-0.009275061723865163,-0.04500000000000004,negative
0.9500000000000001,0.9500000000000001,-0.04999999999999993,0.050000000000000044,0.7482949549720435,0.7676162430747762,0.7482949549720435,-0.019321288102732703,-0.09499999999999997,negative
0.9500000000000001,1.0,-0.04999999999999993,0.09999999999999998,0.7482949549720435,0.7676162430747762,0.738511425934231,-0.029104817140545136,-0.1449999999999999,negative
1.0,0.05,0.0,-0.85,0.7482949549720435,0.7676162430747762,0.9834596140996712,0.21584337102489504,0.85,positive
1.0,0.1,0.0,-0.8,0.7482949549720435,0.7676162430747762,0.9674574938098908,0.1998412507351146,0.8,positive
1.0,0.15000000000000002,0.0,-0.75,0.7482949549720435,0.7676162430747762,0.9519677850411477,0.1843515419663715,0.75,positive
1.0,0.2,0.0,-0.7,0.7482949549720435,0.7676162430747762,0.9369662633837998,0.16935002030902369,0.7,positive
1.0,0.25,0.0,-0.65,0.7482949549720435,0.7676162430747762,0.922430207694145,0.1548139646193688,0.65,positive
1.0,0.3,0.0,-0.6000000000000001,0.7482949549720435,0.7676162430747762,0.908338285267809,0.14072204219303286,0.6000000000000001,positive
1.0,0.35000000000000003,0.0,-0.55,0.7482949549720435,0.7676162430747762,0.8946704473799649,0.12705420430518877,0.55,positive
1.0,0.4,0.0,-0.5,0.7482949549720435,0.7676162430747762,0.8814078341166365,0.11379159104186032,0.5,positive
1.0,0.45,0.0,-0.45,0.7482949549720435,0.7676162430747762,0.8685326875470486,0.10091644447227244,0.45,positive
1.0,0.5,0.0,-0.4,0.7482949549720435,0.7676162430747762,0.8560282723964152,0.08841202932163905,0.4,positive
1.0,0.55,0.0,-0.35,0.7482949549720435,0.7676162430747762,0.8438788034739955,0.0762625603992193,0.35,positive
1.0,0.6000000000000001,0.0,-0.29999999999999993,0.7482949549720435,0.7676162430747762,0.8320693791946753,0.06445313611989911,0.29999999999999993,positive
1.0,0.6500000000000001,0.0,-0.2499999999999999,0.7482949549720435,0.7676162430747762,0.8205859206053941,0.05296967753061799,0.2499999999999999,positive
1.0,0.7000000000000001,0.0,-0.19999999999999996,0.7482949549720435,0.7676162430747762,0.8094151153918475,0.041798872317071356,0.19999999999999996,positive
1.0,0.7500000000000001,0.0,-0.1499999999999999,0.7482949549720435,0.7676162430747762,0.7985443663972539,0.03092812332247774,0.1499999999999999,positive
1.0,0.8,0.0,-0.09999999999999998,0.7482949549720435,0.7676162430747762,0.78796174423462,0.020345501159843793,0.09999999999999998,positive
1.0,0.8500000000000001,0.0,-0.04999999999999993,0.7482949549720435,0.7676162430747762,0.7776559436177272,0.010039700542951002,0.04999999999999993,positive
1.0,0.9000000000000001,0.0,1.1102230246251565e-16,0.7482949549720435,0.7676162430747762,0.7676162430747762,0.0,-1.1102230246251565e-16,zero
1.0,0.9500000000000001,0.0,0.050000000000000044,0.7482949549720435,0.7676162430747762,0.757832467742887,-0.009783775331889122,-0.050000000000000044,negative
1.0,1.0,0.0,0.09999999999999998,0.7482949549720435,0.7676162430747762,0.7482949549720435,-0.019321288102732703,-0.09999999999999998,negative
