control_extraction_success_random_within_arm,treatment_extraction_success_random_within_arm,raw_control_accuracy,raw_treatment_accuracy,raw_effect,derived_control_accuracy_failure_to_zero,derived_treatment_accuracy_failure_to_zero,derived_effect,distortion,sign_reversed_relative_to_raw,true_null_apparent_effect_if_p0_equals_p1,zero_effect_boundary_residual_r1p1_minus_r0p0
0.0,0.0,0.7482949549720435,0.7952747143846035,0.04697975941256005,0.0,0.0,0.0,-0.04697975941256005,False,0.0,0.0
0.0,0.05,0.7482949549720435,0.7952747143846035,0.04697975941256005,0.0,0.03976373571923018,0.03976373571923018,-0.007216023693329875,False,0.03741474774860217,0.03976373571923018
0.0,0.1,0.7482949549720435,0.7952747143846035,0.04697975941256005,0.0,0.07952747143846035,0.07952747143846035,0.0325477120259003,False,0.07482949549720434,0.07952747143846035
0.0,0.15000000000000002,0.7482949549720435,0.7952747143846035,0.04697975941256005,0.0,0.11929120715769054,0.11929120715769054,0.07231144774513049,False,0.11224424324580654,0.11929120715769054
0.0,0.2,0.7482949549720435,0.7952747143846035,0.04697975941256005,0.0,0.1590549428769207,0.1590549428769207,0.11207518346436066,False,0.14965899099440869,0.1590549428769207
0.0,0.25,0.7482949549720435,0.7952747143846035,0.04697975941256005,0.0,0.19881867859615088,0.19881867859615088,0.15183891918359083,False,0.18707373874301086,0.19881867859615088
0.0,0.30000000000000004,0.7482949549720435,0.7952747143846035,0.04697975941256005,0.0,0.23858241431538108,0.23858241431538108,0.19160265490282102,False,0.22448848649161307,0.23858241431538108
0.0,0.35000000000000003,0.7482949549720435,0.7952747143846035,0.04697975941256005,0.0,0.2783461500346113,0.2783461500346113,0.23136639062205122,False,0.2619032342402152,0.2783461500346113
0.0,0.4,0.7482949549720435,0.7952747143846035,0.04697975941256005,0.0,0.3181098857538414,0.3181098857538414,0.27113012634128136,False,0.29931798198881737,0.3181098857538414
0.0,0.45,0.7482949549720435,0.7952747143846035,0.04697975941256005,0.0,0.3578736214730716,0.3578736214730716,0.31089386206051156,False,0.3367327297374196,0.3578736214730716
0.0,0.5,0.7482949549720435,0.7952747143846035,0.04697975941256005,0.0,0.39763735719230175,0.39763735719230175,0.3506575977797417,False,0.37414747748602173,0.39763735719230175
0.0,0.55,0.7482949549720435,0.7952747143846035,0.04697975941256005,0.0,0.43740109291153195,0.43740109291153195,0.3904213334989719,False,0.41156222523462394,0.43740109291153195
0.0,0.6000000000000001,0.7482949549720435,0.7952747143846035,0.04697975941256005,0.0,0.47716482863076215,0.47716482863076215,0.4301850692182021,False,0.44897697298322614,0.47716482863076215
0.0,0.65,0.7482949549720435,0.7952747143846035,0.04697975941256005,0.0,0.5169285643499923,0.5169285643499923,0.4699488049374323,False,0.48639172073182824,0.5169285643499923
0.0,0.7000000000000001,0.7482949549720435,0.7952747143846035,0.04697975941256005,0.0,0.5566923000692225,0.5566923000692225,0.5097125406566625,False,0.5238064684804304,0.5566923000692225
0.0,0.75,0.7482949549720435,0.7952747143846035,0.04697975941256005,0.0,0.5964560357884526,0.5964560357884526,0.5494762763758926,False,0.5612212162290326,0.5964560357884526
0.0,0.8,0.7482949549720435,0.7952747143846035,0.04697975941256005,0.0,0.6362197715076828,0.6362197715076828,0.5892400120951228,False,0.5986359639776347,0.6362197715076828
0.0,0.8500000000000001,0.7482949549720435,0.7952747143846035,0.04697975941256005,0.0,0.675983507226913,0.675983507226913,0.629003747814353,False,0.636050711726237,0.675983507226913
0.0,0.9,0.7482949549720435,0.7952747143846035,0.04697975941256005,0.0,0.7157472429461432,0.7157472429461432,0.6687674835335832,False,0.6734654594748392,0.7157472429461432
0.0,0.9500000000000001,0.7482949549720435,0.7952747143846035,0.04697975941256005,0.0,0.7555109786653734,0.7555109786653734,0.7085312192528134,False,0.7108802072234414,0.7555109786653734
0.0,1.0,0.7482949549720435,0.7952747143846035,0.04697975941256005,0.0,0.7952747143846035,0.7952747143846035,0.7482949549720435,False,0.7482949549720435,0.7952747143846035
0.05,0.0,0.7482949549720435,0.7952747143846035,0.04697975941256005,0.03741474774860217,0.0,-0.03741474774860217,-0.08439450716116223,True,-0.03741474774860217,-0.03741474774860217
0.05,0.05,0.7482949549720435,0.7952747143846035,0.04697975941256005,0.03741474774860217,0.03976373571923018,0.0023489879706280054,-0.044630771441932046,False,0.0,0.0023489879706280054
0.05,0.1,0.7482949549720435,0.7952747143846035,0.04697975941256005,0.03741474774860217,0.07952747143846035,0.04211272368985818,-0.004867035722701869,False,0.03741474774860217,0.04211272368985818
0.05,0.15000000000000002,0.7482949549720435,0.7952747143846035,0.04697975941256005,0.03741474774860217,0.11929120715769054,0.08187645940908836,0.03489669999652831,False,0.07482949549720436,0.08187645940908836
0.05,0.2,0.7482949549720435,0.7952747143846035,0.04697975941256005,0.03741474774860217,0.1590549428769207,0.12164019512831853,0.07466043571575848,False,0.11224424324580654,0.12164019512831853
0.05,0.25,0.7482949549720435,0.7952747143846035,0.04697975941256005,0.03741474774860217,0.19881867859615088,0.1614039308475487,0.11442417143498865,False,0.14965899099440869,0.1614039308475487
0.05,0.30000000000000004,0.7482949549720435,0.7952747143846035,0.04697975941256005,0.03741474774860217,0.23858241431538108,0.2011676665667789,0.15418790715421885,False,0.1870737387430109,0.2011676665667789
0.05,0.35000000000000003,0.7482949549720435,0.7952747143846035,0.04697975941256005,0.03741474774860217,0.2783461500346113,0.2409314022860091,0.19395164287344904,False,0.22448848649161307,0.2409314022860091
0.05,0.4,0.7482949549720435,0.7952747143846035,0.04697975941256005,0.03741474774860217,0.3181098857538414,0.28069513800523926,0.2337153785926792,False,0.2619032342402152,0.28069513800523926
0.05,0.45,0.7482949549720435,0.7952747143846035,0.04697975941256005,0.03741474774860217,0.3578736214730716,0.32045887372446946,0.2734791143119094,False,0.29931798198881737,0.32045887372446946
0.05,0.5,0.7482949549720435,0.7952747143846035,0.04697975941256005,0.03741474774860217,0.39763735719230175,0.3602226094436996,0.31324285003113955,False,0.3367327297374196,0.3602226094436996
0.05,0.55,0.7482949549720435,0.7952747143846035,0.04697975941256005,0.03741474774860217,0.43740109291153195,0.3999863451629298,0.35300658575036975,False,0.37414747748602173,0.3999863451629298
0.05,0.6000000000000001,0.7482949549720435,0.7952747143846035,0.04697975941256005,0.03741474774860217,0.47716482863076215,0.43975008088216,0.39277032146959995,False,0.41156222523462394,0.43975008088216
0.05,0.65,0.7482949549720435,0.7952747143846035,0.04697975941256005,0.03741474774860217,0.5169285643499923,0.4795138166013902,0.43253405718883015,False,0.4489769729832261,0.4795138166013902
0.05,0.7000000000000001,0.7482949549720435,0.7952747143846035,0.04697975941256005,0.03741474774860217,0.5566923000692225,0.5192775523206203,0.4722977929080603,False,0.48639172073182824,0.5192775523206203
0.05,0.75,0.7482949549720435,0.7952747143846035,0.04697975941256005,0.03741474774860217,0.5964560357884526,0.5590412880398504,0.5120615286272904,False,0.5238064684804304,0.5590412880398504
0.05,0.8,0.7482949549720435,0.7952747143846035,0.04697975941256005,0.03741474774860217,0.6362197715076828,0.5988050237590806,0.5518252643465206,False,0.5612212162290326,0.5988050237590806
0.05,0.8500000000000001,0.7482949549720435,0.7952747143846035,0.04697975941256005,0.03741474774860217,0.675983507226913,0.6385687594783108,0.5915890000657508,False,0.5986359639776347,0.6385687594783108
0.05,0.9,0.7482949549720435,0.7952747143846035,0.04697975941256005,0.03741474774860217,0.7157472429461432,0.678332495197541,0.631352735784981,False,0.636050711726237,0.678332495197541
0.05,0.9500000000000001,0.7482949549720435,0.7952747143846035,0.04697975941256005,0.03741474774860217,0.7555109786653734,0.7180962309167712,0.6711164715042112,False,0.6734654594748392,0.7180962309167712
0.05,1.0,0.7482949549720435,0.7952747143846035,0.04697975941256005,0.03741474774860217,0.7952747143846035,0.7578599666360013,0.7108802072234413,False,0.7108802072234413,0.7578599666360013
0.1,0.0,0.7482949549720435,0.7952747143846035,0.04697975941256005,0.07482949549720434,0.0,-0.07482949549720434,-0.1218092549097644,True,-0.07482949549720434,-0.07482949549720434
0.1,0.05,0.7482949549720435,0.7952747143846035,0.04697975941256005,0.07482949549720434,0.03976373571923018,-0.035065759777974166,-0.08204551919053421,True,-0.03741474774860217,-0.035065759777974166
0.1,0.1,0.7482949549720435,0.7952747143846035,0.04697975941256005,0.07482949549720434,0.07952747143846035,0.004697975941256011,-0.04228178347130404,False,0.0,0.004697975941256011
0.1,0.15000000000000002,0.7482949549720435,0.7952747143846035,0.04697975941256005,0.07482949549720434,0.11929120715769054,0.044461711660486194,-0.002518047752073857,False,0.037414747748602185,0.044461711660486194
0.1,0.2,0.7482949549720435,0.7952747143846035,0.04697975941256005,0.07482949549720434,0.1590549428769207,0.08422544737971636,0.03724568796715631,False,0.07482949549720434,0.08422544737971636
0.1,0.25,0.7482949549720435,0.7952747143846035,0.04697975941256005,0.07482949549720434,0.19881867859615088,0.12398918309894653,0.07700942368638648,False,0.11224424324580652,0.12398918309894653
0.1,0.30000000000000004,0.7482949549720435,0.7952747143846035,0.04697975941256005,0.07482949549720434,0.23858241431538108,0.16375291881817672,0.11677315940561667,False,0.1496589909944087,0.16375291881817672
0.1,0.35000000000000003,0.7482949549720435,0.7952747143846035,0.04697975941256005,0.07482949549720434,0.2783461500346113,0.20351665453740692,0.15653689512484686,False,0.18707373874301086,0.20351665453740692
0.1,0.4,0.7482949549720435,0.7952747143846035,0.04697975941256005,0.07482949549720434,0.3181098857538414,0.24328039025663706,0.196300630844077,False,0.22448848649161307,0.24328039025663706
0.1,0.45,0.7482949549720435,0.7952747143846035,0.04697975941256005,0.07482949549720434,0.3578736214730716,0.28304412597586726,0.2360643665633072,False,0.2619032342402152,0.28304412597586726
0.1,0.5,0.7482949549720435,0.7952747143846035,0.04697975941256005,0.07482949549720434,0.39763735719230175,0.3228078616950974,0.27582810228253735,False,0.29931798198881737,0.3228078616950974
0.1,0.55,0.7482949549720435,0.7952747143846035,0.04697975941256005,0.07482949549720434,0.43740109291153195,0.3625715974143276,0.31559183800176754,False,0.3367327297374196,0.3625715974143276
0.1,0.6000000000000001,0.7482949549720435,0.7952747143846035,0.04697975941256005,0.07482949549720434,0.47716482863076215,0.4023353331335578,0.35535557372099774,False,0.3741474774860218,0.4023353331335578
0.1,0.65,0.7482949549720435,0.7952747143846035,0.04697975941256005,0.07482949549720434,0.5169285643499923,0.442099068852788,0.39511930944022794,False,0.41156222523462394,0.442099068852788
0.1,0.7000000000000001,0.7482949549720435,0.7952747143846035,0.04697975941256005,0.07482949549720434,0.5566923000692225,0.4818628045720182,0.43488304515945814,False,0.44897697298322614,0.4818628045720182
0.1,0.75,0.7482949549720435,0.7952747143846035,0.04697975941256005,0.07482949549720434,0.5964560357884526,0.5216265402912483,0.4746467808786883,False,0.48639172073182824,0.5216265402912483
0.1,0.8,0.7482949549720435,0.7952747143846035,0.04697975941256005,0.07482949549720434,0.6362197715076828,0.5613902760104785,0.5144105165979185,False,0.5238064684804304,0.5613902760104785
0.1,0.8500000000000001,0.7482949549720435,0.7952747143846035,0.04697975941256005,0.07482949549720434,0.675983507226913,0.6011540117297087,0.5541742523171487,False,0.5612212162290326,0.6011540117297087
0.1,0.9,0.7482949549720435,0.7952747143846035,0.04697975941256005,0.07482949549720434,0.7157472429461432,0.6409177474489389,0.5939379880363789,False,0.5986359639776347,0.6409177474489389
0.1,0.9500000000000001,0.7482949549720435,0.7952747143846035,0.04697975941256005,0.07482949549720434,0.7555109786653734,0.6806814831681691,0.6337017237556091,False,0.636050711726237,0.6806814831681691
0.1,1.0,0.7482949549720435,0.7952747143846035,0.04697975941256005,0.07482949549720434,0.7952747143846035,0.7204452188873992,0.6734654594748392,False,0.6734654594748392,0.7204452188873992
0.15000000000000002,0.0,0.7482949549720435,0.7952747143846035,0.04697975941256005,0.11224424324580654,0.0,-0.11224424324580654,-0.1592240026583666,True,-0.11224424324580654,-0.11224424324580654
0.15000000000000002,0.05,0.7482949549720435,0.7952747143846035,0.04697975941256005,0.11224424324580654,0.03976373571923018,-0.07248050752657637,-0.11946026693913642,True,-0.07482949549720436,-0.07248050752657637
0.15000000000000002,0.1,0.7482949549720435,0.7952747143846035,0.04697975941256005,0.11224424324580654,0.07952747143846035,-0.03271677180734618,-0.07969653121990623,True,-0.037414747748602185,-0.03271677180734618
0.15000000000000002,0.15000000000000002,0.7482949549720435,0.7952747143846035,0.04697975941256005,0.11224424324580654,0.11929120715769054,0.007046963911884002,-0.03993279550067605,False,0.0,0.007046963911884002
0.15000000000000002,0.2,0.7482949549720435,0.7952747143846035,0.04697975941256005,0.11224424324580654,0.1590549428769207,0.04681069963111417,-0.0001690597814458794,False,0.037414747748602165,0.04681069963111417
0.15000000000000002,0.25,0.7482949549720435,0.7952747143846035,0.04697975941256005,0.11224424324580654,0.19881867859615088,0.08657443535034434,0.03959467593778429,False,0.07482949549720433,0.08657443535034434
0.15000000000000002,0.30000000000000004,0.7482949549720435,0.7952747143846035,0.04697975941256005,0.11224424324580654,0.23858241431538108,0.12633817106957454,0.07935841165701449,False,0.11224424324580654,0.12633817106957454
0.15000000000000002,0.35000000000000003,0.7482949549720435,0.7952747143846035,0.04697975941256005,0.11224424324580654,0.2783461500346113,0.16610190678880474,0.11912214737624469,False,0.14965899099440869,0.16610190678880474
0.15000000000000002,0.4,0.7482949549720435,0.7952747143846035,0.04697975941256005,0.11224424324580654,0.3181098857538414,0.20586564250803488,0.15888588309547483,False,0.18707373874301086,0.20586564250803488
0.15000000000000002,0.45,0.7482949549720435,0.7952747143846035,0.04697975941256005,0.11224424324580654,0.3578736214730716,0.24562937822726508,0.19864961881470503,False,0.22448848649161304,0.24562937822726508
0.15000000000000002,0.5,0.7482949549720435,0.7952747143846035,0.04697975941256005,0.11224424324580654,0.39763735719230175,0.28539311394649525,0.2384133545339352,False,0.2619032342402152,0.28539311394649525
0.15000000000000002,0.55,0.7482949549720435,0.7952747143846035,0.04697975941256005,0.11224424324580654,0.43740109291153195,0.32515684966572544,0.2781770902531654,False,0.29931798198881737,0.32515684966572544
0.15000000000000002,0.6000000000000001,0.7482949549720435,0.7952747143846035,0.04697975941256005,0.11224424324580654,0.47716482863076215,0.36492058538495564,0.3179408259723956,False,0.3367327297374196,0.36492058538495564
0.15000000000000002,0.65,0.7482949549720435,0.7952747143846035,0.04697975941256005,0.11224424324580654,0.5169285643499923,0.40468432110418584,0.3577045616916258,False,0.37414747748602173,0.40468432110418584
0.15000000000000002,0.7000000000000001,0.7482949549720435,0.7952747143846035,0.04697975941256005,0.11224424324580654,0.5566923000692225,0.44444805682341604,0.397468297410856,False,0.41156222523462394,0.44444805682341604
0.15000000000000002,0.75,0.7482949549720435,0.7952747143846035,0.04697975941256005,0.11224424324580654,0.5964560357884526,0.4842117925426461,0.4372320331300861,False,0.4489769729832261,0.4842117925426461
0.15000000000000002,0.8,0.7482949549720435,0.7952747143846035,0.04697975941256005,0.11224424324580654,0.6362197715076828,0.5239755282618763,0.47699576884931627,False,0.48639172073182824,0.5239755282618763
0.15000000000000002,0.8500000000000001,0.7482949549720435,0.7952747143846035,0.04697975941256005,0.11224424324580654,0.675983507226913,0.5637392639811065,0.5167595045685465,False,0.5238064684804304,0.5637392639811065
0.15000000000000002,0.9,0.7482949549720435,0.7952747143846035,0.04697975941256005,0.11224424324580654,0.7157472429461432,0.6035029997003367,0.5565232402877767,False,0.5612212162290326,0.6035029997003367
0.15000000000000002,0.9500000000000001,0.7482949549720435,0.7952747143846035,0.04697975941256005,0.11224424324580654,0.7555109786653734,0.6432667354195669,0.5962869760070069,False,0.5986359639776347,0.6432667354195669
0.15000000000000002,1.0,0.7482949549720435,0.7952747143846035,0.04697975941256005,0.11224424324580654,0.7952747143846035,0.683030471138797,0.636050711726237,False,0.636050711726237,0.683030471138797
0.2,0.0,0.7482949549720435,0.7952747143846035,0.04697975941256005,0.14965899099440869,0.0,-0.14965899099440869,-0.19663875040696874,True,-0.14965899099440869,-0.14965899099440869
0.2,0.05,0.7482949549720435,0.7952747143846035,0.04697975941256005,0.14965899099440869,0.03976373571923018,-0.10989525527517852,-0.15687501468773857,True,-0.11224424324580654,-0.10989525527517852
0.2,0.1,0.7482949549720435,0.7952747143846035,0.04697975941256005,0.14965899099440869,0.07952747143846035,-0.07013151955594833,-0.11711127896850838,True,-0.07482949549720434,-0.07013151955594833
0.2,0.15000000000000002,0.7482949549720435,0.7952747143846035,0.04697975941256005,0.14965899099440869,0.11929120715769054,-0.03036778383671815,-0.0773475432492782,True,-0.037414747748602165,-0.03036778383671815
0.2,0.2,0.7482949549720435,0.7952747143846035,0.04697975941256005,0.14965899099440869,0.1590549428769207,0.009395951882512021,-0.03758380753004803,False,0.0,0.009395951882512021
0.2,0.25,0.7482949549720435,0.7952747143846035,0.04697975941256005,0.14965899099440869,0.19881867859615088,0.04915968760174219,0.00217992818918214,False,0.037414747748602165,0.04915968760174219
0.2,0.30000000000000004,0.7482949549720435,0.7952747143846035,0.04697975941256005,0.14965899099440869,0.23858241431538108,0.08892342332097239,0.04194366390841234,False,0.07482949549720437,0.08892342332097239
0.2,0.35000000000000003,0.7482949549720435,0.7952747143846035,0.04697975941256005,0.14965899099440869,0.2783461500346113,0.1286871590402026,0.08170739962764254,False,0.11224424324580654,0.1286871590402026
0.2,0.4,0.7482949549720435,0.7952747143846035,0.04697975941256005,0.14965899099440869,0.3181098857538414,0.16845089475943273,0.12147113534687268,False,0.14965899099440869,0.16845089475943273
0.2,0.45,0.7482949549720435,0.7952747143846035,0.04697975941256005,0.14965899099440869,0.3578736214730716,0.20821463047866293,0.16123487106610288,False,0.18707373874301086,0.20821463047866293
0.2,0.5,0.7482949549720435,0.7952747143846035,0.04697975941256005,0.14965899099440869,0.39763735719230175,0.24797836619789307,0.20099860678533302,False,0.22448848649161304,0.24797836619789307
0.2,0.55,0.7482949549720435,0.7952747143846035,0.04697975941256005,0.14965899099440869,0.43740109291153195,0.28774210191712324,0.2407623425045632,False,0.2619032342402152,0.28774210191712324
0.2,0.6000000000000001,0.7482949549720435,0.7952747143846035,0.04697975941256005,0.14965899099440869,0.47716482863076215,0.32750583763635344,0.2805260782237934,False,0.2993179819888174,0.32750583763635344
0.2,0.65,0.7482949549720435,0.7952747143846035,0.04697975941256005,0.14965899099440869,0.5169285643499923,0.36726957335558363,0.3202898139430236,False,0.3367327297374196,0.36726957335558363
0.2,0.7000000000000001,0.7482949549720435,0.7952747143846035,0.04697975941256005,0.14965899099440869,0.5566923000692225,0.40703330907481383,0.3600535496622538,False,0.37414747748602173,0.40703330907481383
0.2,0.75,0.7482949549720435,0.7952747143846035,0.04697975941256005,0.14965899099440869,0.5964560357884526,0.4467970447940439,0.39981728538148387,False,0.41156222523462394,0.4467970447940439
0.2,0.8,0.7482949549720435,0.7952747143846035,0.04697975941256005,0.14965899099440869,0.6362197715076828,0.4865607805132741,0.43958102110071406,False,0.44897697298322614,0.4865607805132741
0.2,0.8500000000000001,0.7482949549720435,0.7952747143846035,0.04697975941256005,0.14965899099440869,0.675983507226913,0.5263245162325043,0.47934475681994426,False,0.48639172073182835,0.5263245162325043
0.2,0.9,0.7482949549720435,0.7952747143846035,0.04697975941256005,0.14965899099440869,0.7157472429461432,0.5660882519517345,0.5191084925391745,False,0.5238064684804304,0.5660882519517345
0.2,0.9500000000000001,0.7482949549720435,0.7952747143846035,0.04697975941256005,0.14965899099440869,0.7555109786653734,0.6058519876709647,0.5588722282584047,False,0.5612212162290326,0.6058519876709647
0.2,1.0,0.7482949549720435,0.7952747143846035,0.04697975941256005,0.14965899099440869,0.7952747143846035,0.6456157233901948,0.5986359639776347,False,0.5986359639776347,0.6456157233901948
0.25,0.0,0.7482949549720435,0.7952747143846035,0.04697975941256005,0.18707373874301086,0.0,-0.18707373874301086,-0.23405349815557092,True,-0.18707373874301086,-0.18707373874301086
0.25,0.05,0.7482949549720435,0.7952747143846035,0.04697975941256005,0.18707373874301086,0.03976373571923018,-0.1473100030237807,-0.19428976243634075,True,-0.14965899099440869,-0.1473100030237807
0.25,0.1,0.7482949549720435,0.7952747143846035,0.04697975941256005,0.18707373874301086,0.07952747143846035,-0.10754626730455051,-0.15452602671711058,True,-0.11224424324580652,-0.10754626730455051
0.25,0.15000000000000002,0.7482949549720435,0.7952747143846035,0.04697975941256005,0.18707373874301086,0.11929120715769054,-0.06778253158532033,-0.11476229099788038,True,-0.07482949549720433,-0.06778253158532033
0.25,0.2,0.7482949549720435,0.7952747143846035,0.04697975941256005,0.18707373874301086,0.1590549428769207,-0.028018795866090157,-0.07499855527865021,True,-0.037414747748602165,-0.028018795866090157
0.25,0.25,0.7482949549720435,0.7952747143846035,0.04697975941256005,0.18707373874301086,0.19881867859615088,0.011744939853140013,-0.03523481955942004,False,0.0,0.011744939853140013
0.25,0.30000000000000004,0.7482949549720435,0.7952747143846035,0.04697975941256005,0.18707373874301086,0.23858241431538108,0.05150867557237021,0.004528916159810159,False,0.037414747748602206,0.05150867557237021
0.25,0.35000000000000003,0.7482949549720435,0.7952747143846035,0.04697975941256005,0.18707373874301086,0.2783461500346113,0.09127241129160041,0.04429265187904036,False,0.07482949549720437,0.09127241129160041
0.25,0.4,0.7482949549720435,0.7952747143846035,0.04697975941256005,0.18707373874301086,0.3181098857538414,0.13103614701083055,0.0840563875982705,False,0.11224424324580654,0.13103614701083055
0.25,0.45,0.7482949549720435,0.7952747143846035,0.04697975941256005,0.18707373874301086,0.3578736214730716,0.17079988273006075,0.1238201233175007,False,0.14965899099440869,0.17079988273006075
0.25,0.5,0.7482949549720435,0.7952747143846035,0.04697975941256005,0.18707373874301086,0.39763735719230175,0.2105636184492909,0.16358385903673084,False,0.18707373874301086,0.2105636184492909
0.25,0.55,0.7482949549720435,0.7952747143846035,0.04697975941256005,0.18707373874301086,0.43740109291153195,0.2503273541685211,0.20334759475596104,False,0.22448848649161307,0.2503273541685211
0.25,0.6000000000000001,0.7482949549720435,0.7952747143846035,0.04697975941256005,0.18707373874301086,0.47716482863076215,0.2900910898877513,0.24311133047519123,False,0.2619032342402153,0.2900910898877513
0.25,0.65,0.7482949549720435,0.7952747143846035,0.04697975941256005,0.18707373874301086,0.5169285643499923,0.3298548256069815,0.28287506619442143,False,0.29931798198881737,0.3298548256069815
0.25,0.7000000000000001,0.7482949549720435,0.7952747143846035,0.04697975941256005,0.18707373874301086,0.5566923000692225,0.3696185613262117,0.32263880191365163,False,0.3367327297374196,0.3696185613262117
0.25,0.75,0.7482949549720435,0.7952747143846035,0.04697975941256005,0.18707373874301086,0.5964560357884526,0.40938229704544177,0.3624025376328817,False,0.37414747748602173,0.40938229704544177
0.25,0.8,0.7482949549720435,0.7952747143846035,0.04697975941256005,0.18707373874301086,0.6362197715076828,0.44914603276467197,0.4021662733521119,False,0.41156222523462394,0.44914603276467197
0.25,0.8500000000000001,0.7482949549720435,0.7952747143846035,0.04697975941256005,0.18707373874301086,0.675983507226913,0.48890976848390216,0.4419300090713421,False,0.44897697298322614,0.48890976848390216
0.25,0.9,0.7482949549720435,0.7952747143846035,0.04697975941256005,0.18707373874301086,0.7157472429461432,0.5286735042031323,0.48169374479057225,False,0.48639172073182824,0.5286735042031323
0.25,0.9500000000000001,0.7482949549720435,0.7952747143846035,0.04697975941256005,0.18707373874301086,0.7555109786653734,0.5684372399223625,0.5214574805098025,False,0.5238064684804304,0.5684372399223625
0.25,1.0,0.7482949549720435,0.7952747143846035,0.04697975941256005,0.18707373874301086,0.7952747143846035,0.6082009756415927,0.5612212162290326,False,0.5612212162290326,0.6082009756415927
0.30000000000000004,0.0,0.7482949549720435,0.7952747143846035,0.04697975941256005,0.22448848649161307,0.0,-0.22448848649161307,-0.2714682459041731,True,-0.22448848649161307,-0.22448848649161307
0.30000000000000004,0.05,0.7482949549720435,0.7952747143846035,0.04697975941256005,0.22448848649161307,0.03976373571923018,-0.1847247507723829,-0.23170451018494295,True,-0.1870737387430109,-0.1847247507723829
0.30000000000000004,0.1,0.7482949549720435,0.7952747143846035,0.04697975941256005,0.22448848649161307,0.07952747143846035,-0.14496101505315273,-0.19194077446571278,True,-0.1496589909944087,-0.14496101505315273
0.30000000000000004,0.15000000000000002,0.7482949549720435,0.7952747143846035,0.04697975941256005,0.22448848649161307,0.11929120715769054,-0.10519727933392253,-0.15217703874648258,True,-0.11224424324580654,-0.10519727933392253
0.30000000000000004,0.2,0.7482949549720435,0.7952747143846035,0.04697975941256005,0.22448848649161307,0.1590549428769207,-0.06543354361469236,-0.11241330302725241,True,-0.07482949549720437,-0.06543354361469236
0.30000000000000004,0.25,0.7482949549720435,0.7952747143846035,0.04697975941256005,0.22448848649161307,0.19881867859615088,-0.025669807895462193,-0.07264956730802224,True,-0.037414747748602206,-0.025669807895462193
0.30000000000000004,0.30000000000000004,0.7482949549720435,0.7952747143846035,0.04697975941256005,0.22448848649161307,0.23858241431538108,0.014093927823768004,-0.03288583158879205,False,0.0,0.014093927823768004
0.30000000000000004,0.35000000000000003,0.7482949549720435,0.7952747143846035,0.04697975941256005,0.22448848649161307,0.2783461500346113,0.0538576635429982,0.0068779041304381505,False,0.037414747748602165,0.0538576635429982
0.30000000000000004,0.4,0.7482949549720435,0.7952747143846035,0.04697975941256005,0.22448848649161307,0.3181098857538414,0.09362139926222834,0.04664163984966829,False,0.07482949549720433,0.09362139926222834
0.30000000000000004,0.45,0.7482949549720435,0.7952747143846035,0.04697975941256005,0.22448848649161307,0.3578736214730716,0.13338513498145854,0.08640537556889849,False,0.1122442432458065,0.13338513498145854
0.30000000000000004,0.5,0.7482949549720435,0.7952747143846035,0.04697975941256005,0.22448848649161307,0.39763735719230175,0.17314887070068868,0.12616911128812863,False,0.14965899099440866,0.17314887070068868
0.30000000000000004,0.55,0.7482949549720435,0.7952747143846035,0.04697975941256005,0.22448848649161307,0.43740109291153195,0.21291260641991888,0.16593284700735883,False,0.18707373874301086,0.21291260641991888
0.30000000000000004,0.6000000000000001,0.7482949549720435,0.7952747143846035,0.04697975941256005,0.22448848649161307,0.47716482863076215,0.2526763421391491,0.20569658272658903,False,0.22448848649161307,0.2526763421391491
0.30000000000000004,0.65,0.7482949549720435,0.7952747143846035,0.04697975941256005,0.22448848649161307,0.5169285643499923,0.2924400778583793,0.24546031844581923,False,0.2619032342402152,0.2924400778583793
0.30000000000000004,0.7000000000000001,0.7482949549720435,0.7952747143846035,0.04697975941256005,0.22448848649161307,0.5566923000692225,0.3322038135776095,0.2852240541650494,False,0.29931798198881737,0.3322038135776095
0.30000000000000004,0.75,0.7482949549720435,0.7952747143846035,0.04697975941256005,0.22448848649161307,0.5964560357884526,0.37196754929683956,0.3249877898842795,False,0.3367327297374195,0.37196754929683956
0.30000000000000004,0.8,0.7482949549720435,0.7952747143846035,0.04697975941256005,0.22448848649161307,0.6362197715076828,0.41173128501606976,0.3647515256035097,False,0.37414747748602173,0.41173128501606976
0.30000000000000004,0.8500000000000001,0.7482949549720435,0.7952747143846035,0.04697975941256005,0.22448848649161307,0.675983507226913,0.45149502073529996,0.4045152613227399,False,0.41156222523462394,0.45149502073529996
0.30000000000000004,0.9,0.7482949549720435,0.7952747143846035,0.04697975941256005,0.22448848649161307,0.7157472429461432,0.49125875645453015,0.4442789970419701,False,0.4489769729832261,0.49125875645453015
0.30000000000000004,0.9500000000000001,0.7482949549720435,0.7952747143846035,0.04697975941256005,0.22448848649161307,0.7555109786653734,0.5310224921737603,0.48404273276120025,False,0.48639172073182824,0.5310224921737603
0.30000000000000004,1.0,0.7482949549720435,0.7952747143846035,0.04697975941256005,0.22448848649161307,0.7952747143846035,0.5707862278929905,0.5238064684804304,False,0.5238064684804304,0.5707862278929905
0.35000000000000003,0.0,0.7482949549720435,0.7952747143846035,0.04697975941256005,0.2619032342402152,0.0,-0.2619032342402152,-0.3088829936527753,True,-0.2619032342402152,-0.2619032342402152
0.35000000000000003,0.05,0.7482949549720435,0.7952747143846035,0.04697975941256005,0.2619032342402152,0.03976373571923018,-0.22213949852098505,-0.2691192579335451,True,-0.22448848649161307,-0.22213949852098505
0.35000000000000003,0.1,0.7482949549720435,0.7952747143846035,0.04697975941256005,0.2619032342402152,0.07952747143846035,-0.18237576280175488,-0.22935552221431493,True,-0.18707373874301086,-0.18237576280175488
0.35000000000000003,0.15000000000000002,0.7482949549720435,0.7952747143846035,0.04697975941256005,0.2619032342402152,0.11929120715769054,-0.14261202708252468,-0.18959178649508474,True,-0.14965899099440869,-0.14261202708252468
0.35000000000000003,0.2,0.7482949549720435,0.7952747143846035,0.04697975941256005,0.2619032342402152,0.1590549428769207,-0.10284829136329451,-0.14982805077585457,True,-0.11224424324580654,-0.10284829136329451
0.35000000000000003,0.25,0.7482949549720435,0.7952747143846035,0.04697975941256005,0.2619032342402152,0.19881867859615088,-0.06308455564406434,-0.1100643150566244,True,-0.07482949549720437,-0.06308455564406434
0.35000000000000003,0.30000000000000004,0.7482949549720435,0.7952747143846035,0.04697975941256005,0.2619032342402152,0.23858241431538108,-0.023320819924834146,-0.0703005793373942,True,-0.037414747748602165,-0.023320819924834146
0.35000000000000003,0.35000000000000003,0.7482949549720435,0.7952747143846035,0.04697975941256005,0.2619032342402152,0.2783461500346113,0.01644291579439605,-0.030536843618164,False,0.0,0.01644291579439605
0.35000000000000003,0.4,0.7482949549720435,0.7952747143846035,0.04697975941256005,0.2619032342402152,0.3181098857538414,0.056206651513626193,0.009226892101066142,False,0.037414747748602165,0.056206651513626193
0.35000000000000003,0.45,0.7482949549720435,0.7952747143846035,0.04697975941256005,0.2619032342402152,0.3578736214730716,0.09597038723285639,0.04899062782029634,False,0.07482949549720433,0.09597038723285639
0.35000000000000003,0.5,0.7482949549720435,0.7952747143846035,0.04697975941256005,0.2619032342402152,0.39763735719230175,0.13573412295208653,0.08875436353952648,False,0.1122442432458065,0.13573412295208653
0.35000000000000003,0.55,0.7482949549720435,0.7952747143846035,0.04697975941256005,0.2619032342402152,0.43740109291153195,0.17549785867131673,0.12851809925875668,False,0.14965899099440869,0.17549785867131673
0.35000000000000003,0.6000000000000001,0.7482949549720435,0.7952747143846035,0.04697975941256005,0.2619032342402152,0.47716482863076215,0.21526159439054693,0.16828183497798688,False,0.1870737387430109,0.21526159439054693
0.35000000000000003,0.65,0.7482949549720435,0.7952747143846035,0.04697975941256005,0.2619032342402152,0.5169285643499923,0.2550253301097771,0.20804557069721707,False,0.22448848649161304,0.2550253301097771
0.35000000000000003,0.7000000000000001,0.7482949549720435,0.7952747143846035,0.04697975941256005,0.2619032342402152,0.5566923000692225,0.2947890658290073,0.24780930641644727,False,0.2619032342402152,0.2947890658290073
0.35000000000000003,0.75,0.7482949549720435,0.7952747143846035,0.04697975941256005,0.2619032342402152,0.5964560357884526,0.3345528015482374,0.28757304213567736,False,0.29931798198881737,0.3345528015482374
0.35000000000000003,0.8,0.7482949549720435,0.7952747143846035,0.04697975941256005,0.2619032342402152,0.6362197715076828,0.3743165372674676,0.32733677785490756,False,0.3367327297374196,0.3743165372674676
0.35000000000000003,0.8500000000000001,0.7482949549720435,0.7952747143846035,0.04697975941256005,0.2619032342402152,0.675983507226913,0.4140802729866978,0.36710051357413775,False,0.37414747748602173,0.4140802729866978
0.35000000000000003,0.9,0.7482949549720435,0.7952747143846035,0.04697975941256005,0.2619032342402152,0.7157472429461432,0.453844008705928,0.40686424929336795,False,0.41156222523462394,0.453844008705928
0.35000000000000003,0.9500000000000001,0.7482949549720435,0.7952747143846035,0.04697975941256005,0.2619032342402152,0.7555109786653734,0.4936077444251582,0.44662798501259815,False,0.44897697298322614,0.4936077444251582
0.35000000000000003,1.0,0.7482949549720435,0.7952747143846035,0.04697975941256005,0.2619032342402152,0.7952747143846035,0.5333714801443883,0.48639172073182824,False,0.4863917207318282,0.5333714801443883
0.4,0.0,0.7482949549720435,0.7952747143846035,0.04697975941256005,0.29931798198881737,0.0,-0.29931798198881737,-0.3462977414013774,True,-0.29931798198881737,-0.29931798198881737
0.4,0.05,0.7482949549720435,0.7952747143846035,0.04697975941256005,0.29931798198881737,0.03976373571923018,-0.2595542462695872,-0.3065340056821472,True,-0.2619032342402152,-0.2595542462695872
0.4,0.1,0.7482949549720435,0.7952747143846035,0.04697975941256005,0.29931798198881737,0.07952747143846035,-0.21979051055035703,-0.2667702699629171,True,-0.22448848649161307,-0.21979051055035703
0.4,0.15000000000000002,0.7482949549720435,0.7952747143846035,0.04697975941256005,0.29931798198881737,0.11929120715769054,-0.18002677483112683,-0.22700653424368689,True,-0.18707373874301086,-0.18002677483112683
0.4,0.2,0.7482949549720435,0.7952747143846035,0.04697975941256005,0.29931798198881737,0.1590549428769207,-0.14026303911189666,-0.18724279852445672,True,-0.14965899099440869,-0.14026303911189666
0.4,0.25,0.7482949549720435,0.7952747143846035,0.04697975941256005,0.29931798198881737,0.19881867859615088,-0.1004993033926665,-0.14747906280522655,True,-0.11224424324580654,-0.1004993033926665
0.4,0.30000000000000004,0.7482949549720435,0.7952747143846035,0.04697975941256005,0.29931798198881737,0.23858241431538108,-0.0607355676734363,-0.10771532708599635,True,-0.07482949549720433,-0.0607355676734363
0.4,0.35000000000000003,0.7482949549720435,0.7952747143846035,0.04697975941256005,0.29931798198881737,0.2783461500346113,-0.0209718319542061,-0.06795159136676615,True,-0.037414747748602165,-0.0209718319542061
0.4,0.4,0.7482949549720435,0.7952747143846035,0.04697975941256005,0.29931798198881737,0.3181098857538414,0.018791903765024043,-0.02818785564753601,False,0.0,0.018791903765024043
0.4,0.45,0.7482949549720435,0.7952747143846035,0.04697975941256005,0.29931798198881737,0.3578736214730716,0.05855563948425424,0.011575880071694189,False,0.037414747748602165,0.05855563948425424
0.4,0.5,0.7482949549720435,0.7952747143846035,0.04697975941256005,0.29931798198881737,0.39763735719230175,0.09831937520348438,0.05133961579092433,False,0.07482949549720433,0.09831937520348438
0.4,0.55,0.7482949549720435,0.7952747143846035,0.04697975941256005,0.29931798198881737,0.43740109291153195,0.13808311092271458,0.09110335151015453,False,0.11224424324580654,0.13808311092271458
0.4,0.6000000000000001,0.7482949549720435,0.7952747143846035,0.04697975941256005,0.29931798198881737,0.47716482863076215,0.17784684664194478,0.13086708722938473,False,0.14965899099440874,0.17784684664194478
0.4,0.65,0.7482949549720435,0.7952747143846035,0.04697975941256005,0.29931798198881737,0.5169285643499923,0.21761058236117498,0.17063082294861492,False,0.18707373874301086,0.21761058236117498
0.4,0.7000000000000001,0.7482949549720435,0.7952747143846035,0.04697975941256005,0.29931798198881737,0.5566923000692225,0.2573743180804052,0.21039455866784512,False,0.22448848649161307,0.2573743180804052
0.4,0.75,0.7482949549720435,0.7952747143846035,0.04697975941256005,0.29931798198881737,0.5964560357884526,0.29713805379963526,0.2501582943870752,False,0.2619032342402152,0.29713805379963526
0.4,0.8,0.7482949549720435,0.7952747143846035,0.04697975941256005,0.29931798198881737,0.6362197715076828,0.33690178951886546,0.2899220301063054,False,0.29931798198881737,0.33690178951886546
0.4,0.8500000000000001,0.7482949549720435,0.7952747143846035,0.04697975941256005,0.29931798198881737,0.675983507226913,0.37666552523809566,0.3296857658255356,False,0.3367327297374196,0.37666552523809566
0.4,0.9,0.7482949549720435,0.7952747143846035,0.04697975941256005,0.29931798198881737,0.7157472429461432,0.41642926095732585,0.3694495015447658,False,0.37414747748602173,0.41642926095732585
0.4,0.9500000000000001,0.7482949549720435,0.7952747143846035,0.04697975941256005,0.29931798198881737,0.7555109786653734,0.45619299667655605,0.409213237263996,False,0.41156222523462394,0.45619299667655605
0.4,1.0,0.7482949549720435,0.7952747143846035,0.04697975941256005,0.29931798198881737,0.7952747143846035,0.49595673239578614,0.4489769729832261,False,0.4489769729832261,0.49595673239578614
0.45,0.0,0.7482949549720435,0.7952747143846035,0.04697975941256005,0.3367327297374196,0.0,-0.3367327297374196,-0.38371248914997963,True,-0.3367327297374196,-0.3367327297374196
0.45,0.05,0.7482949549720435,0.7952747143846035,0.04697975941256005,0.3367327297374196,0.03976373571923018,-0.2969689940181894,-0.34394875343074943,True,-0.29931798198881737,-0.2969689940181894
0.45,0.1,0.7482949549720435,0.7952747143846035,0.04697975941256005,0.3367327297374196,0.07952747143846035,-0.25720525829895924,-0.3041850177115193,True,-0.2619032342402152,-0.25720525829895924
0.45,0.15000000000000002,0.7482949549720435,0.7952747143846035,0.04697975941256005,0.3367327297374196,0.11929120715769054,-0.21744152257972904,-0.2644212819922891,True,-0.22448848649161304,-0.21744152257972904
0.45,0.2,0.7482949549720435,0.7952747143846035,0.04697975941256005,0.3367327297374196,0.1590549428769207,-0.17767778686049887,-0.22465754627305892,True,-0.18707373874301086,-0.17767778686049887
0.45,0.25,0.7482949549720435,0.7952747143846035,0.04697975941256005,0.3367327297374196,0.19881867859615088,-0.1379140511412687,-0.18489381055382875,True,-0.14965899099440869,-0.1379140511412687
0.45,0.30000000000000004,0.7482949549720435,0.7952747143846035,0.04697975941256005,0.3367327297374196,0.23858241431538108,-0.0981503154220385,-0.14513007483459855,True,-0.1122442432458065,-0.0981503154220385
0.45,0.35000000000000003,0.7482949549720435,0.7952747143846035,0.04697975941256005,0.3367327297374196,0.2783461500346113,-0.058386579702808306,-0.10536633911536836,True,-0.07482949549720433,-0.058386579702808306
0.45,0.4,0.7482949549720435,0.7952747143846035,0.04697975941256005,0.3367327297374196,0.3181098857538414,-0.018622843983578163,-0.06560260339613821,True,-0.037414747748602165,-0.018622843983578163
0.45,0.45,0.7482949549720435,0.7952747143846035,0.04697975941256005,0.3367327297374196,0.3578736214730716,0.021140891735652034,-0.025838867676908017,False,0.0,0.021140891735652034
0.45,0.5,0.7482949549720435,0.7952747143846035,0.04697975941256005,0.3367327297374196,0.39763735719230175,0.060904627454882176,0.013924868042322125,False,0.037414747748602165,0.060904627454882176
0.45,0.55,0.7482949549720435,0.7952747143846035,0.04697975941256005,0.3367327297374196,0.43740109291153195,0.10066836317411237,0.05368860376155232,False,0.07482949549720437,0.10066836317411237
0.45,0.6000000000000001,0.7482949549720435,0.7952747143846035,0.04697975941256005,0.3367327297374196,0.47716482863076215,0.14043209889334257,0.09345233948078252,False,0.11224424324580658,0.14043209889334257
0.45,0.65,0.7482949549720435,0.7952747143846035,0.04697975941256005,0.3367327297374196,0.5169285643499923,0.18019583461257277,0.13321607520001272,False,0.14965899099440869,0.18019583461257277
0.45,0.7000000000000001,0.7482949549720435,0.7952747143846035,0.04697975941256005,0.3367327297374196,0.5566923000692225,0.21995957033180297,0.17297981091924292,False,0.1870737387430109,0.21995957033180297
0.45,0.75,0.7482949549720435,0.7952747143846035,0.04697975941256005,0.3367327297374196,0.5964560357884526,0.25972330605103305,0.212743546638473,False,0.22448848649161304,0.25972330605103305
0.45,0.8,0.7482949549720435,0.7952747143846035,0.04697975941256005,0.3367327297374196,0.6362197715076828,0.29948704177026325,0.2525072823577032,False,0.2619032342402152,0.29948704177026325
0.45,0.8500000000000001,0.7482949549720435,0.7952747143846035,0.04697975941256005,0.3367327297374196,0.675983507226913,0.33925077748949345,0.2922710180769334,False,0.2993179819888174,0.33925077748949345
0.45,0.9,0.7482949549720435,0.7952747143846035,0.04697975941256005,0.3367327297374196,0.7157472429461432,0.37901451320872365,0.3320347537961636,False,0.3367327297374196,0.37901451320872365
0.45,0.9500000000000001,0.7482949549720435,0.7952747143846035,0.04697975941256005,0.3367327297374196,0.7555109786653734,0.41877824892795384,0.3717984895153938,False,0.37414747748602173,0.41877824892795384
0.45,1.0,0.7482949549720435,0.7952747143846035,0.04697975941256005,0.3367327297374196,0.7952747143846035,0.45854198464718393,0.4115622252346239,False,0.41156222523462394,0.45854198464718393
0.5,0.0,0.7482949549720435,0.7952747143846035,0.04697975941256005,0.37414747748602173,0.0,-0.37414747748602173,-0.4211272368985818,True,-0.37414747748602173,-0.37414747748602173
0.5,0.05,0.7482949549720435,0.7952747143846035,0.04697975941256005,0.37414747748602173,0.03976373571923018,-0.33438374176679153,-0.3813635011793516,True,-0.3367327297374196,-0.33438374176679153
0.5,0.1,0.7482949549720435,0.7952747143846035,0.04697975941256005,0.37414747748602173,0.07952747143846035,-0.2946200060475614,-0.34159976546012144,True,-0.29931798198881737,-0.2946200060475614
0.5,0.15000000000000002,0.7482949549720435,0.7952747143846035,0.04697975941256005,0.37414747748602173,0.11929120715769054,-0.2548562703283312,-0.30183602974089124,True,-0.2619032342402152,-0.2548562703283312
0.5,0.2,0.7482949549720435,0.7952747143846035,0.04697975941256005,0.37414747748602173,0.1590549428769207,-0.21509253460910102,-0.2620722940216611,True,-0.22448848649161304,-0.21509253460910102
0.5,0.25,0.7482949549720435,0.7952747143846035,0.04697975941256005,0.37414747748602173,0.19881867859615088,-0.17532879888987085,-0.2223085583024309,True,-0.18707373874301086,-0.17532879888987085
0.5,0.30000000000000004,0.7482949549720435,0.7952747143846035,0.04697975941256005,0.37414747748602173,0.23858241431538108,-0.13556506317064065,-0.1825448225832007,True,-0.14965899099440866,-0.13556506317064065
0.5,0.35000000000000003,0.7482949549720435,0.7952747143846035,0.04697975941256005,0.37414747748602173,0.2783461500346113,-0.09580132745141046,-0.1427810868639705,True,-0.1122442432458065,-0.09580132745141046
0.5,0.4,0.7482949549720435,0.7952747143846035,0.04697975941256005,0.37414747748602173,0.3181098857538414,-0.056037591732180314,-0.10301735114474037,True,-0.07482949549720433,-0.056037591732180314
0.5,0.45,0.7482949549720435,0.7952747143846035,0.04697975941256005,0.37414747748602173,0.3578736214730716,-0.016273856012950116,-0.06325361542551017,True,-0.037414747748602165,-0.016273856012950116
0.5,0.5,0.7482949549720435,0.7952747143846035,0.04697975941256005,0.37414747748602173,0.39763735719230175,0.023489879706280026,-0.023489879706280026,False,0.0,0.023489879706280026
0.5,0.55,0.7482949549720435,0.7952747143846035,0.04697975941256005,0.37414747748602173,0.43740109291153195,0.06325361542551022,0.016273856012950172,False,0.037414747748602206,0.06325361542551022
0.5,0.6000000000000001,0.7482949549720435,0.7952747143846035,0.04697975941256005,0.37414747748602173,0.47716482863076215,0.10301735114474042,0.05603759173218037,False,0.07482949549720441,0.10301735114474042
0.5,0.65,0.7482949549720435,0.7952747143846035,0.04697975941256005,0.37414747748602173,0.5169285643499923,0.14278108686397062,0.09580132745141057,False,0.11224424324580654,0.14278108686397062
0.5,0.7000000000000001,0.7482949549720435,0.7952747143846035,0.04697975941256005,0.37414747748602173,0.5566923000692225,0.18254482258320082,0.13556506317064076,False,0.14965899099440874,0.18254482258320082
0.5,0.75,0.7482949549720435,0.7952747143846035,0.04697975941256005,0.37414747748602173,0.5964560357884526,0.2223085583024309,0.17532879888987085,False,0.18707373874301086,0.2223085583024309
0.5,0.8,0.7482949549720435,0.7952747143846035,0.04697975941256005,0.37414747748602173,0.6362197715076828,0.2620722940216611,0.21509253460910105,False,0.22448848649161307,0.2620722940216611
0.5,0.8500000000000001,0.7482949549720435,0.7952747143846035,0.04697975941256005,0.37414747748602173,0.675983507226913,0.3018360297408913,0.25485627032833125,False,0.2619032342402153,0.3018360297408913
0.5,0.9,0.7482949549720435,0.7952747143846035,0.04697975941256005,0.37414747748602173,0.7157472429461432,0.3415997654601215,0.29462000604756144,False,0.29931798198881737,0.3415997654601215
0.5,0.9500000000000001,0.7482949549720435,0.7952747143846035,0.04697975941256005,0.37414747748602173,0.7555109786653734,0.3813635011793517,0.33438374176679164,False,0.3367327297374196,0.3813635011793517
0.5,1.0,0.7482949549720435,0.7952747143846035,0.04697975941256005,0.37414747748602173,0.7952747143846035,0.4211272368985818,0.37414747748602173,False,0.37414747748602173,0.4211272368985818
0.55,0.0,0.7482949549720435,0.7952747143846035,0.04697975941256005,0.41156222523462394,0.0,-0.41156222523462394,-0.458541984647184,True,-0.41156222523462394,-0.41156222523462394
0.55,0.05,0.7482949549720435,0.7952747143846035,0.04697975941256005,0.41156222523462394,0.03976373571923018,-0.37179848951539374,-0.4187782489279538,True,-0.37414747748602173,-0.37179848951539374
0.55,0.1,0.7482949549720435,0.7952747143846035,0.04697975941256005,0.41156222523462394,0.07952747143846035,-0.3320347537961636,-0.37901451320872365,True,-0.3367327297374196,-0.3320347537961636
0.55,0.15000000000000002,0.7482949549720435,0.7952747143846035,0.04697975941256005,0.41156222523462394,0.11929120715769054,-0.2922710180769334,-0.33925077748949345,True,-0.29931798198881737,-0.2922710180769334
0.55,0.2,0.7482949549720435,0.7952747143846035,0.04697975941256005,0.41156222523462394,0.1590549428769207,-0.25250728235770326,-0.2994870417702633,True,-0.2619032342402152,-0.25250728235770326
0.55,0.25,0.7482949549720435,0.7952747143846035,0.04697975941256005,0.41156222523462394,0.19881867859615088,-0.21274354663847306,-0.2597233060510331,True,-0.22448848649161307,-0.21274354663847306
0.55,0.30000000000000004,0.7482949549720435,0.7952747143846035,0.04697975941256005,0.41156222523462394,0.23858241431538108,-0.17297981091924286,-0.2199595703318029,True,-0.18707373874301086,-0.17297981091924286
0.55,0.35000000000000003,0.7482949549720435,0.7952747143846035,0.04697975941256005,0.41156222523462394,0.2783461500346113,-0.13321607520001266,-0.18019583461257271,True,-0.14965899099440869,-0.13321607520001266
0.55,0.4,0.7482949549720435,0.7952747143846035,0.04697975941256005,0.41156222523462394,0.3181098857538414,-0.09345233948078252,-0.14043209889334257,True,-0.11224424324580654,-0.09345233948078252
0.55,0.45,0.7482949549720435,0.7952747143846035,0.04697975941256005,0.41156222523462394,0.3578736214730716,-0.05368860376155232,-0.10066836317411237,True,-0.07482949549720437,-0.05368860376155232
0.55,0.5,0.7482949549720435,0.7952747143846035,0.04697975941256005,0.41156222523462394,0.39763735719230175,-0.01392486804232218,-0.06090462745488223,True,-0.037414747748602206,-0.01392486804232218
0.55,0.55,0.7482949549720435,0.7952747143846035,0.04697975941256005,0.41156222523462394,0.43740109291153195,0.025838867676908017,-0.021140891735652034,False,0.0,0.025838867676908017
0.55,0.6000000000000001,0.7482949549720435,0.7952747143846035,0.04697975941256005,0.41156222523462394,0.47716482863076215,0.06560260339613821,0.018622843983578163,False,0.037414747748602206,0.06560260339613821
0.55,0.65,0.7482949549720435,0.7952747143846035,0.04697975941256005,0.41156222523462394,0.5169285643499923,0.10536633911536841,0.05838657970280836,False,0.07482949549720433,0.10536633911536841
0.55,0.7000000000000001,0.7482949549720435,0.7952747143846035,0.04697975941256005,0.41156222523462394,0.5566923000692225,0.1451300748345986,0.09815031542203856,False,0.11224424324580654,0.1451300748345986
0.55,0.75,0.7482949549720435,0.7952747143846035,0.04697975941256005,0.41156222523462394,0.5964560357884526,0.1848938105538287,0.13791405114126865,False,0.14965899099440866,0.1848938105538287
0.55,0.8,0.7482949549720435,0.7952747143846035,0.04697975941256005,0.41156222523462394,0.6362197715076828,0.2246575462730589,0.17767778686049884,False,0.18707373874301086,0.2246575462730589
0.55,0.8500000000000001,0.7482949549720435,0.7952747143846035,0.04697975941256005,0.41156222523462394,0.675983507226913,0.2644212819922891,0.21744152257972904,False,0.22448848649161307,0.2644212819922891
0.55,0.9,0.7482949549720435,0.7952747143846035,0.04697975941256005,0.41156222523462394,0.7157472429461432,0.3041850177115193,0.25720525829895924,False,0.2619032342402152,0.3041850177115193
0.55,0.9500000000000001,0.7482949549720435,0.7952747143846035,0.04697975941256005,0.41156222523462394,0.7555109786653734,0.3439487534307495,0.29696899401818944,False,0.29931798198881737,0.3439487534307495
0.55,1.0,0.7482949549720435,0.7952747143846035,0.04697975941256005,0.41156222523462394,0.7952747143846035,0.3837124891499796,0.3367327297374195,False,0.3367327297374195,0.3837124891499796
0.6000000000000001,0.0,0.7482949549720435,0.7952747143846035,0.04697975941256005,0.44897697298322614,0.0,-0.44897697298322614,-0.4959567323957862,True,-0.44897697298322614,-0.44897697298322614
0.6000000000000001,0.05,0.7482949549720435,0.7952747143846035,0.04697975941256005,0.44897697298322614,0.03976373571923018,-0.40921323726399594,-0.456192996676556,True,-0.41156222523462394,-0.40921323726399594
0.6000000000000001,0.1,0.7482949549720435,0.7952747143846035,0.04697975941256005,0.44897697298322614,0.07952747143846035,-0.3694495015447658,-0.41642926095732585,True,-0.3741474774860218,-0.3694495015447658
0.6000000000000001,0.15000000000000002,0.7482949549720435,0.7952747143846035,0.04697975941256005,0.44897697298322614,0.11929120715769054,-0.3296857658255356,-0.37666552523809566,True,-0.3367327297374196,-0.3296857658255356
0.6000000000000001,0.2,0.7482949549720435,0.7952747143846035,0.04697975941256005,0.44897697298322614,0.1590549428769207,-0.28992203010630546,-0.3369017895188655,True,-0.2993179819888174,-0.28992203010630546
0.6000000000000001,0.25,0.7482949549720435,0.7952747143846035,0.04697975941256005,0.44897697298322614,0.19881867859615088,-0.25015829438707526,-0.2971380537996353,True,-0.2619032342402153,-0.25015829438707526
0.6000000000000001,0.30000000000000004,0.7482949549720435,0.7952747143846035,0.04697975941256005,0.44897697298322614,0.23858241431538108,-0.21039455866784507,-0.2573743180804051,True,-0.22448848649161307,-0.21039455866784507
0.6000000000000001,0.35000000000000003,0.7482949549720435,0.7952747143846035,0.04697975941256005,0.44897697298322614,0.2783461500346113,-0.17063082294861487,-0.21761058236117492,True,-0.1870737387430109,-0.17063082294861487
0.6000000000000001,0.4,0.7482949549720435,0.7952747143846035,0.04697975941256005,0.44897697298322614,0.3181098857538414,-0.13086708722938473,-0.17784684664194478,True,-0.14965899099440874,-0.13086708722938473
0.6000000000000001,0.45,0.7482949549720435,0.7952747143846035,0.04697975941256005,0.44897697298322614,0.3578736214730716,-0.09110335151015453,-0.13808311092271458,True,-0.11224424324580658,-0.09110335151015453
0.6000000000000001,0.5,0.7482949549720435,0.7952747143846035,0.04697975941256005,0.44897697298322614,0.39763735719230175,-0.05133961579092439,-0.09831937520348444,True,-0.07482949549720441,-0.05133961579092439
0.6000000000000001,0.55,0.7482949549720435,0.7952747143846035,0.04697975941256005,0.44897697298322614,0.43740109291153195,-0.011575880071694189,-0.05855563948425424,True,-0.037414747748602206,-0.011575880071694189
0.6000000000000001,0.6000000000000001,0.7482949549720435,0.7952747143846035,0.04697975941256005,0.44897697298322614,0.47716482863076215,0.02818785564753601,-0.018791903765024043,False,0.0,0.02818785564753601
0.6000000000000001,0.65,0.7482949549720435,0.7952747143846035,0.04697975941256005,0.44897697298322614,0.5169285643499923,0.0679515913667662,0.020971831954206155,False,0.03741474774860212,0.0679515913667662
0.6000000000000001,0.7000000000000001,0.7482949549720435,0.7952747143846035,0.04697975941256005,0.44897697298322614,0.5566923000692225,0.1077153270859964,0.06073556767343635,False,0.07482949549720433,0.1077153270859964
0.6000000000000001,0.75,0.7482949549720435,0.7952747143846035,0.04697975941256005,0.44897697298322614,0.5964560357884526,0.1474790628052265,0.10049930339266644,False,0.11224424324580645,0.1474790628052265
0.6000000000000001,0.8,0.7482949549720435,0.7952747143846035,0.04697975941256005,0.44897697298322614,0.6362197715076828,0.1872427985244567,0.14026303911189664,False,0.14965899099440866,0.1872427985244567
0.6000000000000001,0.8500000000000001,0.7482949549720435,0.7952747143846035,0.04697975941256005,0.44897697298322614,0.675983507226913,0.22700653424368689,0.18002677483112683,False,0.18707373874301086,0.22700653424368689
0.6000000000000001,0.9,0.7482949549720435,0.7952747143846035,0.04697975941256005,0.44897697298322614,0.7157472429461432,0.2667702699629171,0.21979051055035703,False,0.224488486491613,0.2667702699629171
0.6000000000000001,0.9500000000000001,0.7482949549720435,0.7952747143846035,0.04697975941256005,0.44897697298322614,0.7555109786653734,0.3065340056821473,0.25955424626958723,False,0.2619032342402152,0.3065340056821473
0.6000000000000001,1.0,0.7482949549720435,0.7952747143846035,0.04697975941256005,0.44897697298322614,0.7952747143846035,0.34629774140137737,0.2993179819888173,False,0.2993179819888173,0.34629774140137737
0.65,0.0,0.7482949549720435,0.7952747143846035,0.04697975941256005,0.48639172073182824,0.0,-0.48639172073182824,-0.5333714801443883,True,-0.48639172073182824,-0.48639172073182824
0.65,0.05,0.7482949549720435,0.7952747143846035,0.04697975941256005,0.48639172073182824,0.03976373571923018,-0.44662798501259804,-0.4936077444251581,True,-0.4489769729832261,-0.44662798501259804
0.65,0.1,0.7482949549720435,0.7952747143846035,0.04697975941256005,0.48639172073182824,0.07952747143846035,-0.4068642492933679,-0.45384400870592795,True,-0.41156222523462394,-0.4068642492933679
0.65,0.15000000000000002,0.7482949549720435,0.7952747143846035,0.04697975941256005,0.48639172073182824,0.11929120715769054,-0.3671005135741377,-0.41408027298669775,True,-0.37414747748602173,-0.3671005135741377
0.65,0.2,0.7482949549720435,0.7952747143846035,0.04697975941256005,0.48639172073182824,0.1590549428769207,-0.32733677785490756,-0.3743165372674676,True,-0.3367327297374196,-0.32733677785490756
0.65,0.25,0.7482949549720435,0.7952747143846035,0.04697975941256005,0.48639172073182824,0.19881867859615088,-0.28757304213567736,-0.3345528015482374,True,-0.29931798198881737,-0.28757304213567736
0.65,0.30000000000000004,0.7482949549720435,0.7952747143846035,0.04697975941256005,0.48639172073182824,0.23858241431538108,-0.24780930641644716,-0.2947890658290072,True,-0.2619032342402152,-0.24780930641644716
0.65,0.35000000000000003,0.7482949549720435,0.7952747143846035,0.04697975941256005,0.48639172073182824,0.2783461500346113,-0.20804557069721696,-0.255025330109777,True,-0.22448848649161304,-0.20804557069721696
0.65,0.4,0.7482949549720435,0.7952747143846035,0.04697975941256005,0.48639172073182824,0.3181098857538414,-0.16828183497798682,-0.21526159439054687,True,-0.18707373874301086,-0.16828183497798682
0.65,0.45,0.7482949549720435,0.7952747143846035,0.04697975941256005,0.48639172073182824,0.3578736214730716,-0.12851809925875662,-0.17549785867131668,True,-0.14965899099440869,-0.12851809925875662
0.65,0.5,0.7482949549720435,0.7952747143846035,0.04697975941256005,0.48639172073182824,0.39763735719230175,-0.08875436353952648,-0.13573412295208653,True,-0.11224424324580654,-0.08875436353952648
0.65,0.55,0.7482949549720435,0.7952747143846035,0.04697975941256005,0.48639172073182824,0.43740109291153195,-0.048990627820296284,-0.09597038723285634,True,-0.07482949549720433,-0.048990627820296284
0.65,0.6000000000000001,0.7482949549720435,0.7952747143846035,0.04697975941256005,0.48639172073182824,0.47716482863076215,-0.009226892101066086,-0.05620665151362614,True,-0.03741474774860212,-0.009226892101066086
0.65,0.65,0.7482949549720435,0.7952747143846035,0.04697975941256005,0.48639172073182824,0.5169285643499923,0.03053684361816411,-0.01644291579439594,False,0.0,0.03053684361816411
0.65,0.7000000000000001,0.7482949549720435,0.7952747143846035,0.04697975941256005,0.48639172073182824,0.5566923000692225,0.07030057933739431,0.023320819924834257,False,0.037414747748602206,0.07030057933739431
0.65,0.75,0.7482949549720435,0.7952747143846035,0.04697975941256005,0.48639172073182824,0.5964560357884526,0.1100643150566244,0.06308455564406434,False,0.07482949549720433,0.1100643150566244
0.65,0.8,0.7482949549720435,0.7952747143846035,0.04697975941256005,0.48639172073182824,0.6362197715076828,0.1498280507758546,0.10284829136329454,False,0.11224424324580654,0.1498280507758546
0.65,0.8500000000000001,0.7482949549720435,0.7952747143846035,0.04697975941256005,0.48639172073182824,0.675983507226913,0.1895917864950848,0.14261202708252474,False,0.14965899099440874,0.1895917864950848
0.65,0.9,0.7482949549720435,0.7952747143846035,0.04697975941256005,0.48639172073182824,0.7157472429461432,0.229355522214315,0.18237576280175494,False,0.18707373874301086,0.229355522214315
0.65,0.9500000000000001,0.7482949549720435,0.7952747143846035,0.04697975941256005,0.48639172073182824,0.7555109786653734,0.2691192579335452,0.22213949852098513,False,0.22448848649161307,0.2691192579335452
0.65,1.0,0.7482949549720435,0.7952747143846035,0.04697975941256005,0.48639172073182824,0.7952747143846035,0.3088829936527753,0.2619032342402152,False,0.2619032342402152,0.3088829936527753
0.7000000000000001,0.0,0.7482949549720435,0.7952747143846035,0.04697975941256005,0.5238064684804304,0.0,-0.5238064684804304,-0.5707862278929905,True,-0.5238064684804304,-0.5238064684804304
0.7000000000000001,0.05,0.7482949549720435,0.7952747143846035,0.04697975941256005,0.5238064684804304,0.03976373571923018,-0.48404273276120025,-0.5310224921737603,True,-0.48639172073182824,-0.48404273276120025
0.7000000000000001,0.1,0.7482949549720435,0.7952747143846035,0.04697975941256005,0.5238064684804304,0.07952747143846035,-0.4442789970419701,-0.49125875645453015,True,-0.44897697298322614,-0.4442789970419701
0.7000000000000001,0.15000000000000002,0.7482949549720435,0.7952747143846035,0.04697975941256005,0.5238064684804304,0.11929120715769054,-0.4045152613227399,-0.45149502073529996,True,-0.41156222523462394,-0.4045152613227399
0.7000000000000001,0.2,0.7482949549720435,0.7952747143846035,0.04697975941256005,0.5238064684804304,0.1590549428769207,-0.36475152560350976,-0.4117312850160698,True,-0.37414747748602173,-0.36475152560350976
0.7000000000000001,0.25,0.7482949549720435,0.7952747143846035,0.04697975941256005,0.5238064684804304,0.19881867859615088,-0.32498778988427957,-0.3719675492968396,True,-0.3367327297374196,-0.32498778988427957
0.7000000000000001,0.30000000000000004,0.7482949549720435,0.7952747143846035,0.04697975941256005,0.5238064684804304,0.23858241431538108,-0.28522405416504937,-0.3322038135776094,True,-0.29931798198881737,-0.28522405416504937
0.7000000000000001,0.35000000000000003,0.7482949549720435,0.7952747143846035,0.04697975941256005,0.5238064684804304,0.2783461500346113,-0.24546031844581917,-0.2924400778583792,True,-0.2619032342402152,-0.24546031844581917
0.7000000000000001,0.4,0.7482949549720435,0.7952747143846035,0.04697975941256005,0.5238064684804304,0.3181098857538414,-0.20569658272658903,-0.2526763421391491,True,-0.22448848649161307,-0.20569658272658903
0.7000000000000001,0.45,0.7482949549720435,0.7952747143846035,0.04697975941256005,0.5238064684804304,0.3578736214730716,-0.16593284700735883,-0.21291260641991888,True,-0.1870737387430109,-0.16593284700735883
0.7000000000000001,0.5,0.7482949549720435,0.7952747143846035,0.04697975941256005,0.5238064684804304,0.39763735719230175,-0.1261691112881287,-0.17314887070068874,True,-0.14965899099440874,-0.1261691112881287
0.7000000000000001,0.55,0.7482949549720435,0.7952747143846035,0.04697975941256005,0.5238064684804304,0.43740109291153195,-0.08640537556889849,-0.13338513498145854,True,-0.11224424324580654,-0.08640537556889849
0.7000000000000001,0.6000000000000001,0.7482949549720435,0.7952747143846035,0.04697975941256005,0.5238064684804304,0.47716482863076215,-0.04664163984966829,-0.09362139926222834,True,-0.07482949549720433,-0.04664163984966829
0.7000000000000001,0.65,0.7482949549720435,0.7952747143846035,0.04697975941256005,0.5238064684804304,0.5169285643499923,-0.006877904130438095,-0.053857663542998147,True,-0.037414747748602206,-0.006877904130438095
0.7000000000000001,0.7000000000000001,0.7482949549720435,0.7952747143846035,0.04697975941256005,0.5238064684804304,0.5566923000692225,0.0328858315887921,-0.014093927823767949,False,0.0,0.0328858315887921
0.7000000000000001,0.75,0.7482949549720435,0.7952747143846035,0.04697975941256005,0.5238064684804304,0.5964560357884526,0.07264956730802219,0.025669807895462138,False,0.03741474774860212,0.07264956730802219
0.7000000000000001,0.8,0.7482949549720435,0.7952747143846035,0.04697975941256005,0.5238064684804304,0.6362197715076828,0.11241330302725239,0.06543354361469234,False,0.07482949549720433,0.11241330302725239
0.7000000000000001,0.8500000000000001,0.7482949549720435,0.7952747143846035,0.04697975941256005,0.5238064684804304,0.675983507226913,0.15217703874648258,0.10519727933392253,False,0.11224424324580654,0.15217703874648258
0.7000000000000001,0.9,0.7482949549720435,0.7952747143846035,0.04697975941256005,0.5238064684804304,0.7157472429461432,0.19194077446571278,0.14496101505315273,False,0.14965899099440866,0.19194077446571278
0.7000000000000001,0.9500000000000001,0.7482949549720435,0.7952747143846035,0.04697975941256005,0.5238064684804304,0.7555109786653734,0.23170451018494298,0.18472475077238293,False,0.18707373874301086,0.23170451018494298
0.7000000000000001,1.0,0.7482949549720435,0.7952747143846035,0.04697975941256005,0.5238064684804304,0.7952747143846035,0.27146824590417307,0.22448848649161302,False,0.224488486491613,0.27146824590417307
0.75,0.0,0.7482949549720435,0.7952747143846035,0.04697975941256005,0.5612212162290326,0.0,-0.5612212162290326,-0.6082009756415927,True,-0.5612212162290326,-0.5612212162290326
0.75,0.05,0.7482949549720435,0.7952747143846035,0.04697975941256005,0.5612212162290326,0.03976373571923018,-0.5214574805098025,-0.5684372399223625,True,-0.5238064684804304,-0.5214574805098025
0.75,0.1,0.7482949549720435,0.7952747143846035,0.04697975941256005,0.5612212162290326,0.07952747143846035,-0.4816937447905723,-0.5286735042031323,True,-0.48639172073182824,-0.4816937447905723
0.75,0.15000000000000002,0.7482949549720435,0.7952747143846035,0.04697975941256005,0.5612212162290326,0.11929120715769054,-0.4419300090713421,-0.48890976848390216,True,-0.4489769729832261,-0.4419300090713421
0.75,0.2,0.7482949549720435,0.7952747143846035,0.04697975941256005,0.5612212162290326,0.1590549428769207,-0.40216627335211197,-0.449146032764672,True,-0.41156222523462394,-0.40216627335211197
0.75,0.25,0.7482949549720435,0.7952747143846035,0.04697975941256005,0.5612212162290326,0.19881867859615088,-0.36240253763288177,-0.4093822970454418,True,-0.37414747748602173,-0.36240253763288177
0.75,0.30000000000000004,0.7482949549720435,0.7952747143846035,0.04697975941256005,0.5612212162290326,0.23858241431538108,-0.3226388019136516,-0.3696185613262116,True,-0.3367327297374195,-0.3226388019136516
0.75,0.35000000000000003,0.7482949549720435,0.7952747143846035,0.04697975941256005,0.5612212162290326,0.2783461500346113,-0.2828750661944214,-0.3298548256069814,True,-0.29931798198881737,-0.2828750661944214
0.75,0.4,0.7482949549720435,0.7952747143846035,0.04697975941256005,0.5612212162290326,0.3181098857538414,-0.24311133047519123,-0.2900910898877513,True,-0.2619032342402152,-0.24311133047519123
0.75,0.45,0.7482949549720435,0.7952747143846035,0.04697975941256005,0.5612212162290326,0.3578736214730716,-0.20334759475596104,-0.2503273541685211,True,-0.22448848649161304,-0.20334759475596104
0.75,0.5,0.7482949549720435,0.7952747143846035,0.04697975941256005,0.5612212162290326,0.39763735719230175,-0.1635838590367309,-0.21056361844929095,True,-0.18707373874301086,-0.1635838590367309
0.75,0.55,0.7482949549720435,0.7952747143846035,0.04697975941256005,0.5612212162290326,0.43740109291153195,-0.1238201233175007,-0.17079988273006075,True,-0.14965899099440866,-0.1238201233175007
0.75,0.6000000000000001,0.7482949549720435,0.7952747143846035,0.04697975941256005,0.5612212162290326,0.47716482863076215,-0.0840563875982705,-0.13103614701083055,True,-0.11224424324580645,-0.0840563875982705
0.75,0.65,0.7482949549720435,0.7952747143846035,0.04697975941256005,0.5612212162290326,0.5169285643499923,-0.0442926518790403,-0.09127241129160035,True,-0.07482949549720433,-0.0442926518790403
0.75,0.7000000000000001,0.7482949549720435,0.7952747143846035,0.04697975941256005,0.5612212162290326,0.5566923000692225,-0.0045289161598101035,-0.051508675572370155,True,-0.03741474774860212,-0.0045289161598101035
0.75,0.75,0.7482949549720435,0.7952747143846035,0.04697975941256005,0.5612212162290326,0.5964560357884526,0.03523481955941998,-0.011744939853140068,False,0.0,0.03523481955941998
0.75,0.8,0.7482949549720435,0.7952747143846035,0.04697975941256005,0.5612212162290326,0.6362197715076828,0.07499855527865018,0.02801879586609013,False,0.037414747748602206,0.07499855527865018
0.75,0.8500000000000001,0.7482949549720435,0.7952747143846035,0.04697975941256005,0.5612212162290326,0.675983507226913,0.11476229099788038,0.06778253158532033,False,0.07482949549720441,0.11476229099788038
0.75,0.9,0.7482949549720435,0.7952747143846035,0.04697975941256005,0.5612212162290326,0.7157472429461432,0.15452602671711058,0.10754626730455052,False,0.11224424324580654,0.15452602671711058
0.75,0.9500000000000001,0.7482949549720435,0.7952747143846035,0.04697975941256005,0.5612212162290326,0.7555109786653734,0.19428976243634077,0.14731000302378072,False,0.14965899099440874,0.19428976243634077
0.75,1.0,0.7482949549720435,0.7952747143846035,0.04697975941256005,0.5612212162290326,0.7952747143846035,0.23405349815557086,0.1870737387430108,False,0.18707373874301086,0.23405349815557086
0.8,0.0,0.7482949549720435,0.7952747143846035,0.04697975941256005,0.5986359639776347,0.0,-0.5986359639776347,-0.6456157233901948,True,-0.5986359639776347,-0.5986359639776347
0.8,0.05,0.7482949549720435,0.7952747143846035,0.04697975941256005,0.5986359639776347,0.03976373571923018,-0.5588722282584045,-0.6058519876709646,True,-0.5612212162290326,-0.5588722282584045
0.8,0.1,0.7482949549720435,0.7952747143846035,0.04697975941256005,0.5986359639776347,0.07952747143846035,-0.5191084925391743,-0.5660882519517344,True,-0.5238064684804304,-0.5191084925391743
0.8,0.15000000000000002,0.7482949549720435,0.7952747143846035,0.04697975941256005,0.5986359639776347,0.11929120715769054,-0.4793447568199442,-0.5263245162325043,True,-0.48639172073182824,-0.4793447568199442
0.8,0.2,0.7482949549720435,0.7952747143846035,0.04697975941256005,0.5986359639776347,0.1590549428769207,-0.43958102110071406,-0.4865607805132741,True,-0.44897697298322614,-0.43958102110071406
0.8,0.25,0.7482949549720435,0.7952747143846035,0.04697975941256005,0.5986359639776347,0.19881867859615088,-0.39981728538148387,-0.4467970447940439,True,-0.41156222523462394,-0.39981728538148387
0.8,0.30000000000000004,0.7482949549720435,0.7952747143846035,0.04697975941256005,0.5986359639776347,0.23858241431538108,-0.36005354966225367,-0.4070333090748137,True,-0.37414747748602173,-0.36005354966225367
0.8,0.35000000000000003,0.7482949549720435,0.7952747143846035,0.04697975941256005,0.5986359639776347,0.2783461500346113,-0.32028981394302347,-0.3672695733555835,True,-0.3367327297374196,-0.32028981394302347
0.8,0.4,0.7482949549720435,0.7952747143846035,0.04697975941256005,0.5986359639776347,0.3181098857538414,-0.28052607822379333,-0.3275058376363534,True,-0.29931798198881737,-0.28052607822379333
0.8,0.45,0.7482949549720435,0.7952747143846035,0.04697975941256005,0.5986359639776347,0.3578736214730716,-0.24076234250456313,-0.2877421019171232,True,-0.2619032342402152,-0.24076234250456313
0.8,0.5,0.7482949549720435,0.7952747143846035,0.04697975941256005,0.5986359639776347,0.39763735719230175,-0.200998606785333,-0.24797836619789304,True,-0.22448848649161307,-0.200998606785333
0.8,0.55,0.7482949549720435,0.7952747143846035,0.04697975941256005,0.5986359639776347,0.43740109291153195,-0.1612348710661028,-0.20821463047866284,True,-0.18707373874301086,-0.1612348710661028
0.8,0.6000000000000001,0.7482949549720435,0.7952747143846035,0.04697975941256005,0.5986359639776347,0.47716482863076215,-0.1214711353468726,-0.16845089475943265,True,-0.14965899099440866,-0.1214711353468726
0.8,0.65,0.7482949549720435,0.7952747143846035,0.04697975941256005,0.5986359639776347,0.5169285643499923,-0.0817073996276424,-0.12868715904020245,True,-0.11224424324580654,-0.0817073996276424
0.8,0.7000000000000001,0.7482949549720435,0.7952747143846035,0.04697975941256005,0.5986359639776347,0.5566923000692225,-0.0419436639084122,-0.08892342332097225,True,-0.07482949549720433,-0.0419436639084122
0.8,0.75,0.7482949549720435,0.7952747143846035,0.04697975941256005,0.5986359639776347,0.5964560357884526,-0.002179928189182112,-0.049159687601742164,True,-0.037414747748602206,-0.002179928189182112
0.8,0.8,0.7482949549720435,0.7952747143846035,0.04697975941256005,0.5986359639776347,0.6362197715076828,0.037583807530048086,-0.009395951882511966,False,0.0,0.037583807530048086
0.8,0.8500000000000001,0.7482949549720435,0.7952747143846035,0.04697975941256005,0.5986359639776347,0.675983507226913,0.07734754324927828,0.030367783836718232,False,0.037414747748602206,0.07734754324927828
0.8,0.9,0.7482949549720435,0.7952747143846035,0.04697975941256005,0.5986359639776347,0.7157472429461432,0.11711127896850848,0.07013151955594843,False,0.07482949549720433,0.11711127896850848
0.8,0.9500000000000001,0.7482949549720435,0.7952747143846035,0.04697975941256005,0.5986359639776347,0.7555109786653734,0.15687501468773868,0.10989525527517863,False,0.11224424324580654,0.15687501468773868
0.8,1.0,0.7482949549720435,0.7952747143846035,0.04697975941256005,0.5986359639776347,0.7952747143846035,0.19663875040696877,0.1496589909944087,False,0.14965899099440866,0.19663875040696877
0.8500000000000001,0.0,0.7482949549720435,0.7952747143846035,0.04697975941256005,0.636050711726237,0.0,-0.636050711726237,-0.683030471138797,True,-0.636050711726237,-0.636050711726237
0.8500000000000001,0.05,0.7482949549720435,0.7952747143846035,0.04697975941256005,0.636050711726237,0.03976373571923018,-0.5962869760070068,-0.6432667354195668,True,-0.5986359639776347,-0.5962869760070068
0.8500000000000001,0.1,0.7482949549720435,0.7952747143846035,0.04697975941256005,0.636050711726237,0.07952747143846035,-0.5565232402877766,-0.6035029997003366,True,-0.5612212162290326,-0.5565232402877766
0.8500000000000001,0.15000000000000002,0.7482949549720435,0.7952747143846035,0.04697975941256005,0.636050711726237,0.11929120715769054,-0.5167595045685465,-0.5637392639811065,True,-0.5238064684804304,-0.5167595045685465
0.8500000000000001,0.2,0.7482949549720435,0.7952747143846035,0.04697975941256005,0.636050711726237,0.1590549428769207,-0.47699576884931627,-0.5239755282618763,True,-0.48639172073182835,-0.47699576884931627
0.8500000000000001,0.25,0.7482949549720435,0.7952747143846035,0.04697975941256005,0.636050711726237,0.19881867859615088,-0.4372320331300861,-0.4842117925426461,True,-0.44897697298322614,-0.4372320331300861
0.8500000000000001,0.30000000000000004,0.7482949549720435,0.7952747143846035,0.04697975941256005,0.636050711726237,0.23858241431538108,-0.3974682974108559,-0.4444480568234159,True,-0.41156222523462394,-0.3974682974108559
0.8500000000000001,0.35000000000000003,0.7482949549720435,0.7952747143846035,0.04697975941256005,0.636050711726237,0.2783461500346113,-0.3577045616916257,-0.40468432110418573,True,-0.37414747748602173,-0.3577045616916257
0.8500000000000001,0.4,0.7482949549720435,0.7952747143846035,0.04697975941256005,0.636050711726237,0.3181098857538414,-0.31794082597239554,-0.3649205853849556,True,-0.3367327297374196,-0.31794082597239554
0.8500000000000001,0.45,0.7482949549720435,0.7952747143846035,0.04697975941256005,0.636050711726237,0.3578736214730716,-0.27817709025316534,-0.3251568496657254,True,-0.2993179819888174,-0.27817709025316534
0.8500000000000001,0.5,0.7482949549720435,0.7952747143846035,0.04697975941256005,0.636050711726237,0.39763735719230175,-0.2384133545339352,-0.28539311394649525,True,-0.2619032342402153,-0.2384133545339352
0.8500000000000001,0.55,0.7482949549720435,0.7952747143846035,0.04697975941256005,0.636050711726237,0.43740109291153195,-0.198649618814705,-0.24562937822726505,True,-0.22448848649161307,-0.198649618814705
0.8500000000000001,0.6000000000000001,0.7482949549720435,0.7952747143846035,0.04697975941256005,0.636050711726237,0.47716482863076215,-0.1588858830954748,-0.20586564250803485,True,-0.18707373874301086,-0.1588858830954748
0.8500000000000001,0.65,0.7482949549720435,0.7952747143846035,0.04697975941256005,0.636050711726237,0.5169285643499923,-0.1191221473762446,-0.16610190678880465,True,-0.14965899099440874,-0.1191221473762446
0.8500000000000001,0.7000000000000001,0.7482949549720435,0.7952747143846035,0.04697975941256005,0.636050711726237,0.5566923000692225,-0.0793584116570144,-0.12633817106957446,True,-0.11224424324580654,-0.0793584116570144
0.8500000000000001,0.75,0.7482949549720435,0.7952747143846035,0.04697975941256005,0.636050711726237,0.5964560357884526,-0.03959467593778432,-0.08657443535034437,True,-0.07482949549720441,-0.03959467593778432
0.8500000000000001,0.8,0.7482949549720435,0.7952747143846035,0.04697975941256005,0.636050711726237,0.6362197715076828,0.0001690597814458794,-0.04681069963111417,False,-0.037414747748602206,0.0001690597814458794
0.8500000000000001,0.8500000000000001,0.7482949549720435,0.7952747143846035,0.04697975941256005,0.636050711726237,0.675983507226913,0.03993279550067608,-0.007046963911883974,False,0.0,0.03993279550067608
0.8500000000000001,0.9,0.7482949549720435,0.7952747143846035,0.04697975941256005,0.636050711726237,0.7157472429461432,0.07969653121990627,0.03271677180734622,False,0.03741474774860212,0.07969653121990627
0.8500000000000001,0.9500000000000001,0.7482949549720435,0.7952747143846035,0.04697975941256005,0.636050711726237,0.7555109786653734,0.11946026693913647,0.07248050752657642,False,0.07482949549720433,0.11946026693913647
0.8500000000000001,1.0,0.7482949549720435,0.7952747143846035,0.04697975941256005,0.636050711726237,0.7952747143846035,0.15922400265836656,0.11224424324580651,False,0.11224424324580645,0.15922400265836656
0.9,0.0,0.7482949549720435,0.7952747143846035,0.04697975941256005,0.6734654594748392,0.0,-0.6734654594748392,-0.7204452188873992,True,-0.6734654594748392,-0.6734654594748392
0.9,0.05,0.7482949549720435,0.7952747143846035,0.04697975941256005,0.6734654594748392,0.03976373571923018,-0.633701723755609,-0.680681483168169,True,-0.636050711726237,-0.633701723755609
0.9,0.1,0.7482949549720435,0.7952747143846035,0.04697975941256005,0.6734654594748392,0.07952747143846035,-0.5939379880363788,-0.6409177474489388,True,-0.5986359639776347,-0.5939379880363788
0.9,0.15000000000000002,0.7482949549720435,0.7952747143846035,0.04697975941256005,0.6734654594748392,0.11929120715769054,-0.5541742523171487,-0.6011540117297087,True,-0.5612212162290326,-0.5541742523171487
0.9,0.2,0.7482949549720435,0.7952747143846035,0.04697975941256005,0.6734654594748392,0.1590549428769207,-0.5144105165979185,-0.5613902760104785,True,-0.5238064684804304,-0.5144105165979185
0.9,0.25,0.7482949549720435,0.7952747143846035,0.04697975941256005,0.6734654594748392,0.19881867859615088,-0.4746467808786883,-0.5216265402912483,True,-0.48639172073182824,-0.4746467808786883
0.9,0.30000000000000004,0.7482949549720435,0.7952747143846035,0.04697975941256005,0.6734654594748392,0.23858241431538108,-0.4348830451594581,-0.48186280457201813,True,-0.4489769729832261,-0.4348830451594581
0.9,0.35000000000000003,0.7482949549720435,0.7952747143846035,0.04697975941256005,0.6734654594748392,0.2783461500346113,-0.3951193094402279,-0.44209906885278794,True,-0.41156222523462394,-0.3951193094402279
0.9,0.4,0.7482949549720435,0.7952747143846035,0.04697975941256005,0.6734654594748392,0.3181098857538414,-0.35535557372099774,-0.4023353331335578,True,-0.37414747748602173,-0.35535557372099774
0.9,0.45,0.7482949549720435,0.7952747143846035,0.04697975941256005,0.6734654594748392,0.3578736214730716,-0.31559183800176754,-0.3625715974143276,True,-0.3367327297374196,-0.31559183800176754
0.9,0.5,0.7482949549720435,0.7952747143846035,0.04697975941256005,0.6734654594748392,0.39763735719230175,-0.2758281022825374,-0.32280786169509745,True,-0.29931798198881737,-0.2758281022825374
0.9,0.55,0.7482949549720435,0.7952747143846035,0.04697975941256005,0.6734654594748392,0.43740109291153195,-0.2360643665633072,-0.28304412597586726,True,-0.2619032342402152,-0.2360643665633072
0.9,0.6000000000000001,0.7482949549720435,0.7952747143846035,0.04697975941256005,0.6734654594748392,0.47716482863076215,-0.196300630844077,-0.24328039025663706,True,-0.224488486491613,-0.196300630844077
0.9,0.65,0.7482949549720435,0.7952747143846035,0.04697975941256005,0.6734654594748392,0.5169285643499923,-0.1565368951248468,-0.20351665453740686,True,-0.18707373874301086,-0.1565368951248468
0.9,0.7000000000000001,0.7482949549720435,0.7952747143846035,0.04697975941256005,0.6734654594748392,0.5566923000692225,-0.11677315940561661,-0.16375291881817666,True,-0.14965899099440866,-0.11677315940561661
0.9,0.75,0.7482949549720435,0.7952747143846035,0.04697975941256005,0.6734654594748392,0.5964560357884526,-0.07700942368638652,-0.12398918309894658,True,-0.11224424324580654,-0.07700942368638652
0.9,0.8,0.7482949549720435,0.7952747143846035,0.04697975941256005,0.6734654594748392,0.6362197715076828,-0.03724568796715633,-0.08422544737971638,True,-0.07482949549720433,-0.03724568796715633
0.9,0.8500000000000001,0.7482949549720435,0.7952747143846035,0.04697975941256005,0.6734654594748392,0.675983507226913,0.002518047752073871,-0.04446171166048618,False,-0.03741474774860212,0.002518047752073871
0.9,0.9,0.7482949549720435,0.7952747143846035,0.04697975941256005,0.6734654594748392,0.7157472429461432,0.04228178347130407,-0.004697975941255983,False,0.0,0.04228178347130407
0.9,0.9500000000000001,0.7482949549720435,0.7952747143846035,0.04697975941256005,0.6734654594748392,0.7555109786653734,0.08204551919053427,0.035065759777974215,False,0.037414747748602206,0.08204551919053427
0.9,1.0,0.7482949549720435,0.7952747143846035,0.04697975941256005,0.6734654594748392,0.7952747143846035,0.12180925490976435,0.0748294954972043,False,0.07482949549720433,0.12180925490976435
0.9500000000000001,0.0,0.7482949549720435,0.7952747143846035,0.04697975941256005,0.7108802072234414,0.0,-0.7108802072234414,-0.7578599666360014,True,-0.7108802072234414,-0.7108802072234414
0.9500000000000001,0.05,0.7482949549720435,0.7952747143846035,0.04697975941256005,0.7108802072234414,0.03976373571923018,-0.6711164715042112,-0.7180962309167712,True,-0.6734654594748392,-0.6711164715042112
0.9500000000000001,0.1,0.7482949549720435,0.7952747143846035,0.04697975941256005,0.7108802072234414,0.07952747143846035,-0.631352735784981,-0.678332495197541,True,-0.636050711726237,-0.631352735784981
0.9500000000000001,0.15000000000000002,0.7482949549720435,0.7952747143846035,0.04697975941256005,0.7108802072234414,0.11929120715769054,-0.5915890000657509,-0.6385687594783109,True,-0.5986359639776347,-0.5915890000657509
0.9500000000000001,0.2,0.7482949549720435,0.7952747143846035,0.04697975941256005,0.7108802072234414,0.1590549428769207,-0.5518252643465207,-0.5988050237590807,True,-0.5612212162290326,-0.5518252643465207
0.9500000000000001,0.25,0.7482949549720435,0.7952747143846035,0.04697975941256005,0.7108802072234414,0.19881867859615088,-0.5120615286272905,-0.5590412880398505,True,-0.5238064684804304,-0.5120615286272905
0.9500000000000001,0.30000000000000004,0.7482949549720435,0.7952747143846035,0.04697975941256005,0.7108802072234414,0.23858241431538108,-0.4722977929080603,-0.5192775523206203,True,-0.48639172073182824,-0.4722977929080603
0.9500000000000001,0.35000000000000003,0.7482949549720435,0.7952747143846035,0.04697975941256005,0.7108802072234414,0.2783461500346113,-0.4325340571888301,-0.47951381660139014,True,-0.44897697298322614,-0.4325340571888301
0.9500000000000001,0.4,0.7482949549720435,0.7952747143846035,0.04697975941256005,0.7108802072234414,0.3181098857538414,-0.39277032146959995,-0.43975008088216,True,-0.41156222523462394,-0.39277032146959995
0.9500000000000001,0.45,0.7482949549720435,0.7952747143846035,0.04697975941256005,0.7108802072234414,0.3578736214730716,-0.35300658575036975,-0.3999863451629298,True,-0.37414747748602173,-0.35300658575036975
0.9500000000000001,0.5,0.7482949549720435,0.7952747143846035,0.04697975941256005,0.7108802072234414,0.39763735719230175,-0.3132428500311396,-0.36022260944369966,True,-0.3367327297374196,-0.3132428500311396
0.9500000000000001,0.55,0.7482949549720435,0.7952747143846035,0.04697975941256005,0.7108802072234414,0.43740109291153195,-0.2734791143119094,-0.32045887372446946,True,-0.29931798198881737,-0.2734791143119094
0.9500000000000001,0.6000000000000001,0.7482949549720435,0.7952747143846035,0.04697975941256005,0.7108802072234414,0.47716482863076215,-0.2337153785926792,-0.28069513800523926,True,-0.2619032342402152,-0.2337153785926792
0.9500000000000001,0.65,0.7482949549720435,0.7952747143846035,0.04697975941256005,0.7108802072234414,0.5169285643499923,-0.19395164287344901,-0.24093140228600907,True,-0.22448848649161307,-0.19395164287344901
0.9500000000000001,0.7000000000000001,0.7482949549720435,0.7952747143846035,0.04697975941256005,0.7108802072234414,0.5566923000692225,-0.15418790715421882,-0.20116766656677887,True,-0.18707373874301086,-0.15418790715421882
0.9500000000000001,0.75,0.7482949549720435,0.7952747143846035,0.04697975941256005,0.7108802072234414,0.5964560357884526,-0.11442417143498873,-0.16140393084754878,True,-0.14965899099440874,-0.11442417143498873
0.9500000000000001,0.8,0.7482949549720435,0.7952747143846035,0.04697975941256005,0.7108802072234414,0.6362197715076828,-0.07466043571575853,-0.12164019512831858,True,-0.11224424324580654,-0.07466043571575853
0.9500000000000001,0.8500000000000001,0.7482949549720435,0.7952747143846035,0.04697975941256005,0.7108802072234414,0.675983507226913,-0.034896699996528335,-0.08187645940908839,True,-0.07482949549720433,-0.034896699996528335
0.9500000000000001,0.9,0.7482949549720435,0.7952747143846035,0.04697975941256005,0.7108802072234414,0.7157472429461432,0.004867035722701862,-0.04211272368985819,False,-0.037414747748602206,0.004867035722701862
0.9500000000000001,0.9500000000000001,0.7482949549720435,0.7952747143846035,0.04697975941256005,0.7108802072234414,0.7555109786653734,0.04463077144193206,-0.0023489879706279915,False,0.0,0.04463077144193206
0.9500000000000001,1.0,0.7482949549720435,0.7952747143846035,0.04697975941256005,0.7108802072234414,0.7952747143846035,0.08439450716116215,0.037414747748602095,False,0.03741474774860212,0.08439450716116215
1.0,0.0,0.7482949549720435,0.7952747143846035,0.04697975941256005,0.7482949549720435,0.0,-0.7482949549720435,-0.7952747143846035,True,-0.7482949549720435,-0.7482949549720435
1.0,0.05,0.7482949549720435,0.7952747143846035,0.04697975941256005,0.7482949549720435,0.03976373571923018,-0.7085312192528133,-0.7555109786653733,True,-0.7108802072234413,-0.7085312192528133
1.0,0.1,0.7482949549720435,0.7952747143846035,0.04697975941256005,0.7482949549720435,0.07952747143846035,-0.6687674835335831,-0.7157472429461431,True,-0.6734654594748392,-0.6687674835335831
1.0,0.15000000000000002,0.7482949549720435,0.7952747143846035,0.04697975941256005,0.7482949549720435,0.11929120715769054,-0.6290037478143529,-0.6759835072269129,True,-0.636050711726237,-0.6290037478143529
1.0,0.2,0.7482949549720435,0.7952747143846035,0.04697975941256005,0.7482949549720435,0.1590549428769207,-0.5892400120951228,-0.6362197715076828,True,-0.5986359639776347,-0.5892400120951228
1.0,0.25,0.7482949549720435,0.7952747143846035,0.04697975941256005,0.7482949549720435,0.19881867859615088,-0.5494762763758926,-0.5964560357884526,True,-0.5612212162290326,-0.5494762763758926
1.0,0.30000000000000004,0.7482949549720435,0.7952747143846035,0.04697975941256005,0.7482949549720435,0.23858241431538108,-0.5097125406566624,-0.5566923000692224,True,-0.5238064684804304,-0.5097125406566624
1.0,0.35000000000000003,0.7482949549720435,0.7952747143846035,0.04697975941256005,0.7482949549720435,0.2783461500346113,-0.4699488049374322,-0.5169285643499922,True,-0.4863917207318282,-0.4699488049374322
1.0,0.4,0.7482949549720435,0.7952747143846035,0.04697975941256005,0.7482949549720435,0.3181098857538414,-0.43018506921820204,-0.4771648286307621,True,-0.4489769729832261,-0.43018506921820204
1.0,0.45,0.7482949549720435,0.7952747143846035,0.04697975941256005,0.7482949549720435,0.3578736214730716,-0.39042133349897185,-0.4374010929115319,True,-0.41156222523462394,-0.39042133349897185
1.0,0.5,0.7482949549720435,0.7952747143846035,0.04697975941256005,0.7482949549720435,0.39763735719230175,-0.3506575977797417,-0.39763735719230175,True,-0.37414747748602173,-0.3506575977797417
1.0,0.55,0.7482949549720435,0.7952747143846035,0.04697975941256005,0.7482949549720435,0.43740109291153195,-0.3108938620605115,-0.35787362147307156,True,-0.3367327297374195,-0.3108938620605115
1.0,0.6000000000000001,0.7482949549720435,0.7952747143846035,0.04697975941256005,0.7482949549720435,0.47716482863076215,-0.2711301263412813,-0.31810988575384136,True,-0.2993179819888173,-0.2711301263412813
1.0,0.65,0.7482949549720435,0.7952747143846035,0.04697975941256005,0.7482949549720435,0.5169285643499923,-0.2313663906220511,-0.27834615003461116,True,-0.2619032342402152,-0.2313663906220511
1.0,0.7000000000000001,0.7482949549720435,0.7952747143846035,0.04697975941256005,0.7482949549720435,0.5566923000692225,-0.1916026549028209,-0.23858241431538096,True,-0.224488486491613,-0.1916026549028209
1.0,0.75,0.7482949549720435,0.7952747143846035,0.04697975941256005,0.7482949549720435,0.5964560357884526,-0.15183891918359083,-0.19881867859615088,True,-0.18707373874301086,-0.15183891918359083
1.0,0.8,0.7482949549720435,0.7952747143846035,0.04697975941256005,0.7482949549720435,0.6362197715076828,-0.11207518346436063,-0.15905494287692068,True,-0.14965899099440866,-0.11207518346436063
1.0,0.8500000000000001,0.7482949549720435,0.7952747143846035,0.04697975941256005,0.7482949549720435,0.675983507226913,-0.07231144774513043,-0.11929120715769048,True,-0.11224424324580645,-0.07231144774513043
1.0,0.9,0.7482949549720435,0.7952747143846035,0.04697975941256005,0.7482949549720435,0.7157472429461432,-0.03254771202590023,-0.07952747143846028,True,-0.07482949549720433,-0.03254771202590023
1.0,0.9500000000000001,0.7482949549720435,0.7952747143846035,0.04697975941256005,0.7482949549720435,0.7555109786653734,0.007216023693329965,-0.03976373571923009,False,-0.03741474774860212,0.007216023693329965
1.0,1.0,0.7482949549720435,0.7952747143846035,0.04697975941256005,0.7482949549720435,0.7952747143846035,0.04697975941256005,0.0,False,0.0,0.04697975941256005
