treatment_sensitivity,treatment_false_positive_probability,control_sensitivity,control_false_positive_probability,worker_control_accuracy,worker_treatment_accuracy,worker_effect,measured_control_accuracy,measured_treatment_accuracy,measured_effect,distortion,zero_boundary_residual_m1_minus_m0,sign_reversed_relative_to_worker
0.0,0.0,0.96,0.02,0.7482949549720435,0.7952747143846035,0.04697975941256005,0.7233972576737208,0.0,-0.7233972576737208,-0.7703770170862808,-0.7233972576737208,True
0.0,0.05,0.96,0.02,0.7482949549720435,0.7952747143846035,0.04697975941256005,0.7233972576737208,0.010236264280769826,-0.7131609933929509,-0.760140752805511,-0.7131609933929509,True
0.0,0.1,0.96,0.02,0.7482949549720435,0.7952747143846035,0.04697975941256005,0.7233972576737208,0.020472528561539652,-0.7029247291121811,-0.7499044885247411,-0.7029247291121811,True
0.0,0.15000000000000002,0.96,0.02,0.7482949549720435,0.7952747143846035,0.04697975941256005,0.7233972576737208,0.030708792842309478,-0.6926884648314113,-0.7396682242439714,-0.6926884648314113,True
0.0,0.2,0.96,0.02,0.7482949549720435,0.7952747143846035,0.04697975941256005,0.7233972576737208,0.040945057123079304,-0.6824522005506415,-0.7294319599632015,-0.6824522005506415,True
0.0,0.25,0.96,0.02,0.7482949549720435,0.7952747143846035,0.04697975941256005,0.7233972576737208,0.05118132140384912,-0.6722159362698716,-0.7191956956824317,-0.6722159362698716,True
0.0,0.30000000000000004,0.96,0.02,0.7482949549720435,0.7952747143846035,0.04697975941256005,0.7233972576737208,0.061417585684618956,-0.6619796719891018,-0.7089594314016618,-0.6619796719891018,True
0.0,0.35000000000000003,0.96,0.02,0.7482949549720435,0.7952747143846035,0.04697975941256005,0.7233972576737208,0.07165384996538877,-0.651743407708332,-0.698723167120892,-0.651743407708332,True
0.0,0.4,0.96,0.02,0.7482949549720435,0.7952747143846035,0.04697975941256005,0.7233972576737208,0.08189011424615861,-0.6415071434275621,-0.6884869028401222,-0.6415071434275621,True
0.0,0.45,0.96,0.02,0.7482949549720435,0.7952747143846035,0.04697975941256005,0.7233972576737208,0.09212637852692843,-0.6312708791467924,-0.6782506385593524,-0.6312708791467924,True
0.0,0.5,0.96,0.02,0.7482949549720435,0.7952747143846035,0.04697975941256005,0.7233972576737208,0.10236264280769825,-0.6210346148660225,-0.6680143742785826,-0.6210346148660225,True
0.0,0.55,0.96,0.02,0.7482949549720435,0.7952747143846035,0.04697975941256005,0.7233972576737208,0.11259890708846808,-0.6107983505852527,-0.6577781099978127,-0.6107983505852527,True
0.0,0.6000000000000001,0.96,0.02,0.7482949549720435,0.7952747143846035,0.04697975941256005,0.7233972576737208,0.12283517136923791,-0.6005620863044828,-0.6475418457170429,-0.6005620863044828,True
0.0,0.65,0.96,0.02,0.7482949549720435,0.7952747143846035,0.04697975941256005,0.7233972576737208,0.13307143565000773,-0.5903258220237131,-0.6373055814362731,-0.5903258220237131,True
0.0,0.7000000000000001,0.96,0.02,0.7482949549720435,0.7952747143846035,0.04697975941256005,0.7233972576737208,0.14330769993077755,-0.5800895577429432,-0.6270693171555033,-0.5800895577429432,True
0.0,0.75,0.96,0.02,0.7482949549720435,0.7952747143846035,0.04697975941256005,0.7233972576737208,0.15354396421154737,-0.5698532934621734,-0.6168330528747334,-0.5698532934621734,True
0.0,0.8,0.96,0.02,0.7482949549720435,0.7952747143846035,0.04697975941256005,0.7233972576737208,0.16378022849231721,-0.5596170291814035,-0.6065967885939636,-0.5596170291814035,True
0.0,0.8500000000000001,0.96,0.02,0.7482949549720435,0.7952747143846035,0.04697975941256005,0.7233972576737208,0.17401649277308703,-0.5493807649006337,-0.5963605243131938,-0.5493807649006337,True
0.0,0.9,0.96,0.02,0.7482949549720435,0.7952747143846035,0.04697975941256005,0.7233972576737208,0.18425275705385685,-0.5391445006198639,-0.5861242600324239,-0.5391445006198639,True
0.0,0.9500000000000001,0.96,0.02,0.7482949549720435,0.7952747143846035,0.04697975941256005,0.7233972576737208,0.19448902133462667,-0.5289082363390941,-0.5758879957516542,-0.5289082363390941,True
0.0,1.0,0.96,0.02,0.7482949549720435,0.7952747143846035,0.04697975941256005,0.7233972576737208,0.2047252856153965,-0.5186719720583243,-0.5656517314708843,-0.5186719720583243,True
0.05,0.0,0.96,0.02,0.7482949549720435,0.7952747143846035,0.04697975941256005,0.7233972576737208,0.03976373571923018,-0.6836335219544906,-0.7306132813670506,-0.6836335219544906,True
0.05,0.05,0.96,0.02,0.7482949549720435,0.7952747143846035,0.04697975941256005,0.7233972576737208,0.05,-0.6733972576737207,-0.7203770170862808,-0.6733972576737207,True
0.05,0.1,0.96,0.02,0.7482949549720435,0.7952747143846035,0.04697975941256005,0.7233972576737208,0.06023626428076983,-0.663160993392951,-0.710140752805511,-0.663160993392951,True
0.05,0.15000000000000002,0.96,0.02,0.7482949549720435,0.7952747143846035,0.04697975941256005,0.7233972576737208,0.07047252856153965,-0.6529247291121811,-0.6999044885247412,-0.6529247291121811,True
0.05,0.2,0.96,0.02,0.7482949549720435,0.7952747143846035,0.04697975941256005,0.7233972576737208,0.08070879284230947,-0.6426884648314113,-0.6896682242439713,-0.6426884648314113,True
0.05,0.25,0.96,0.02,0.7482949549720435,0.7952747143846035,0.04697975941256005,0.7233972576737208,0.09094505712307929,-0.6324522005506414,-0.6794319599632015,-0.6324522005506414,True
0.05,0.30000000000000004,0.96,0.02,0.7482949549720435,0.7952747143846035,0.04697975941256005,0.7233972576737208,0.10118132140384914,-0.6222159362698716,-0.6691956956824316,-0.6222159362698716,True
0.05,0.35000000000000003,0.96,0.02,0.7482949549720435,0.7952747143846035,0.04697975941256005,0.7233972576737208,0.11141758568461896,-0.6119796719891017,-0.6589594314016618,-0.6119796719891017,True
0.05,0.4,0.96,0.02,0.7482949549720435,0.7952747143846035,0.04697975941256005,0.7233972576737208,0.12165384996538878,-0.601743407708332,-0.6487231671208921,-0.601743407708332,True
0.05,0.45,0.96,0.02,0.7482949549720435,0.7952747143846035,0.04697975941256005,0.7233972576737208,0.1318901142461586,-0.5915071434275622,-0.6384869028401222,-0.5915071434275622,True
0.05,0.5,0.96,0.02,0.7482949549720435,0.7952747143846035,0.04697975941256005,0.7233972576737208,0.14212637852692842,-0.5812708791467923,-0.6282506385593524,-0.5812708791467923,True
0.05,0.55,0.96,0.02,0.7482949549720435,0.7952747143846035,0.04697975941256005,0.7233972576737208,0.15236264280769826,-0.5710346148660225,-0.6180143742785825,-0.5710346148660225,True
0.05,0.6000000000000001,0.96,0.02,0.7482949549720435,0.7952747143846035,0.04697975941256005,0.7233972576737208,0.16259890708846808,-0.5607983505852527,-0.6077781099978128,-0.5607983505852527,True
0.05,0.65,0.96,0.02,0.7482949549720435,0.7952747143846035,0.04697975941256005,0.7233972576737208,0.1728351713692379,-0.5505620863044829,-0.5975418457170429,-0.5505620863044829,True
0.05,0.7000000000000001,0.96,0.02,0.7482949549720435,0.7952747143846035,0.04697975941256005,0.7233972576737208,0.18307143565000772,-0.540325822023713,-0.5873055814362731,-0.540325822023713,True
0.05,0.75,0.96,0.02,0.7482949549720435,0.7952747143846035,0.04697975941256005,0.7233972576737208,0.19330769993077754,-0.5300895577429432,-0.5770693171555032,-0.5300895577429432,True
0.05,0.8,0.96,0.02,0.7482949549720435,0.7952747143846035,0.04697975941256005,0.7233972576737208,0.20354396421154738,-0.5198532934621733,-0.5668330528747334,-0.5198532934621733,True
0.05,0.8500000000000001,0.96,0.02,0.7482949549720435,0.7952747143846035,0.04697975941256005,0.7233972576737208,0.2137802284923172,-0.5096170291814035,-0.5565967885939636,-0.5096170291814035,True
0.05,0.9,0.96,0.02,0.7482949549720435,0.7952747143846035,0.04697975941256005,0.7233972576737208,0.22401649277308702,-0.49938076490063377,-0.5463605243131938,-0.49938076490063377,True
0.05,0.9500000000000001,0.96,0.02,0.7482949549720435,0.7952747143846035,0.04697975941256005,0.7233972576737208,0.23425275705385684,-0.4891445006198639,-0.536124260032424,-0.4891445006198639,True
0.05,1.0,0.96,0.02,0.7482949549720435,0.7952747143846035,0.04697975941256005,0.7233972576737208,0.24448902133462666,-0.4789082363390941,-0.5258879957516541,-0.4789082363390941,True
0.1,0.0,0.96,0.02,0.7482949549720435,0.7952747143846035,0.04697975941256005,0.7233972576737208,0.07952747143846035,-0.6438697862352604,-0.6908495456478204,-0.6438697862352604,True
0.1,0.05,0.96,0.02,0.7482949549720435,0.7952747143846035,0.04697975941256005,0.7233972576737208,0.08976373571923019,-0.6336335219544906,-0.6806132813670507,-0.6336335219544906,True
0.1,0.1,0.96,0.02,0.7482949549720435,0.7952747143846035,0.04697975941256005,0.7233972576737208,0.1,-0.6233972576737208,-0.6703770170862808,-0.6233972576737208,True
0.1,0.15000000000000002,0.96,0.02,0.7482949549720435,0.7952747143846035,0.04697975941256005,0.7233972576737208,0.11023626428076982,-0.6131609933929509,-0.660140752805511,-0.6131609933929509,True
0.1,0.2,0.96,0.02,0.7482949549720435,0.7952747143846035,0.04697975941256005,0.7233972576737208,0.12047252856153966,-0.6029247291121811,-0.6499044885247411,-0.6029247291121811,True
0.1,0.25,0.96,0.02,0.7482949549720435,0.7952747143846035,0.04697975941256005,0.7233972576737208,0.13070879284230946,-0.5926884648314112,-0.6396682242439713,-0.5926884648314112,True
0.1,0.30000000000000004,0.96,0.02,0.7482949549720435,0.7952747143846035,0.04697975941256005,0.7233972576737208,0.1409450571230793,-0.5824522005506414,-0.6294319599632014,-0.5824522005506414,True
0.1,0.35000000000000003,0.96,0.02,0.7482949549720435,0.7952747143846035,0.04697975941256005,0.7233972576737208,0.15118132140384913,-0.5722159362698717,-0.6191956956824317,-0.5722159362698717,True
0.1,0.4,0.96,0.02,0.7482949549720435,0.7952747143846035,0.04697975941256005,0.7233972576737208,0.16141758568461895,-0.5619796719891018,-0.6089594314016619,-0.5619796719891018,True
0.1,0.45,0.96,0.02,0.7482949549720435,0.7952747143846035,0.04697975941256005,0.7233972576737208,0.1716538499653888,-0.551743407708332,-0.598723167120892,-0.551743407708332,True
0.1,0.5,0.96,0.02,0.7482949549720435,0.7952747143846035,0.04697975941256005,0.7233972576737208,0.18189011424615859,-0.5415071434275622,-0.5884869028401223,-0.5415071434275622,True
0.1,0.55,0.96,0.02,0.7482949549720435,0.7952747143846035,0.04697975941256005,0.7233972576737208,0.19212637852692843,-0.5312708791467924,-0.5782506385593524,-0.5312708791467924,True
0.1,0.6000000000000001,0.96,0.02,0.7482949549720435,0.7952747143846035,0.04697975941256005,0.7233972576737208,0.20236264280769828,-0.5210346148660225,-0.5680143742785826,-0.5210346148660225,True
0.1,0.65,0.96,0.02,0.7482949549720435,0.7952747143846035,0.04697975941256005,0.7233972576737208,0.21259890708846807,-0.5107983505852527,-0.5577781099978127,-0.5107983505852527,True
0.1,0.7000000000000001,0.96,0.02,0.7482949549720435,0.7952747143846035,0.04697975941256005,0.7233972576737208,0.22283517136923792,-0.5005620863044828,-0.5475418457170429,-0.5005620863044828,True
0.1,0.75,0.96,0.02,0.7482949549720435,0.7952747143846035,0.04697975941256005,0.7233972576737208,0.2330714356500077,-0.49032582202371305,-0.537305581436273,-0.49032582202371305,True
0.1,0.8,0.96,0.02,0.7482949549720435,0.7952747143846035,0.04697975941256005,0.7233972576737208,0.24330769993077755,-0.4800895577429432,-0.5270693171555032,-0.4800895577429432,True
0.1,0.8500000000000001,0.96,0.02,0.7482949549720435,0.7952747143846035,0.04697975941256005,0.7233972576737208,0.2535439642115474,-0.46985329346217336,-0.5168330528747334,-0.46985329346217336,True
0.1,0.9,0.96,0.02,0.7482949549720435,0.7952747143846035,0.04697975941256005,0.7233972576737208,0.2637802284923172,-0.45961702918140357,-0.5065967885939636,-0.45961702918140357,True
0.1,0.9500000000000001,0.96,0.02,0.7482949549720435,0.7952747143846035,0.04697975941256005,0.7233972576737208,0.27401649277308704,-0.4493807649006337,-0.4963605243131938,-0.4493807649006337,True
0.1,1.0,0.96,0.02,0.7482949549720435,0.7952747143846035,0.04697975941256005,0.7233972576737208,0.28425275705385683,-0.43914450061986393,-0.486124260032424,-0.43914450061986393,True
0.15000000000000002,0.0,0.96,0.02,0.7482949549720435,0.7952747143846035,0.04697975941256005,0.7233972576737208,0.11929120715769054,-0.6041060505160303,-0.6510858099285903,-0.6041060505160303,True
0.15000000000000002,0.05,0.96,0.02,0.7482949549720435,0.7952747143846035,0.04697975941256005,0.7233972576737208,0.12952747143846036,-0.5938697862352604,-0.6408495456478205,-0.5938697862352604,True
0.15000000000000002,0.1,0.96,0.02,0.7482949549720435,0.7952747143846035,0.04697975941256005,0.7233972576737208,0.13976373571923018,-0.5836335219544906,-0.6306132813670506,-0.5836335219544906,True
0.15000000000000002,0.15000000000000002,0.96,0.02,0.7482949549720435,0.7952747143846035,0.04697975941256005,0.7233972576737208,0.15000000000000002,-0.5733972576737207,-0.6203770170862808,-0.5733972576737207,True
0.15000000000000002,0.2,0.96,0.02,0.7482949549720435,0.7952747143846035,0.04697975941256005,0.7233972576737208,0.16023626428076984,-0.5631609933929509,-0.6101407528055109,-0.5631609933929509,True
0.15000000000000002,0.25,0.96,0.02,0.7482949549720435,0.7952747143846035,0.04697975941256005,0.7233972576737208,0.17047252856153966,-0.552924729112181,-0.5999044885247411,-0.552924729112181,True
0.15000000000000002,0.30000000000000004,0.96,0.02,0.7482949549720435,0.7952747143846035,0.04697975941256005,0.7233972576737208,0.1807087928423095,-0.5426884648314112,-0.5896682242439713,-0.5426884648314112,True
0.15000000000000002,0.35000000000000003,0.96,0.02,0.7482949549720435,0.7952747143846035,0.04697975941256005,0.7233972576737208,0.1909450571230793,-0.5324522005506415,-0.5794319599632015,-0.5324522005506415,True
0.15000000000000002,0.4,0.96,0.02,0.7482949549720435,0.7952747143846035,0.04697975941256005,0.7233972576737208,0.20118132140384914,-0.5222159362698716,-0.5691956956824317,-0.5222159362698716,True
0.15000000000000002,0.45,0.96,0.02,0.7482949549720435,0.7952747143846035,0.04697975941256005,0.7233972576737208,0.21141758568461896,-0.5119796719891018,-0.5589594314016618,-0.5119796719891018,True
0.15000000000000002,0.5,0.96,0.02,0.7482949549720435,0.7952747143846035,0.04697975941256005,0.7233972576737208,0.22165384996538878,-0.501743407708332,-0.5487231671208921,-0.501743407708332,True
0.15000000000000002,0.55,0.96,0.02,0.7482949549720435,0.7952747143846035,0.04697975941256005,0.7233972576737208,0.23189011424615863,-0.49150714342756213,-0.5384869028401222,-0.49150714342756213,True
0.15000000000000002,0.6000000000000001,0.96,0.02,0.7482949549720435,0.7952747143846035,0.04697975941256005,0.7233972576737208,0.24212637852692845,-0.48127087914679234,-0.5282506385593524,-0.48127087914679234,True
0.15000000000000002,0.65,0.96,0.02,0.7482949549720435,0.7952747143846035,0.04697975941256005,0.7233972576737208,0.25236264280769827,-0.4710346148660225,-0.5180143742785825,-0.4710346148660225,True
0.15000000000000002,0.7000000000000001,0.96,0.02,0.7482949549720435,0.7952747143846035,0.04697975941256005,0.7233972576737208,0.2625989070884681,-0.46079835058525265,-0.5077781099978127,-0.46079835058525265,True
0.15000000000000002,0.75,0.96,0.02,0.7482949549720435,0.7952747143846035,0.04697975941256005,0.7233972576737208,0.2728351713692379,-0.45056208630448286,-0.4975418457170429,-0.45056208630448286,True
0.15000000000000002,0.8,0.96,0.02,0.7482949549720435,0.7952747143846035,0.04697975941256005,0.7233972576737208,0.28307143565000775,-0.440325822023713,-0.48730558143627306,-0.440325822023713,True
0.15000000000000002,0.8500000000000001,0.96,0.02,0.7482949549720435,0.7952747143846035,0.04697975941256005,0.7233972576737208,0.29330769993077754,-0.4300895577429432,-0.47706931715550327,-0.4300895577429432,True
0.15000000000000002,0.9,0.96,0.02,0.7482949549720435,0.7952747143846035,0.04697975941256005,0.7233972576737208,0.3035439642115474,-0.41985329346217337,-0.4668330528747334,-0.41985329346217337,True
0.15000000000000002,0.9500000000000001,0.96,0.02,0.7482949549720435,0.7952747143846035,0.04697975941256005,0.7233972576737208,0.31378022849231724,-0.4096170291814035,-0.4565967885939636,-0.4096170291814035,True
0.15000000000000002,1.0,0.96,0.02,0.7482949549720435,0.7952747143846035,0.04697975941256005,0.7233972576737208,0.32401649277308703,-0.39938076490063373,-0.4463605243131938,-0.39938076490063373,True
0.2,0.0,0.96,0.02,0.7482949549720435,0.7952747143846035,0.04697975941256005,0.7233972576737208,0.1590549428769207,-0.5643423147968001,-0.6113220742093601,-0.5643423147968001,True
0.2,0.05,0.96,0.02,0.7482949549720435,0.7952747143846035,0.04697975941256005,0.7233972576737208,0.16929120715769053,-0.5541060505160302,-0.6010858099285903,-0.5541060505160302,True
0.2,0.1,0.96,0.02,0.7482949549720435,0.7952747143846035,0.04697975941256005,0.7233972576737208,0.17952747143846037,-0.5438697862352604,-0.5908495456478204,-0.5438697862352604,True
0.2,0.15000000000000002,0.96,0.02,0.7482949549720435,0.7952747143846035,0.04697975941256005,0.7233972576737208,0.1897637357192302,-0.5336335219544905,-0.5806132813670506,-0.5336335219544905,True
0.2,0.2,0.96,0.02,0.7482949549720435,0.7952747143846035,0.04697975941256005,0.7233972576737208,0.2,-0.5233972576737207,-0.5703770170862807,-0.5233972576737207,True
0.2,0.25,0.96,0.02,0.7482949549720435,0.7952747143846035,0.04697975941256005,0.7233972576737208,0.21023626428076983,-0.513160993392951,-0.560140752805511,-0.513160993392951,True
0.2,0.30000000000000004,0.96,0.02,0.7482949549720435,0.7952747143846035,0.04697975941256005,0.7233972576737208,0.22047252856153965,-0.5029247291121811,-0.5499044885247412,-0.5029247291121811,True
0.2,0.35000000000000003,0.96,0.02,0.7482949549720435,0.7952747143846035,0.04697975941256005,0.7233972576737208,0.2307087928423095,-0.49268846483141127,-0.5396682242439713,-0.49268846483141127,True
0.2,0.4,0.96,0.02,0.7482949549720435,0.7952747143846035,0.04697975941256005,0.7233972576737208,0.24094505712307931,-0.4824522005506414,-0.5294319599632015,-0.4824522005506414,True
0.2,0.45,0.96,0.02,0.7482949549720435,0.7952747143846035,0.04697975941256005,0.7233972576737208,0.25118132140384913,-0.47221593626987163,-0.5191956956824317,-0.47221593626987163,True
0.2,0.5,0.96,0.02,0.7482949549720435,0.7952747143846035,0.04697975941256005,0.7233972576737208,0.2614175856846189,-0.46197967198910184,-0.5089594314016619,-0.46197967198910184,True
0.2,0.55,0.96,0.02,0.7482949549720435,0.7952747143846035,0.04697975941256005,0.7233972576737208,0.27165384996538877,-0.451743407708332,-0.49872316712089204,-0.451743407708332,True
0.2,0.6000000000000001,0.96,0.02,0.7482949549720435,0.7952747143846035,0.04697975941256005,0.7233972576737208,0.2818901142461586,-0.44150714342756214,-0.4884869028401222,-0.44150714342756214,True
0.2,0.65,0.96,0.02,0.7482949549720435,0.7952747143846035,0.04697975941256005,0.7233972576737208,0.29212637852692847,-0.4312708791467923,-0.47825063855935235,-0.4312708791467923,True
0.2,0.7000000000000001,0.96,0.02,0.7482949549720435,0.7952747143846035,0.04697975941256005,0.7233972576737208,0.30236264280769826,-0.4210346148660225,-0.46801437427858256,-0.4210346148660225,True
0.2,0.75,0.96,0.02,0.7482949549720435,0.7952747143846035,0.04697975941256005,0.7233972576737208,0.31259890708846805,-0.4107983505852527,-0.45777810999781277,-0.4107983505852527,True
0.2,0.8,0.96,0.02,0.7482949549720435,0.7952747143846035,0.04697975941256005,0.7233972576737208,0.3228351713692379,-0.40056208630448287,-0.4475418457170429,-0.40056208630448287,True
0.2,0.8500000000000001,0.96,0.02,0.7482949549720435,0.7952747143846035,0.04697975941256005,0.7233972576737208,0.33307143565000774,-0.390325822023713,-0.43730558143627307,-0.390325822023713,True
0.2,0.9,0.96,0.02,0.7482949549720435,0.7952747143846035,0.04697975941256005,0.7233972576737208,0.3433076999307776,-0.3800895577429432,-0.4270693171555032,-0.3800895577429432,True
0.2,0.9500000000000001,0.96,0.02,0.7482949549720435,0.7952747143846035,0.04697975941256005,0.7233972576737208,0.3535439642115474,-0.3698532934621734,-0.41683305287473343,-0.3698532934621734,True
0.2,1.0,0.96,0.02,0.7482949549720435,0.7952747143846035,0.04697975941256005,0.7233972576737208,0.36378022849231717,-0.3596170291814036,-0.40659678859396364,-0.3596170291814036,True
0.25,0.0,0.96,0.02,0.7482949549720435,0.7952747143846035,0.04697975941256005,0.7233972576737208,0.19881867859615088,-0.5245785790775699,-0.5715583384901299,-0.5245785790775699,True
0.25,0.05,0.96,0.02,0.7482949549720435,0.7952747143846035,0.04697975941256005,0.7233972576737208,0.2090549428769207,-0.5143423147968,-0.5613220742093601,-0.5143423147968,True
0.25,0.1,0.96,0.02,0.7482949549720435,0.7952747143846035,0.04697975941256005,0.7233972576737208,0.21929120715769052,-0.5041060505160302,-0.5510858099285902,-0.5041060505160302,True
0.25,0.15000000000000002,0.96,0.02,0.7482949549720435,0.7952747143846035,0.04697975941256005,0.7233972576737208,0.22952747143846036,-0.4938697862352604,-0.5408495456478204,-0.4938697862352604,True
0.25,0.2,0.96,0.02,0.7482949549720435,0.7952747143846035,0.04697975941256005,0.7233972576737208,0.23976373571923018,-0.4836335219544906,-0.5306132813670507,-0.4836335219544906,True
0.25,0.25,0.96,0.02,0.7482949549720435,0.7952747143846035,0.04697975941256005,0.7233972576737208,0.25,-0.47339725767372076,-0.5203770170862808,-0.47339725767372076,True
0.25,0.30000000000000004,0.96,0.02,0.7482949549720435,0.7952747143846035,0.04697975941256005,0.7233972576737208,0.26023626428076985,-0.4631609933929509,-0.510140752805511,-0.4631609933929509,True
0.25,0.35000000000000003,0.96,0.02,0.7482949549720435,0.7952747143846035,0.04697975941256005,0.7233972576737208,0.27047252856153964,-0.4529247291121811,-0.4999044885247412,-0.4529247291121811,True
0.25,0.4,0.96,0.02,0.7482949549720435,0.7952747143846035,0.04697975941256005,0.7233972576737208,0.2807087928423095,-0.4426884648314113,-0.48966822424397133,-0.4426884648314113,True
0.25,0.45,0.96,0.02,0.7482949549720435,0.7952747143846035,0.04697975941256005,0.7233972576737208,0.2909450571230793,-0.4324522005506415,-0.47943195996320154,-0.4324522005506415,True
0.25,0.5,0.96,0.02,0.7482949549720435,0.7952747143846035,0.04697975941256005,0.7233972576737208,0.3011813214038491,-0.42221593626987164,-0.4691956956824317,-0.42221593626987164,True
0.25,0.55,0.96,0.02,0.7482949549720435,0.7952747143846035,0.04697975941256005,0.7233972576737208,0.31141758568461897,-0.4119796719891018,-0.45895943140166184,-0.4119796719891018,True
0.25,0.6000000000000001,0.96,0.02,0.7482949549720435,0.7952747143846035,0.04697975941256005,0.7233972576737208,0.3216538499653888,-0.40174340770833195,-0.448723167120892,-0.40174340770833195,True
0.25,0.65,0.96,0.02,0.7482949549720435,0.7952747143846035,0.04697975941256005,0.7233972576737208,0.3318901142461586,-0.39150714342756215,-0.4384869028401222,-0.39150714342756215,True
0.25,0.7000000000000001,0.96,0.02,0.7482949549720435,0.7952747143846035,0.04697975941256005,0.7233972576737208,0.3421263785269284,-0.38127087914679236,-0.4282506385593524,-0.38127087914679236,True
0.25,0.75,0.96,0.02,0.7482949549720435,0.7952747143846035,0.04697975941256005,0.7233972576737208,0.35236264280769825,-0.3710346148660225,-0.41801437427858257,-0.3710346148660225,True
0.25,0.8,0.96,0.02,0.7482949549720435,0.7952747143846035,0.04697975941256005,0.7233972576737208,0.3625989070884681,-0.36079835058525267,-0.4077781099978127,-0.36079835058525267,True
0.25,0.8500000000000001,0.96,0.02,0.7482949549720435,0.7952747143846035,0.04697975941256005,0.7233972576737208,0.37283517136923794,-0.3505620863044828,-0.3975418457170429,-0.3505620863044828,True
0.25,0.9,0.96,0.02,0.7482949549720435,0.7952747143846035,0.04697975941256005,0.7233972576737208,0.38307143565000773,-0.34032582202371303,-0.3873055814362731,-0.34032582202371303,True
0.25,0.9500000000000001,0.96,0.02,0.7482949549720435,0.7952747143846035,0.04697975941256005,0.7233972576737208,0.3933076999307775,-0.33008955774294324,-0.3770693171555033,-0.33008955774294324,True
0.25,1.0,0.96,0.02,0.7482949549720435,0.7952747143846035,0.04697975941256005,0.7233972576737208,0.40354396421154737,-0.3198532934621734,-0.36683305287473345,-0.3198532934621734,True
0.30000000000000004,0.0,0.96,0.02,0.7482949549720435,0.7952747143846035,0.04697975941256005,0.7233972576737208,0.23858241431538108,-0.4848148433583397,-0.5317946027708997,-0.4848148433583397,True
0.30000000000000004,0.05,0.96,0.02,0.7482949549720435,0.7952747143846035,0.04697975941256005,0.7233972576737208,0.2488186785961509,-0.47457857907756984,-0.5215583384901299,-0.47457857907756984,True
0.30000000000000004,0.1,0.96,0.02,0.7482949549720435,0.7952747143846035,0.04697975941256005,0.7233972576737208,0.2590549428769207,-0.46434231479680005,-0.51132207420936,-0.46434231479680005,True
0.30000000000000004,0.15000000000000002,0.96,0.02,0.7482949549720435,0.7952747143846035,0.04697975941256005,0.7233972576737208,0.26929120715769056,-0.4541060505160302,-0.5010858099285902,-0.4541060505160302,True
0.30000000000000004,0.2,0.96,0.02,0.7482949549720435,0.7952747143846035,0.04697975941256005,0.7233972576737208,0.27952747143846035,-0.4438697862352604,-0.49084954564782046,-0.4438697862352604,True
0.30000000000000004,0.25,0.96,0.02,0.7482949549720435,0.7952747143846035,0.04697975941256005,0.7233972576737208,0.2897637357192302,-0.43363352195449056,-0.4806132813670506,-0.43363352195449056,True
0.30000000000000004,0.30000000000000004,0.96,0.02,0.7482949549720435,0.7952747143846035,0.04697975941256005,0.7233972576737208,0.30000000000000004,-0.4233972576737207,-0.47037701708628077,-0.4233972576737207,True
0.30000000000000004,0.35000000000000003,0.96,0.02,0.7482949549720435,0.7952747143846035,0.04697975941256005,0.7233972576737208,0.31023626428076984,-0.4131609933929509,-0.460140752805511,-0.4131609933929509,True
0.30000000000000004,0.4,0.96,0.02,0.7482949549720435,0.7952747143846035,0.04697975941256005,0.7233972576737208,0.3204725285615397,-0.4029247291121811,-0.44990448852474113,-0.4029247291121811,True
0.30000000000000004,0.45,0.96,0.02,0.7482949549720435,0.7952747143846035,0.04697975941256005,0.7233972576737208,0.3307087928423095,-0.3926884648314113,-0.43966822424397134,-0.3926884648314113,True
0.30000000000000004,0.5,0.96,0.02,0.7482949549720435,0.7952747143846035,0.04697975941256005,0.7233972576737208,0.3409450571230793,-0.38245220055064144,-0.4294319599632015,-0.38245220055064144,True
0.30000000000000004,0.55,0.96,0.02,0.7482949549720435,0.7952747143846035,0.04697975941256005,0.7233972576737208,0.35118132140384917,-0.3722159362698716,-0.41919569568243165,-0.3722159362698716,True
0.30000000000000004,0.6000000000000001,0.96,0.02,0.7482949549720435,0.7952747143846035,0.04697975941256005,0.7233972576737208,0.361417585684619,-0.36197967198910175,-0.4089594314016618,-0.36197967198910175,True
0.30000000000000004,0.65,0.96,0.02,0.7482949549720435,0.7952747143846035,0.04697975941256005,0.7233972576737208,0.3716538499653888,-0.35174340770833196,-0.398723167120892,-0.35174340770833196,True
0.30000000000000004,0.7000000000000001,0.96,0.02,0.7482949549720435,0.7952747143846035,0.04697975941256005,0.7233972576737208,0.3818901142461586,-0.34150714342756217,-0.3884869028401222,-0.34150714342756217,True
0.30000000000000004,0.75,0.96,0.02,0.7482949549720435,0.7952747143846035,0.04697975941256005,0.7233972576737208,0.39212637852692844,-0.3312708791467923,-0.37825063855935237,-0.3312708791467923,True
0.30000000000000004,0.8,0.96,0.02,0.7482949549720435,0.7952747143846035,0.04697975941256005,0.7233972576737208,0.4023626428076983,-0.32103461486602247,-0.3680143742785825,-0.32103461486602247,True
0.30000000000000004,0.8500000000000001,0.96,0.02,0.7482949549720435,0.7952747143846035,0.04697975941256005,0.7233972576737208,0.41259890708846814,-0.3107983505852526,-0.3577781099978127,-0.3107983505852526,True
0.30000000000000004,0.9,0.96,0.02,0.7482949549720435,0.7952747143846035,0.04697975941256005,0.7233972576737208,0.4228351713692379,-0.30056208630448283,-0.3475418457170429,-0.30056208630448283,True
0.30000000000000004,0.9500000000000001,0.96,0.02,0.7482949549720435,0.7952747143846035,0.04697975941256005,0.7233972576737208,0.4330714356500077,-0.29032582202371304,-0.3373055814362731,-0.29032582202371304,True
0.30000000000000004,1.0,0.96,0.02,0.7482949549720435,0.7952747143846035,0.04697975941256005,0.7233972576737208,0.44330769993077757,-0.2800895577429432,-0.32706931715550325,-0.2800895577429432,True
0.35000000000000003,0.0,0.96,0.02,0.7482949549720435,0.7952747143846035,0.04697975941256005,0.7233972576737208,0.2783461500346113,-0.4450511076391095,-0.49203086705166954,-0.4450511076391095,True
0.35000000000000003,0.05,0.96,0.02,0.7482949549720435,0.7952747143846035,0.04697975941256005,0.7233972576737208,0.2885824143153811,-0.43481484335833964,-0.4817946027708997,-0.43481484335833964,True
0.35000000000000003,0.1,0.96,0.02,0.7482949549720435,0.7952747143846035,0.04697975941256005,0.7233972576737208,0.2988186785961509,-0.42457857907756985,-0.4715583384901299,-0.42457857907756985,True
0.35000000000000003,0.15000000000000002,0.96,0.02,0.7482949549720435,0.7952747143846035,0.04697975941256005,0.7233972576737208,0.30905494287692076,-0.4143423147968,-0.46132207420936006,-0.4143423147968,True
0.35000000000000003,0.2,0.96,0.02,0.7482949549720435,0.7952747143846035,0.04697975941256005,0.7233972576737208,0.31929120715769055,-0.4041060505160302,-0.45108580992859026,-0.4041060505160302,True
0.35000000000000003,0.25,0.96,0.02,0.7482949549720435,0.7952747143846035,0.04697975941256005,0.7233972576737208,0.3295274714384604,-0.39386978623526037,-0.4408495456478204,-0.39386978623526037,True
0.35000000000000003,0.30000000000000004,0.96,0.02,0.7482949549720435,0.7952747143846035,0.04697975941256005,0.7233972576737208,0.33976373571923024,-0.3836335219544905,-0.43061328136705057,-0.3836335219544905,True
0.35000000000000003,0.35000000000000003,0.96,0.02,0.7482949549720435,0.7952747143846035,0.04697975941256005,0.7233972576737208,0.35000000000000003,-0.37339725767372073,-0.4203770170862808,-0.37339725767372073,True
0.35000000000000003,0.4,0.96,0.02,0.7482949549720435,0.7952747143846035,0.04697975941256005,0.7233972576737208,0.3602362642807699,-0.3631609933929509,-0.41014075280551093,-0.3631609933929509,True
0.35000000000000003,0.45,0.96,0.02,0.7482949549720435,0.7952747143846035,0.04697975941256005,0.7233972576737208,0.37047252856153967,-0.3529247291121811,-0.39990448852474114,-0.3529247291121811,True
0.35000000000000003,0.5,0.96,0.02,0.7482949549720435,0.7952747143846035,0.04697975941256005,0.7233972576737208,0.3807087928423095,-0.34268846483141124,-0.3896682242439713,-0.34268846483141124,True
0.35000000000000003,0.55,0.96,0.02,0.7482949549720435,0.7952747143846035,0.04697975941256005,0.7233972576737208,0.39094505712307936,-0.3324522005506414,-0.37943195996320145,-0.3324522005506414,True
0.35000000000000003,0.6000000000000001,0.96,0.02,0.7482949549720435,0.7952747143846035,0.04697975941256005,0.7233972576737208,0.4011813214038492,-0.32221593626987155,-0.3691956956824316,-0.32221593626987155,True
0.35000000000000003,0.65,0.96,0.02,0.7482949549720435,0.7952747143846035,0.04697975941256005,0.7233972576737208,0.411417585684619,-0.31197967198910176,-0.3589594314016618,-0.31197967198910176,True
0.35000000000000003,0.7000000000000001,0.96,0.02,0.7482949549720435,0.7952747143846035,0.04697975941256005,0.7233972576737208,0.4216538499653888,-0.30174340770833197,-0.348723167120892,-0.30174340770833197,True
0.35000000000000003,0.75,0.96,0.02,0.7482949549720435,0.7952747143846035,0.04697975941256005,0.7233972576737208,0.43189011424615864,-0.2915071434275621,-0.3384869028401222,-0.2915071434275621,True
0.35000000000000003,0.8,0.96,0.02,0.7482949549720435,0.7952747143846035,0.04697975941256005,0.7233972576737208,0.4421263785269285,-0.2812708791467923,-0.3282506385593523,-0.2812708791467923,True
0.35000000000000003,0.8500000000000001,0.96,0.02,0.7482949549720435,0.7952747143846035,0.04697975941256005,0.7233972576737208,0.45236264280769833,-0.2710346148660224,-0.3180143742785825,-0.2710346148660224,True
0.35000000000000003,0.9,0.96,0.02,0.7482949549720435,0.7952747143846035,0.04697975941256005,0.7233972576737208,0.4625989070884681,-0.26079835058525264,-0.3077781099978127,-0.26079835058525264,True
0.35000000000000003,0.9500000000000001,0.96,0.02,0.7482949549720435,0.7952747143846035,0.04697975941256005,0.7233972576737208,0.4728351713692379,-0.25056208630448285,-0.2975418457170429,-0.25056208630448285,True
0.35000000000000003,1.0,0.96,0.02,0.7482949549720435,0.7952747143846035,0.04697975941256005,0.7233972576737208,0.48307143565000776,-0.240325822023713,-0.28730558143627305,-0.240325822023713,True
0.4,0.0,0.96,0.02,0.7482949549720435,0.7952747143846035,0.04697975941256005,0.7233972576737208,0.3181098857538414,-0.40528737191987935,-0.4522671313324394,-0.40528737191987935,True
0.4,0.05,0.96,0.02,0.7482949549720435,0.7952747143846035,0.04697975941256005,0.7233972576737208,0.32834615003461126,-0.3950511076391095,-0.44203086705166955,-0.3950511076391095,True
0.4,0.1,0.96,0.02,0.7482949549720435,0.7952747143846035,0.04697975941256005,0.7233972576737208,0.33858241431538105,-0.3848148433583397,-0.43179460277089976,-0.3848148433583397,True
0.4,0.15000000000000002,0.96,0.02,0.7482949549720435,0.7952747143846035,0.04697975941256005,0.7233972576737208,0.3488186785961509,-0.37457857907756986,-0.4215583384901299,-0.37457857907756986,True
0.4,0.2,0.96,0.02,0.7482949549720435,0.7952747143846035,0.04697975941256005,0.7233972576737208,0.35905494287692075,-0.3643423147968,-0.41132207420936007,-0.3643423147968,True
0.4,0.25,0.96,0.02,0.7482949549720435,0.7952747143846035,0.04697975941256005,0.7233972576737208,0.36929120715769054,-0.3541060505160302,-0.4010858099285903,-0.3541060505160302,True
0.4,0.30000000000000004,0.96,0.02,0.7482949549720435,0.7952747143846035,0.04697975941256005,0.7233972576737208,0.3795274714384604,-0.3438697862352604,-0.39084954564782043,-0.3438697862352604,True
0.4,0.35000000000000003,0.96,0.02,0.7482949549720435,0.7952747143846035,0.04697975941256005,0.7233972576737208,0.3897637357192302,-0.3336335219544906,-0.38061328136705064,-0.3336335219544906,True
0.4,0.4,0.96,0.02,0.7482949549720435,0.7952747143846035,0.04697975941256005,0.7233972576737208,0.4,-0.32339725767372074,-0.3703770170862808,-0.32339725767372074,True
0.4,0.45,0.96,0.02,0.7482949549720435,0.7952747143846035,0.04697975941256005,0.7233972576737208,0.41023626428076987,-0.3131609933929509,-0.36014075280551094,-0.3131609933929509,True
0.4,0.5,0.96,0.02,0.7482949549720435,0.7952747143846035,0.04697975941256005,0.7233972576737208,0.42047252856153966,-0.3029247291121811,-0.34990448852474115,-0.3029247291121811,True
0.4,0.55,0.96,0.02,0.7482949549720435,0.7952747143846035,0.04697975941256005,0.7233972576737208,0.4307087928423095,-0.29268846483141125,-0.3396682242439713,-0.29268846483141125,True
0.4,0.6000000000000001,0.96,0.02,0.7482949549720435,0.7952747143846035,0.04697975941256005,0.7233972576737208,0.4409450571230793,-0.28245220055064146,-0.3294319599632015,-0.28245220055064146,True
0.4,0.65,0.96,0.02,0.7482949549720435,0.7952747143846035,0.04697975941256005,0.7233972576737208,0.45118132140384914,-0.2722159362698716,-0.31919569568243167,-0.2722159362698716,True
0.4,0.7000000000000001,0.96,0.02,0.7482949549720435,0.7952747143846035,0.04697975941256005,0.7233972576737208,0.461417585684619,-0.26197967198910177,-0.3089594314016618,-0.26197967198910177,True
0.4,0.75,0.96,0.02,0.7482949549720435,0.7952747143846035,0.04697975941256005,0.7233972576737208,0.4716538499653888,-0.251743407708332,-0.29872316712089203,-0.251743407708332,True
0.4,0.8,0.96,0.02,0.7482949549720435,0.7952747143846035,0.04697975941256005,0.7233972576737208,0.48189011424615863,-0.24150714342756213,-0.2884869028401222,-0.24150714342756213,True
0.4,0.8500000000000001,0.96,0.02,0.7482949549720435,0.7952747143846035,0.04697975941256005,0.7233972576737208,0.4921263785269284,-0.23127087914679234,-0.2782506385593524,-0.23127087914679234,True
0.4,0.9,0.96,0.02,0.7482949549720435,0.7952747143846035,0.04697975941256005,0.7233972576737208,0.5023626428076983,-0.2210346148660225,-0.26801437427858255,-0.2210346148660225,True
0.4,0.9500000000000001,0.96,0.02,0.7482949549720435,0.7952747143846035,0.04697975941256005,0.7233972576737208,0.5125989070884681,-0.21079835058525265,-0.2577781099978127,-0.21079835058525265,True
0.4,1.0,0.96,0.02,0.7482949549720435,0.7952747143846035,0.04697975941256005,0.7233972576737208,0.5228351713692378,-0.2005620863044829,-0.24754184571704296,-0.2005620863044829,True
0.45,0.0,0.96,0.02,0.7482949549720435,0.7952747143846035,0.04697975941256005,0.7233972576737208,0.3578736214730716,-0.36552363620064915,-0.4125033956132092,-0.36552363620064915,True
0.45,0.05,0.96,0.02,0.7482949549720435,0.7952747143846035,0.04697975941256005,0.7233972576737208,0.36810988575384146,-0.3552873719198793,-0.40226713133243935,-0.3552873719198793,True
0.45,0.1,0.96,0.02,0.7482949549720435,0.7952747143846035,0.04697975941256005,0.7233972576737208,0.37834615003461125,-0.3450511076391095,-0.39203086705166956,-0.3450511076391095,True
0.45,0.15000000000000002,0.96,0.02,0.7482949549720435,0.7952747143846035,0.04697975941256005,0.7233972576737208,0.3885824143153811,-0.33481484335833966,-0.3817946027708997,-0.33481484335833966,True
0.45,0.2,0.96,0.02,0.7482949549720435,0.7952747143846035,0.04697975941256005,0.7233972576737208,0.39881867859615094,-0.3245785790775698,-0.37155833849012987,-0.3245785790775698,True
0.45,0.25,0.96,0.02,0.7482949549720435,0.7952747143846035,0.04697975941256005,0.7233972576737208,0.40905494287692074,-0.3143423147968,-0.3613220742093601,-0.3143423147968,True
0.45,0.30000000000000004,0.96,0.02,0.7482949549720435,0.7952747143846035,0.04697975941256005,0.7233972576737208,0.4192912071576906,-0.3041060505160302,-0.35108580992859023,-0.3041060505160302,True
0.45,0.35000000000000003,0.96,0.02,0.7482949549720435,0.7952747143846035,0.04697975941256005,0.7233972576737208,0.4295274714384604,-0.2938697862352604,-0.34084954564782044,-0.2938697862352604,True
0.45,0.4,0.96,0.02,0.7482949549720435,0.7952747143846035,0.04697975941256005,0.7233972576737208,0.4397637357192302,-0.28363352195449054,-0.3306132813670506,-0.28363352195449054,True
0.45,0.45,0.96,0.02,0.7482949549720435,0.7952747143846035,0.04697975941256005,0.7233972576737208,0.45000000000000007,-0.2733972576737207,-0.32037701708628075,-0.2733972576737207,True
0.45,0.5,0.96,0.02,0.7482949549720435,0.7952747143846035,0.04697975941256005,0.7233972576737208,0.46023626428076986,-0.2631609933929509,-0.31014075280551096,-0.2631609933929509,True
0.45,0.55,0.96,0.02,0.7482949549720435,0.7952747143846035,0.04697975941256005,0.7233972576737208,0.4704725285615397,-0.25292472911218106,-0.2999044885247411,-0.25292472911218106,True
0.45,0.6000000000000001,0.96,0.02,0.7482949549720435,0.7952747143846035,0.04697975941256005,0.7233972576737208,0.4807087928423095,-0.24268846483141127,-0.2896682242439713,-0.24268846483141127,True
0.45,0.65,0.96,0.02,0.7482949549720435,0.7952747143846035,0.04697975941256005,0.7233972576737208,0.49094505712307934,-0.23245220055064142,-0.27943195996320147,-0.23245220055064142,True
0.45,0.7000000000000001,0.96,0.02,0.7482949549720435,0.7952747143846035,0.04697975941256005,0.7233972576737208,0.5011813214038492,-0.22221593626987157,-0.2691956956824316,-0.22221593626987157,True
0.45,0.75,0.96,0.02,0.7482949549720435,0.7952747143846035,0.04697975941256005,0.7233972576737208,0.511417585684619,-0.21197967198910173,-0.2589594314016618,-0.21197967198910173,True
0.45,0.8,0.96,0.02,0.7482949549720435,0.7952747143846035,0.04697975941256005,0.7233972576737208,0.5216538499653889,-0.20174340770833188,-0.24872316712089193,-0.20174340770833188,True
0.45,0.8500000000000001,0.96,0.02,0.7482949549720435,0.7952747143846035,0.04697975941256005,0.7233972576737208,0.5318901142461586,-0.19150714342756214,-0.2384869028401222,-0.19150714342756214,True
0.45,0.9,0.96,0.02,0.7482949549720435,0.7952747143846035,0.04697975941256005,0.7233972576737208,0.5421263785269285,-0.1812708791467923,-0.22825063855935235,-0.1812708791467923,True
0.45,0.9500000000000001,0.96,0.02,0.7482949549720435,0.7952747143846035,0.04697975941256005,0.7233972576737208,0.5523626428076983,-0.17103461486602245,-0.2180143742785825,-0.17103461486602245,True
0.45,1.0,0.96,0.02,0.7482949549720435,0.7952747143846035,0.04697975941256005,0.7233972576737208,0.562598907088468,-0.16079835058525271,-0.20777810999781277,-0.16079835058525271,True
0.5,0.0,0.96,0.02,0.7482949549720435,0.7952747143846035,0.04697975941256005,0.7233972576737208,0.39763735719230175,-0.325759900481419,-0.37273965989397906,-0.325759900481419,True
0.5,0.05,0.96,0.02,0.7482949549720435,0.7952747143846035,0.04697975941256005,0.7233972576737208,0.4078736214730716,-0.31552363620064916,-0.3625033956132092,-0.31552363620064916,True
0.5,0.1,0.96,0.02,0.7482949549720435,0.7952747143846035,0.04697975941256005,0.7233972576737208,0.4181098857538414,-0.30528737191987937,-0.3522671313324394,-0.30528737191987937,True
0.5,0.15000000000000002,0.96,0.02,0.7482949549720435,0.7952747143846035,0.04697975941256005,0.7233972576737208,0.42834615003461124,-0.2950511076391095,-0.3420308670516696,-0.2950511076391095,True
0.5,0.2,0.96,0.02,0.7482949549720435,0.7952747143846035,0.04697975941256005,0.7233972576737208,0.43858241431538103,-0.28481484335833973,-0.3317946027708998,-0.28481484335833973,True
0.5,0.25,0.96,0.02,0.7482949549720435,0.7952747143846035,0.04697975941256005,0.7233972576737208,0.4488186785961509,-0.2745785790775699,-0.32155833849012994,-0.2745785790775699,True
0.5,0.30000000000000004,0.96,0.02,0.7482949549720435,0.7952747143846035,0.04697975941256005,0.7233972576737208,0.4590549428769207,-0.26434231479680004,-0.3113220742093601,-0.26434231479680004,True
0.5,0.35000000000000003,0.96,0.02,0.7482949549720435,0.7952747143846035,0.04697975941256005,0.7233972576737208,0.4692912071576905,-0.25410605051603025,-0.3010858099285903,-0.25410605051603025,True
0.5,0.4,0.96,0.02,0.7482949549720435,0.7952747143846035,0.04697975941256005,0.7233972576737208,0.47952747143846036,-0.2438697862352604,-0.29084954564782045,-0.2438697862352604,True
0.5,0.45,0.96,0.02,0.7482949549720435,0.7952747143846035,0.04697975941256005,0.7233972576737208,0.48976373571923015,-0.2336335219544906,-0.28061328136705066,-0.2336335219544906,True
0.5,0.5,0.96,0.02,0.7482949549720435,0.7952747143846035,0.04697975941256005,0.7233972576737208,0.5,-0.22339725767372076,-0.2703770170862808,-0.22339725767372076,True
0.5,0.55,0.96,0.02,0.7482949549720435,0.7952747143846035,0.04697975941256005,0.7233972576737208,0.5102362642807698,-0.21316099339295091,-0.26014075280551097,-0.21316099339295091,True
0.5,0.6000000000000001,0.96,0.02,0.7482949549720435,0.7952747143846035,0.04697975941256005,0.7233972576737208,0.5204725285615397,-0.20292472911218107,-0.24990448852474112,-0.20292472911218107,True
0.5,0.65,0.96,0.02,0.7482949549720435,0.7952747143846035,0.04697975941256005,0.7233972576737208,0.5307087928423095,-0.19268846483141122,-0.23966822424397127,-0.19268846483141122,True
0.5,0.7000000000000001,0.96,0.02,0.7482949549720435,0.7952747143846035,0.04697975941256005,0.7233972576737208,0.5409450571230793,-0.18245220055064149,-0.22943195996320154,-0.18245220055064149,True
0.5,0.75,0.96,0.02,0.7482949549720435,0.7952747143846035,0.04697975941256005,0.7233972576737208,0.5511813214038491,-0.17221593626987164,-0.2191956956824317,-0.17221593626987164,True
0.5,0.8,0.96,0.02,0.7482949549720435,0.7952747143846035,0.04697975941256005,0.7233972576737208,0.561417585684619,-0.1619796719891018,-0.20895943140166184,-0.1619796719891018,True
0.5,0.8500000000000001,0.96,0.02,0.7482949549720435,0.7952747143846035,0.04697975941256005,0.7233972576737208,0.5716538499653888,-0.15174340770833195,-0.198723167120892,-0.15174340770833195,True
0.5,0.9,0.96,0.02,0.7482949549720435,0.7952747143846035,0.04697975941256005,0.7233972576737208,0.5818901142461586,-0.1415071434275622,-0.18848690284012226,-0.1415071434275622,True
0.5,0.9500000000000001,0.96,0.02,0.7482949549720435,0.7952747143846035,0.04697975941256005,0.7233972576737208,0.5921263785269284,-0.13127087914679236,-0.17825063855935241,-0.13127087914679236,True
0.5,1.0,0.96,0.02,0.7482949549720435,0.7952747143846035,0.04697975941256005,0.7233972576737208,0.6023626428076982,-0.12103461486602252,-0.16801437427858257,-0.12103461486602252,True
0.55,0.0,0.96,0.02,0.7482949549720435,0.7952747143846035,0.04697975941256005,0.7233972576737208,0.43740109291153195,-0.2859961647621888,-0.33297592417474886,-0.2859961647621888,True
0.55,0.05,0.96,0.02,0.7482949549720435,0.7952747143846035,0.04697975941256005,0.7233972576737208,0.4476373571923018,-0.27575990048141896,-0.322739659893979,-0.27575990048141896,True
0.55,0.1,0.96,0.02,0.7482949549720435,0.7952747143846035,0.04697975941256005,0.7233972576737208,0.4578736214730716,-0.26552363620064917,-0.3125033956132092,-0.26552363620064917,True
0.55,0.15000000000000002,0.96,0.02,0.7482949549720435,0.7952747143846035,0.04697975941256005,0.7233972576737208,0.46810988575384144,-0.2552873719198793,-0.3022671313324394,-0.2552873719198793,True
0.55,0.2,0.96,0.02,0.7482949549720435,0.7952747143846035,0.04697975941256005,0.7233972576737208,0.47834615003461123,-0.24505110763910953,-0.2920308670516696,-0.24505110763910953,True
0.55,0.25,0.96,0.02,0.7482949549720435,0.7952747143846035,0.04697975941256005,0.7233972576737208,0.4885824143153811,-0.2348148433583397,-0.28179460277089974,-0.2348148433583397,True
0.55,0.30000000000000004,0.96,0.02,0.7482949549720435,0.7952747143846035,0.04697975941256005,0.7233972576737208,0.4988186785961509,-0.22457857907756984,-0.2715583384901299,-0.22457857907756984,True
0.55,0.35000000000000003,0.96,0.02,0.7482949549720435,0.7952747143846035,0.04697975941256005,0.7233972576737208,0.5090549428769208,-0.2143423147968,-0.26132207420936004,-0.2143423147968,True
0.55,0.4,0.96,0.02,0.7482949549720435,0.7952747143846035,0.04697975941256005,0.7233972576737208,0.5192912071576905,-0.20410605051603026,-0.2510858099285903,-0.20410605051603026,True
0.55,0.45,0.96,0.02,0.7482949549720435,0.7952747143846035,0.04697975941256005,0.7233972576737208,0.5295274714384604,-0.1938697862352604,-0.24084954564782046,-0.1938697862352604,True
0.55,0.5,0.96,0.02,0.7482949549720435,0.7952747143846035,0.04697975941256005,0.7233972576737208,0.5397637357192302,-0.18363352195449056,-0.23061328136705062,-0.18363352195449056,True
0.55,0.55,0.96,0.02,0.7482949549720435,0.7952747143846035,0.04697975941256005,0.7233972576737208,0.55,-0.17339725767372072,-0.22037701708628077,-0.17339725767372072,True
0.55,0.6000000000000001,0.96,0.02,0.7482949549720435,0.7952747143846035,0.04697975941256005,0.7233972576737208,0.5602362642807699,-0.16316099339295087,-0.21014075280551092,-0.16316099339295087,True
0.55,0.65,0.96,0.02,0.7482949549720435,0.7952747143846035,0.04697975941256005,0.7233972576737208,0.5704725285615397,-0.15292472911218102,-0.19990448852474108,-0.15292472911218102,True
0.55,0.7000000000000001,0.96,0.02,0.7482949549720435,0.7952747143846035,0.04697975941256005,0.7233972576737208,0.5807087928423095,-0.1426884648314113,-0.18966822424397134,-0.1426884648314113,True
0.55,0.75,0.96,0.02,0.7482949549720435,0.7952747143846035,0.04697975941256005,0.7233972576737208,0.5909450571230793,-0.13245220055064144,-0.1794319599632015,-0.13245220055064144,True
0.55,0.8,0.96,0.02,0.7482949549720435,0.7952747143846035,0.04697975941256005,0.7233972576737208,0.6011813214038492,-0.1222159362698716,-0.16919569568243165,-0.1222159362698716,True
0.55,0.8500000000000001,0.96,0.02,0.7482949549720435,0.7952747143846035,0.04697975941256005,0.7233972576737208,0.611417585684619,-0.11197967198910175,-0.1589594314016618,-0.11197967198910175,True
0.55,0.9,0.96,0.02,0.7482949549720435,0.7952747143846035,0.04697975941256005,0.7233972576737208,0.6216538499653887,-0.10174340770833201,-0.14872316712089206,-0.10174340770833201,True
0.55,0.9500000000000001,0.96,0.02,0.7482949549720435,0.7952747143846035,0.04697975941256005,0.7233972576737208,0.6318901142461586,-0.09150714342756217,-0.13848690284012222,-0.09150714342756217,True
0.55,1.0,0.96,0.02,0.7482949549720435,0.7952747143846035,0.04697975941256005,0.7233972576737208,0.6421263785269284,-0.08127087914679232,-0.12825063855935237,-0.08127087914679232,True
0.6000000000000001,0.0,0.96,0.02,0.7482949549720435,0.7952747143846035,0.04697975941256005,0.7233972576737208,0.47716482863076215,-0.2462324290429586,-0.29321218845551866,-0.2462324290429586,True
0.6000000000000001,0.05,0.96,0.02,0.7482949549720435,0.7952747143846035,0.04697975941256005,0.7233972576737208,0.487401092911532,-0.23599616476218876,-0.2829759241747488,-0.23599616476218876,True
0.6000000000000001,0.1,0.96,0.02,0.7482949549720435,0.7952747143846035,0.04697975941256005,0.7233972576737208,0.4976373571923018,-0.22575990048141897,-0.272739659893979,-0.22575990048141897,True
0.6000000000000001,0.15000000000000002,0.96,0.02,0.7482949549720435,0.7952747143846035,0.04697975941256005,0.7233972576737208,0.5078736214730716,-0.21552363620064918,-0.26250339561320923,-0.21552363620064918,True
0.6000000000000001,0.2,0.96,0.02,0.7482949549720435,0.7952747143846035,0.04697975941256005,0.7233972576737208,0.5181098857538414,-0.20528737191987934,-0.2522671313324394,-0.20528737191987934,True
0.6000000000000001,0.25,0.96,0.02,0.7482949549720435,0.7952747143846035,0.04697975941256005,0.7233972576737208,0.5283461500346113,-0.1950511076391095,-0.24203086705166954,-0.1950511076391095,True
0.6000000000000001,0.30000000000000004,0.96,0.02,0.7482949549720435,0.7952747143846035,0.04697975941256005,0.7233972576737208,0.5385824143153811,-0.18481484335833964,-0.2317946027708997,-0.18481484335833964,True
0.6000000000000001,0.35000000000000003,0.96,0.02,0.7482949549720435,0.7952747143846035,0.04697975941256005,0.7233972576737208,0.548818678596151,-0.1745785790775698,-0.22155833849012985,-0.1745785790775698,True
0.6000000000000001,0.4,0.96,0.02,0.7482949549720435,0.7952747143846035,0.04697975941256005,0.7233972576737208,0.5590549428769207,-0.16434231479680006,-0.2113220742093601,-0.16434231479680006,True
0.6000000000000001,0.45,0.96,0.02,0.7482949549720435,0.7952747143846035,0.04697975941256005,0.7233972576737208,0.5692912071576905,-0.1541060505160302,-0.20108580992859026,-0.1541060505160302,True
0.6000000000000001,0.5,0.96,0.02,0.7482949549720435,0.7952747143846035,0.04697975941256005,0.7233972576737208,0.5795274714384604,-0.14386978623526037,-0.19084954564782042,-0.14386978623526037,True
0.6000000000000001,0.55,0.96,0.02,0.7482949549720435,0.7952747143846035,0.04697975941256005,0.7233972576737208,0.5897637357192302,-0.13363352195449052,-0.18061328136705057,-0.13363352195449052,True
0.6000000000000001,0.6000000000000001,0.96,0.02,0.7482949549720435,0.7952747143846035,0.04697975941256005,0.7233972576737208,0.6000000000000001,-0.12339725767372067,-0.17037701708628072,-0.12339725767372067,True
0.6000000000000001,0.65,0.96,0.02,0.7482949549720435,0.7952747143846035,0.04697975941256005,0.7233972576737208,0.6102362642807699,-0.11316099339295083,-0.16014075280551088,-0.11316099339295083,True
0.6000000000000001,0.7000000000000001,0.96,0.02,0.7482949549720435,0.7952747143846035,0.04697975941256005,0.7233972576737208,0.6204725285615397,-0.10292472911218109,-0.14990448852474114,-0.10292472911218109,True
0.6000000000000001,0.75,0.96,0.02,0.7482949549720435,0.7952747143846035,0.04697975941256005,0.7233972576737208,0.6307087928423095,-0.09268846483141124,-0.1396682242439713,-0.09268846483141124,True
0.6000000000000001,0.8,0.96,0.02,0.7482949549720435,0.7952747143846035,0.04697975941256005,0.7233972576737208,0.6409450571230794,-0.0824522005506414,-0.12943195996320145,-0.0824522005506414,True
0.6000000000000001,0.8500000000000001,0.96,0.02,0.7482949549720435,0.7952747143846035,0.04697975941256005,0.7233972576737208,0.6511813214038492,-0.07221593626987155,-0.1191956956824316,-0.07221593626987155,True
0.6000000000000001,0.9,0.96,0.02,0.7482949549720435,0.7952747143846035,0.04697975941256005,0.7233972576737208,0.661417585684619,-0.061979671989101814,-0.10895943140166187,-0.061979671989101814,True
0.6000000000000001,0.9500000000000001,0.96,0.02,0.7482949549720435,0.7952747143846035,0.04697975941256005,0.7233972576737208,0.6716538499653888,-0.05174340770833197,-0.09872316712089202,-0.05174340770833197,True
0.6000000000000001,1.0,0.96,0.02,0.7482949549720435,0.7952747143846035,0.04697975941256005,0.7233972576737208,0.6818901142461586,-0.04150714342756212,-0.08848690284012217,-0.04150714342756212,True
0.65,0.0,0.96,0.02,0.7482949549720435,0.7952747143846035,0.04697975941256005,0.7233972576737208,0.5169285643499923,-0.20646869332372841,-0.25344845273628847,-0.20646869332372841,True
0.65,0.05,0.96,0.02,0.7482949549720435,0.7952747143846035,0.04697975941256005,0.7233972576737208,0.5271648286307622,-0.19623242904295857,-0.24321218845551862,-0.19623242904295857,True
0.65,0.1,0.96,0.02,0.7482949549720435,0.7952747143846035,0.04697975941256005,0.7233972576737208,0.537401092911532,-0.18599616476218872,-0.23297592417474877,-0.18599616476218872,True
0.65,0.15000000000000002,0.96,0.02,0.7482949549720435,0.7952747143846035,0.04697975941256005,0.7233972576737208,0.5476373571923018,-0.17575990048141898,-0.22273965989397904,-0.17575990048141898,True
0.65,0.2,0.96,0.02,0.7482949549720435,0.7952747143846035,0.04697975941256005,0.7233972576737208,0.5578736214730716,-0.16552363620064914,-0.2125033956132092,-0.16552363620064914,True
0.65,0.25,0.96,0.02,0.7482949549720435,0.7952747143846035,0.04697975941256005,0.7233972576737208,0.5681098857538415,-0.1552873719198793,-0.20226713133243934,-0.1552873719198793,True
0.65,0.30000000000000004,0.96,0.02,0.7482949549720435,0.7952747143846035,0.04697975941256005,0.7233972576737208,0.5783461500346113,-0.14505110763910944,-0.1920308670516695,-0.14505110763910944,True
0.65,0.35000000000000003,0.96,0.02,0.7482949549720435,0.7952747143846035,0.04697975941256005,0.7233972576737208,0.5885824143153812,-0.1348148433583396,-0.18179460277089965,-0.1348148433583396,True
0.65,0.4,0.96,0.02,0.7482949549720435,0.7952747143846035,0.04697975941256005,0.7233972576737208,0.5988186785961509,-0.12457857907756986,-0.1715583384901299,-0.12457857907756986,True
0.65,0.45,0.96,0.02,0.7482949549720435,0.7952747143846035,0.04697975941256005,0.7233972576737208,0.6090549428769207,-0.11434231479680002,-0.16132207420936007,-0.11434231479680002,True
0.65,0.5,0.96,0.02,0.7482949549720435,0.7952747143846035,0.04697975941256005,0.7233972576737208,0.6192912071576906,-0.10410605051603017,-0.15108580992859022,-0.10410605051603017,True
0.65,0.55,0.96,0.02,0.7482949549720435,0.7952747143846035,0.04697975941256005,0.7233972576737208,0.6295274714384604,-0.09386978623526032,-0.14084954564782037,-0.09386978623526032,True
0.65,0.6000000000000001,0.96,0.02,0.7482949549720435,0.7952747143846035,0.04697975941256005,0.7233972576737208,0.6397637357192303,-0.08363352195449048,-0.13061328136705053,-0.08363352195449048,True
0.65,0.65,0.96,0.02,0.7482949549720435,0.7952747143846035,0.04697975941256005,0.7233972576737208,0.6500000000000001,-0.07339725767372063,-0.12037701708628068,-0.07339725767372063,True
0.65,0.7000000000000001,0.96,0.02,0.7482949549720435,0.7952747143846035,0.04697975941256005,0.7233972576737208,0.6602362642807699,-0.06316099339295089,-0.11014075280551094,-0.06316099339295089,True
0.65,0.75,0.96,0.02,0.7482949549720435,0.7952747143846035,0.04697975941256005,0.7233972576737208,0.6704725285615397,-0.052924729112181046,-0.0999044885247411,-0.052924729112181046,True
0.65,0.8,0.96,0.02,0.7482949549720435,0.7952747143846035,0.04697975941256005,0.7233972576737208,0.6807087928423096,-0.0426884648314112,-0.08966822424397125,-0.0426884648314112,True
0.65,0.8500000000000001,0.96,0.02,0.7482949549720435,0.7952747143846035,0.04697975941256005,0.7233972576737208,0.6909450571230794,-0.03245220055064135,-0.0794319599632014,-0.03245220055064135,True
0.65,0.9,0.96,0.02,0.7482949549720435,0.7952747143846035,0.04697975941256005,0.7233972576737208,0.7011813214038491,-0.022215936269871617,-0.06919569568243167,-0.022215936269871617,True
0.65,0.9500000000000001,0.96,0.02,0.7482949549720435,0.7952747143846035,0.04697975941256005,0.7233972576737208,0.711417585684619,-0.01197967198910177,-0.05895943140166182,-0.01197967198910177,True
0.65,1.0,0.96,0.02,0.7482949549720435,0.7952747143846035,0.04697975941256005,0.7233972576737208,0.7216538499653888,-0.0017434077083319233,-0.048723167120891975,-0.0017434077083319233,True
0.7000000000000001,0.0,0.96,0.02,0.7482949549720435,0.7952747143846035,0.04697975941256005,0.7233972576737208,0.5566923000692225,-0.16670495760449822,-0.21368471701705827,-0.16670495760449822,True
0.7000000000000001,0.05,0.96,0.02,0.7482949549720435,0.7952747143846035,0.04697975941256005,0.7233972576737208,0.5669285643499924,-0.15646869332372837,-0.20344845273628842,-0.15646869332372837,True
0.7000000000000001,0.1,0.96,0.02,0.7482949549720435,0.7952747143846035,0.04697975941256005,0.7233972576737208,0.5771648286307622,-0.14623242904295852,-0.19321218845551857,-0.14623242904295852,True
0.7000000000000001,0.15000000000000002,0.96,0.02,0.7482949549720435,0.7952747143846035,0.04697975941256005,0.7233972576737208,0.587401092911532,-0.1359961647621888,-0.18297592417474884,-0.1359961647621888,True
0.7000000000000001,0.2,0.96,0.02,0.7482949549720435,0.7952747143846035,0.04697975941256005,0.7233972576737208,0.5976373571923018,-0.12575990048141894,-0.172739659893979,-0.12575990048141894,True
0.7000000000000001,0.25,0.96,0.02,0.7482949549720435,0.7952747143846035,0.04697975941256005,0.7233972576737208,0.6078736214730717,-0.1155236362006491,-0.16250339561320915,-0.1155236362006491,True
0.7000000000000001,0.30000000000000004,0.96,0.02,0.7482949549720435,0.7952747143846035,0.04697975941256005,0.7233972576737208,0.6181098857538415,-0.10528737191987925,-0.1522671313324393,-0.10528737191987925,True
0.7000000000000001,0.35000000000000003,0.96,0.02,0.7482949549720435,0.7952747143846035,0.04697975941256005,0.7233972576737208,0.6283461500346114,-0.0950511076391094,-0.14203086705166945,-0.0950511076391094,True
0.7000000000000001,0.4,0.96,0.02,0.7482949549720435,0.7952747143846035,0.04697975941256005,0.7233972576737208,0.6385824143153811,-0.08481484335833966,-0.13179460277089972,-0.08481484335833966,True
0.7000000000000001,0.45,0.96,0.02,0.7482949549720435,0.7952747143846035,0.04697975941256005,0.7233972576737208,0.6488186785961509,-0.07457857907756982,-0.12155833849012987,-0.07457857907756982,True
0.7000000000000001,0.5,0.96,0.02,0.7482949549720435,0.7952747143846035,0.04697975941256005,0.7233972576737208,0.6590549428769208,-0.06434231479679997,-0.11132207420936002,-0.06434231479679997,True
0.7000000000000001,0.55,0.96,0.02,0.7482949549720435,0.7952747143846035,0.04697975941256005,0.7233972576737208,0.6692912071576906,-0.054106050516030124,-0.10108580992859018,-0.054106050516030124,True
0.7000000000000001,0.6000000000000001,0.96,0.02,0.7482949549720435,0.7952747143846035,0.04697975941256005,0.7233972576737208,0.6795274714384605,-0.04386978623526028,-0.09084954564782033,-0.04386978623526028,True
0.7000000000000001,0.65,0.96,0.02,0.7482949549720435,0.7952747143846035,0.04697975941256005,0.7233972576737208,0.6897637357192303,-0.03363352195449043,-0.08061328136705048,-0.03363352195449043,True
0.7000000000000001,0.7000000000000001,0.96,0.02,0.7482949549720435,0.7952747143846035,0.04697975941256005,0.7233972576737208,0.7000000000000001,-0.023397257673720695,-0.07037701708628075,-0.023397257673720695,True
0.7000000000000001,0.75,0.96,0.02,0.7482949549720435,0.7952747143846035,0.04697975941256005,0.7233972576737208,0.7102362642807699,-0.013160993392950848,-0.0601407528055109,-0.013160993392950848,True
0.7000000000000001,0.8,0.96,0.02,0.7482949549720435,0.7952747143846035,0.04697975941256005,0.7233972576737208,0.7204725285615398,-0.0029247291121810015,-0.04990448852474105,-0.0029247291121810015,True
0.7000000000000001,0.8500000000000001,0.96,0.02,0.7482949549720435,0.7952747143846035,0.04697975941256005,0.7233972576737208,0.7307087928423096,0.007311535168588845,-0.039668224243971206,0.007311535168588845,False
0.7000000000000001,0.9,0.96,0.02,0.7482949549720435,0.7952747143846035,0.04697975941256005,0.7233972576737208,0.7409450571230793,0.01754779944935858,-0.02943195996320147,0.01754779944935858,False
0.7000000000000001,0.9500000000000001,0.96,0.02,0.7482949549720435,0.7952747143846035,0.04697975941256005,0.7233972576737208,0.7511813214038492,0.027784063730128428,-0.019195695682431624,0.027784063730128428,False
0.7000000000000001,1.0,0.96,0.02,0.7482949549720435,0.7952747143846035,0.04697975941256005,0.7233972576737208,0.761417585684619,0.038020328010898274,-0.008959431401661777,0.038020328010898274,False
0.75,0.0,0.96,0.02,0.7482949549720435,0.7952747143846035,0.04697975941256005,0.7233972576737208,0.5964560357884526,-0.12694122188526813,-0.17392098129782818,-0.12694122188526813,True
0.75,0.05,0.96,0.02,0.7482949549720435,0.7952747143846035,0.04697975941256005,0.7233972576737208,0.6066923000692225,-0.11670495760449828,-0.16368471701705833,-0.11670495760449828,True
0.75,0.1,0.96,0.02,0.7482949549720435,0.7952747143846035,0.04697975941256005,0.7233972576737208,0.6169285643499923,-0.10646869332372844,-0.1534484527362885,-0.10646869332372844,True
0.75,0.15000000000000002,0.96,0.02,0.7482949549720435,0.7952747143846035,0.04697975941256005,0.7233972576737208,0.6271648286307621,-0.0962324290429587,-0.14321218845551875,-0.0962324290429587,True
0.75,0.2,0.96,0.02,0.7482949549720435,0.7952747143846035,0.04697975941256005,0.7233972576737208,0.6374010929115319,-0.08599616476218885,-0.1329759241747489,-0.08599616476218885,True
0.75,0.25,0.96,0.02,0.7482949549720435,0.7952747143846035,0.04697975941256005,0.7233972576737208,0.6476373571923018,-0.075759900481419,-0.12273965989397906,-0.075759900481419,True
0.75,0.30000000000000004,0.96,0.02,0.7482949549720435,0.7952747143846035,0.04697975941256005,0.7233972576737208,0.6578736214730716,-0.06552363620064916,-0.11250339561320921,-0.06552363620064916,True
0.75,0.35000000000000003,0.96,0.02,0.7482949549720435,0.7952747143846035,0.04697975941256005,0.7233972576737208,0.6681098857538414,-0.05528737191987931,-0.10226713133243936,-0.05528737191987931,True
0.75,0.4,0.96,0.02,0.7482949549720435,0.7952747143846035,0.04697975941256005,0.7233972576737208,0.6783461500346113,-0.04505110763910947,-0.09203086705166952,-0.04505110763910947,True
0.75,0.45,0.96,0.02,0.7482949549720435,0.7952747143846035,0.04697975941256005,0.7233972576737208,0.688582414315381,-0.03481484335833973,-0.08179460277089978,-0.03481484335833973,True
0.75,0.5,0.96,0.02,0.7482949549720435,0.7952747143846035,0.04697975941256005,0.7233972576737208,0.6988186785961509,-0.024578579077569884,-0.07155833849012994,-0.024578579077569884,True
0.75,0.55,0.96,0.02,0.7482949549720435,0.7952747143846035,0.04697975941256005,0.7233972576737208,0.7090549428769207,-0.014342314796800038,-0.06132207420936009,-0.014342314796800038,True
0.75,0.6000000000000001,0.96,0.02,0.7482949549720435,0.7952747143846035,0.04697975941256005,0.7233972576737208,0.7192912071576906,-0.004106050516030191,-0.05108580992859024,-0.004106050516030191,True
0.75,0.65,0.96,0.02,0.7482949549720435,0.7952747143846035,0.04697975941256005,0.7233972576737208,0.7295274714384603,0.006130213764739545,-0.04084954564782051,0.006130213764739545,False
0.75,0.7000000000000001,0.96,0.02,0.7482949549720435,0.7952747143846035,0.04697975941256005,0.7233972576737208,0.7397637357192302,0.01636647804550939,-0.03061328136705066,0.01636647804550939,False
0.75,0.75,0.96,0.02,0.7482949549720435,0.7952747143846035,0.04697975941256005,0.7233972576737208,0.75,0.02660274232627924,-0.020377017086280813,0.02660274232627924,False
0.75,0.8,0.96,0.02,0.7482949549720435,0.7952747143846035,0.04697975941256005,0.7233972576737208,0.7602362642807698,0.036839006607049085,-0.010140752805510966,0.036839006607049085,False
0.75,0.8500000000000001,0.96,0.02,0.7482949549720435,0.7952747143846035,0.04697975941256005,0.7233972576737208,0.7704725285615397,0.04707527088781893,9.551147525888037e-05,0.04707527088781893,False
0.75,0.9,0.96,0.02,0.7482949549720435,0.7952747143846035,0.04697975941256005,0.7233972576737208,0.7807087928423095,0.05731153516858878,0.010331775756028727,0.05731153516858878,False
0.75,0.9500000000000001,0.96,0.02,0.7482949549720435,0.7952747143846035,0.04697975941256005,0.7233972576737208,0.7909450571230793,0.06754779944935851,0.020568040036798463,0.06754779944935851,False
0.75,1.0,0.96,0.02,0.7482949549720435,0.7952747143846035,0.04697975941256005,0.7233972576737208,0.8011813214038491,0.07778406373012836,0.03080430431756831,0.07778406373012836,False
0.8,0.0,0.96,0.02,0.7482949549720435,0.7952747143846035,0.04697975941256005,0.7233972576737208,0.6362197715076828,-0.08717748616603793,-0.13415724557859798,-0.08717748616603793,True
0.8,0.05,0.96,0.02,0.7482949549720435,0.7952747143846035,0.04697975941256005,0.7233972576737208,0.6464560357884527,-0.07694122188526809,-0.12392098129782814,-0.07694122188526809,True
0.8,0.1,0.96,0.02,0.7482949549720435,0.7952747143846035,0.04697975941256005,0.7233972576737208,0.6566923000692225,-0.06670495760449824,-0.11368471701705829,-0.06670495760449824,True
0.8,0.15000000000000002,0.96,0.02,0.7482949549720435,0.7952747143846035,0.04697975941256005,0.7233972576737208,0.6669285643499923,-0.0564686933237285,-0.10344845273628855,-0.0564686933237285,True
0.8,0.2,0.96,0.02,0.7482949549720435,0.7952747143846035,0.04697975941256005,0.7233972576737208,0.6771648286307621,-0.046232429042958656,-0.09321218845551871,-0.046232429042958656,True
0.8,0.25,0.96,0.02,0.7482949549720435,0.7952747143846035,0.04697975941256005,0.7233972576737208,0.687401092911532,-0.03599616476218881,-0.08297592417474886,-0.03599616476218881,True
0.8,0.30000000000000004,0.96,0.02,0.7482949549720435,0.7952747143846035,0.04697975941256005,0.7233972576737208,0.6976373571923018,-0.025759900481418962,-0.07273965989397901,-0.025759900481418962,True
0.8,0.35000000000000003,0.96,0.02,0.7482949549720435,0.7952747143846035,0.04697975941256005,0.7233972576737208,0.7078736214730716,-0.015523636200649116,-0.06250339561320917,-0.015523636200649116,True
0.8,0.4,0.96,0.02,0.7482949549720435,0.7952747143846035,0.04697975941256005,0.7233972576737208,0.7181098857538415,-0.005287371919879269,-0.05226713133243932,-0.005287371919879269,True
0.8,0.45,0.96,0.02,0.7482949549720435,0.7952747143846035,0.04697975941256005,0.7233972576737208,0.7283461500346112,0.004948892360890467,-0.042030867051669585,0.004948892360890467,False
0.8,0.5,0.96,0.02,0.7482949549720435,0.7952747143846035,0.04697975941256005,0.7233972576737208,0.7385824143153811,0.015185156641660313,-0.03179460277089974,0.015185156641660313,False
0.8,0.55,0.96,0.02,0.7482949549720435,0.7952747143846035,0.04697975941256005,0.7233972576737208,0.7488186785961509,0.02542142092243016,-0.02155833849012989,0.02542142092243016,False
0.8,0.6000000000000001,0.96,0.02,0.7482949549720435,0.7952747143846035,0.04697975941256005,0.7233972576737208,0.7590549428769208,0.03565768520320001,-0.011322074209360045,0.03565768520320001,False
0.8,0.65,0.96,0.02,0.7482949549720435,0.7952747143846035,0.04697975941256005,0.7233972576737208,0.7692912071576905,0.04589394948396974,-0.001085809928590309,0.04589394948396974,False
0.8,0.7000000000000001,0.96,0.02,0.7482949549720435,0.7952747143846035,0.04697975941256005,0.7233972576737208,0.7795274714384604,0.05613021376473959,0.009150454352179538,0.05613021376473959,False
0.8,0.75,0.96,0.02,0.7482949549720435,0.7952747143846035,0.04697975941256005,0.7233972576737208,0.7897637357192302,0.06636647804550944,0.019386718632949385,0.06636647804550944,False
0.8,0.8,0.96,0.02,0.7482949549720435,0.7952747143846035,0.04697975941256005,0.7233972576737208,0.8,0.07660274232627928,0.02962298291371923,0.07660274232627928,False
0.8,0.8500000000000001,0.96,0.02,0.7482949549720435,0.7952747143846035,0.04697975941256005,0.7233972576737208,0.8102362642807699,0.08683900660704913,0.03985924719448908,0.08683900660704913,False
0.8,0.9,0.96,0.02,0.7482949549720435,0.7952747143846035,0.04697975941256005,0.7233972576737208,0.8204725285615397,0.09707527088781898,0.050095511475258925,0.09707527088781898,False
0.8,0.9500000000000001,0.96,0.02,0.7482949549720435,0.7952747143846035,0.04697975941256005,0.7233972576737208,0.8307087928423095,0.10731153516858871,0.06033177575602866,0.10731153516858871,False
0.8,1.0,0.96,0.02,0.7482949549720435,0.7952747143846035,0.04697975941256005,0.7233972576737208,0.8409450571230793,0.11754779944935856,0.07056804003679851,0.11754779944935856,False
0.8500000000000001,0.0,0.96,0.02,0.7482949549720435,0.7952747143846035,0.04697975941256005,0.7233972576737208,0.675983507226913,-0.047413750446807734,-0.09439350985936779,-0.047413750446807734,True
0.8500000000000001,0.05,0.96,0.02,0.7482949549720435,0.7952747143846035,0.04697975941256005,0.7233972576737208,0.6862197715076829,-0.03717748616603789,-0.08415724557859794,-0.03717748616603789,True
0.8500000000000001,0.1,0.96,0.02,0.7482949549720435,0.7952747143846035,0.04697975941256005,0.7233972576737208,0.6964560357884527,-0.02694122188526804,-0.07392098129782809,-0.02694122188526804,True
0.8500000000000001,0.15000000000000002,0.96,0.02,0.7482949549720435,0.7952747143846035,0.04697975941256005,0.7233972576737208,0.7066923000692225,-0.016704957604498305,-0.06368471701705836,-0.016704957604498305,True
0.8500000000000001,0.2,0.96,0.02,0.7482949549720435,0.7952747143846035,0.04697975941256005,0.7233972576737208,0.7169285643499923,-0.006468693323728458,-0.05344845273628851,-0.006468693323728458,True
0.8500000000000001,0.25,0.96,0.02,0.7482949549720435,0.7952747143846035,0.04697975941256005,0.7233972576737208,0.7271648286307622,0.0037675709570413884,-0.04321218845551866,0.0037675709570413884,False
0.8500000000000001,0.30000000000000004,0.96,0.02,0.7482949549720435,0.7952747143846035,0.04697975941256005,0.7233972576737208,0.737401092911532,0.014003835237811235,-0.032975924174748816,0.014003835237811235,False
0.8500000000000001,0.35000000000000003,0.96,0.02,0.7482949549720435,0.7952747143846035,0.04697975941256005,0.7233972576737208,0.7476373571923018,0.024240099518581082,-0.02273965989397897,0.024240099518581082,False
0.8500000000000001,0.4,0.96,0.02,0.7482949549720435,0.7952747143846035,0.04697975941256005,0.7233972576737208,0.7578736214730717,0.03447636379935093,-0.012503395613209123,0.03447636379935093,False
0.8500000000000001,0.45,0.96,0.02,0.7482949549720435,0.7952747143846035,0.04697975941256005,0.7233972576737208,0.7681098857538414,0.044712628080120664,-0.002267131332439387,0.044712628080120664,False
0.8500000000000001,0.5,0.96,0.02,0.7482949549720435,0.7952747143846035,0.04697975941256005,0.7233972576737208,0.7783461500346113,0.05494889236089051,0.00796913294833046,0.05494889236089051,False
0.8500000000000001,0.55,0.96,0.02,0.7482949549720435,0.7952747143846035,0.04697975941256005,0.7233972576737208,0.7885824143153811,0.06518515664166036,0.018205397229100306,0.06518515664166036,False
0.8500000000000001,0.6000000000000001,0.96,0.02,0.7482949549720435,0.7952747143846035,0.04697975941256005,0.7233972576737208,0.798818678596151,0.0754214209224302,0.028441661509870153,0.0754214209224302,False
0.8500000000000001,0.65,0.96,0.02,0.7482949549720435,0.7952747143846035,0.04697975941256005,0.7233972576737208,0.8090549428769207,0.08565768520319994,0.03867792579063989,0.08565768520319994,False
0.8500000000000001,0.7000000000000001,0.96,0.02,0.7482949549720435,0.7952747143846035,0.04697975941256005,0.7233972576737208,0.8192912071576905,0.09589394948396979,0.048914190071409736,0.09589394948396979,False
0.8500000000000001,0.75,0.96,0.02,0.7482949549720435,0.7952747143846035,0.04697975941256005,0.7233972576737208,0.8295274714384604,0.10613021376473963,0.05915045435217958,0.10613021376473963,False
0.8500000000000001,0.8,0.96,0.02,0.7482949549720435,0.7952747143846035,0.04697975941256005,0.7233972576737208,0.8397637357192302,0.11636647804550948,0.06938671863294943,0.11636647804550948,False
0.8500000000000001,0.8500000000000001,0.96,0.02,0.7482949549720435,0.7952747143846035,0.04697975941256005,0.7233972576737208,0.8500000000000001,0.12660274232627933,0.07962298291371928,0.12660274232627933,False
0.8500000000000001,0.9,0.96,0.02,0.7482949549720435,0.7952747143846035,0.04697975941256005,0.7233972576737208,0.8602362642807699,0.13683900660704917,0.08985924719448912,0.13683900660704917,False
0.8500000000000001,0.9500000000000001,0.96,0.02,0.7482949549720435,0.7952747143846035,0.04697975941256005,0.7233972576737208,0.8704725285615397,0.1470752708878189,0.10009551147525886,0.1470752708878189,False
0.8500000000000001,1.0,0.96,0.02,0.7482949549720435,0.7952747143846035,0.04697975941256005,0.7233972576737208,0.8807087928423095,0.15731153516858876,0.1103317757560287,0.15731153516858876,False
0.9,0.0,0.96,0.02,0.7482949549720435,0.7952747143846035,0.04697975941256005,0.7233972576737208,0.7157472429461432,-0.0076500147275775365,-0.05462977414013759,-0.0076500147275775365,True
0.9,0.05,0.96,0.02,0.7482949549720435,0.7952747143846035,0.04697975941256005,0.7233972576737208,0.7259835072269131,0.00258624955319231,-0.04439350985936774,0.00258624955319231,False
0.9,0.1,0.96,0.02,0.7482949549720435,0.7952747143846035,0.04697975941256005,0.7233972576737208,0.7362197715076829,0.012822513833962157,-0.034157245578597895,0.012822513833962157,False
0.9,0.15000000000000002,0.96,0.02,0.7482949549720435,0.7952747143846035,0.04697975941256005,0.7233972576737208,0.7464560357884527,0.023058778114731893,-0.02392098129782816,0.023058778114731893,False
0.9,0.2,0.96,0.02,0.7482949549720435,0.7952747143846035,0.04697975941256005,0.7233972576737208,0.7566923000692225,0.03329504239550174,-0.013684717017058312,0.03329504239550174,False
0.9,0.25,0.96,0.02,0.7482949549720435,0.7952747143846035,0.04697975941256005,0.7233972576737208,0.7669285643499923,0.043531306676271586,-0.0034484527362884654,0.043531306676271586,False
0.9,0.30000000000000004,0.96,0.02,0.7482949549720435,0.7952747143846035,0.04697975941256005,0.7233972576737208,0.7771648286307622,0.05376757095704143,0.006787811544481381,0.05376757095704143,False
0.9,0.35000000000000003,0.96,0.02,0.7482949549720435,0.7952747143846035,0.04697975941256005,0.7233972576737208,0.787401092911532,0.06400383523781128,0.017024075825251228,0.06400383523781128,False
0.9,0.4,0.96,0.02,0.7482949549720435,0.7952747143846035,0.04697975941256005,0.7233972576737208,0.7976373571923019,0.07424009951858113,0.027260340106021075,0.07424009951858113,False
0.9,0.45,0.96,0.02,0.7482949549720435,0.7952747143846035,0.04697975941256005,0.7233972576737208,0.8078736214730716,0.08447636379935086,0.03749660438679081,0.08447636379935086,False
0.9,0.5,0.96,0.02,0.7482949549720435,0.7952747143846035,0.04697975941256005,0.7233972576737208,0.8181098857538415,0.09471262808012071,0.04773286866756066,0.09471262808012071,False
0.9,0.55,0.96,0.02,0.7482949549720435,0.7952747143846035,0.04697975941256005,0.7233972576737208,0.8283461500346113,0.10494889236089056,0.057969132948330504,0.10494889236089056,False
0.9,0.6000000000000001,0.96,0.02,0.7482949549720435,0.7952747143846035,0.04697975941256005,0.7233972576737208,0.8385824143153812,0.1151851566416604,0.06820539722910035,0.1151851566416604,False
0.9,0.65,0.96,0.02,0.7482949549720435,0.7952747143846035,0.04697975941256005,0.7233972576737208,0.8488186785961509,0.12542142092243014,0.07844166150987009,0.12542142092243014,False
0.9,0.7000000000000001,0.96,0.02,0.7482949549720435,0.7952747143846035,0.04697975941256005,0.7233972576737208,0.8590549428769207,0.13565768520319998,0.08867792579063993,0.13565768520319998,False
0.9,0.75,0.96,0.02,0.7482949549720435,0.7952747143846035,0.04697975941256005,0.7233972576737208,0.8692912071576906,0.14589394948396983,0.09891419007140978,0.14589394948396983,False
0.9,0.8,0.96,0.02,0.7482949549720435,0.7952747143846035,0.04697975941256005,0.7233972576737208,0.8795274714384604,0.15613021376473968,0.10915045435217963,0.15613021376473968,False
0.9,0.8500000000000001,0.96,0.02,0.7482949549720435,0.7952747143846035,0.04697975941256005,0.7233972576737208,0.8897637357192303,0.16636647804550952,0.11938671863294947,0.16636647804550952,False
0.9,0.9,0.96,0.02,0.7482949549720435,0.7952747143846035,0.04697975941256005,0.7233972576737208,0.9000000000000001,0.17660274232627937,0.12962298291371932,0.17660274232627937,False
0.9,0.9500000000000001,0.96,0.02,0.7482949549720435,0.7952747143846035,0.04697975941256005,0.7233972576737208,0.9102362642807699,0.1868390066070491,0.13985924719448906,0.1868390066070491,False
0.9,1.0,0.96,0.02,0.7482949549720435,0.7952747143846035,0.04697975941256005,0.7233972576737208,0.9204725285615397,0.19707527088781895,0.1500955114752589,0.19707527088781895,False
0.9500000000000001,0.0,0.96,0.02,0.7482949549720435,0.7952747143846035,0.04697975941256005,0.7233972576737208,0.7555109786653734,0.03211372099165266,-0.01486603842090739,0.03211372099165266,False
0.9500000000000001,0.05,0.96,0.02,0.7482949549720435,0.7952747143846035,0.04697975941256005,0.7233972576737208,0.7657472429461433,0.04234998527242251,-0.004629774140137544,0.04234998527242251,False
0.9500000000000001,0.1,0.96,0.02,0.7482949549720435,0.7952747143846035,0.04697975941256005,0.7233972576737208,0.7759835072269131,0.052586249553192355,0.005606490140632303,0.052586249553192355,False
0.9500000000000001,0.15000000000000002,0.96,0.02,0.7482949549720435,0.7952747143846035,0.04697975941256005,0.7233972576737208,0.7862197715076829,0.06282251383396209,0.01584275442140204,0.06282251383396209,False
0.9500000000000001,0.2,0.96,0.02,0.7482949549720435,0.7952747143846035,0.04697975941256005,0.7233972576737208,0.7964560357884527,0.07305877811473194,0.026079018702171886,0.07305877811473194,False
0.9500000000000001,0.25,0.96,0.02,0.7482949549720435,0.7952747143846035,0.04697975941256005,0.7233972576737208,0.8066923000692225,0.08329504239550178,0.03631528298294173,0.08329504239550178,False
0.9500000000000001,0.30000000000000004,0.96,0.02,0.7482949549720435,0.7952747143846035,0.04697975941256005,0.7233972576737208,0.8169285643499924,0.09353130667627163,0.04655154726371158,0.09353130667627163,False
0.9500000000000001,0.35000000000000003,0.96,0.02,0.7482949549720435,0.7952747143846035,0.04697975941256005,0.7233972576737208,0.8271648286307622,0.10376757095704148,0.056787811544481426,0.10376757095704148,False
0.9500000000000001,0.4,0.96,0.02,0.7482949549720435,0.7952747143846035,0.04697975941256005,0.7233972576737208,0.8374010929115321,0.11400383523781132,0.06702407582525127,0.11400383523781132,False
0.9500000000000001,0.45,0.96,0.02,0.7482949549720435,0.7952747143846035,0.04697975941256005,0.7233972576737208,0.8476373571923018,0.12424009951858106,0.07726034010602101,0.12424009951858106,False
0.9500000000000001,0.5,0.96,0.02,0.7482949549720435,0.7952747143846035,0.04697975941256005,0.7233972576737208,0.8578736214730717,0.1344763637993509,0.08749660438679085,0.1344763637993509,False
0.9500000000000001,0.55,0.96,0.02,0.7482949549720435,0.7952747143846035,0.04697975941256005,0.7233972576737208,0.8681098857538415,0.14471262808012075,0.0977328686675607,0.14471262808012075,False
0.9500000000000001,0.6000000000000001,0.96,0.02,0.7482949549720435,0.7952747143846035,0.04697975941256005,0.7233972576737208,0.8783461500346114,0.1549488923608906,0.10796913294833055,0.1549488923608906,False
0.9500000000000001,0.65,0.96,0.02,0.7482949549720435,0.7952747143846035,0.04697975941256005,0.7233972576737208,0.8885824143153811,0.16518515664166034,0.11820539722910028,0.16518515664166034,False
0.9500000000000001,0.7000000000000001,0.96,0.02,0.7482949549720435,0.7952747143846035,0.04697975941256005,0.7233972576737208,0.8988186785961509,0.17542142092243018,0.12844166150987013,0.17542142092243018,False
0.9500000000000001,0.75,0.96,0.02,0.7482949549720435,0.7952747143846035,0.04697975941256005,0.7233972576737208,0.9090549428769208,0.18565768520320003,0.13867792579063998,0.18565768520320003,False
0.9500000000000001,0.8,0.96,0.02,0.7482949549720435,0.7952747143846035,0.04697975941256005,0.7233972576737208,0.9192912071576906,0.19589394948396988,0.14891419007140982,0.19589394948396988,False
0.9500000000000001,0.8500000000000001,0.96,0.02,0.7482949549720435,0.7952747143846035,0.04697975941256005,0.7233972576737208,0.9295274714384605,0.20613021376473972,0.15915045435217967,0.20613021376473972,False
0.9500000000000001,0.9,0.96,0.02,0.7482949549720435,0.7952747143846035,0.04697975941256005,0.7233972576737208,0.9397637357192303,0.21636647804550957,0.16938671863294952,0.21636647804550957,False
0.9500000000000001,0.9500000000000001,0.96,0.02,0.7482949549720435,0.7952747143846035,0.04697975941256005,0.7233972576737208,0.9500000000000001,0.2266027423262793,0.17962298291371925,0.2266027423262793,False
0.9500000000000001,1.0,0.96,0.02,0.7482949549720435,0.7952747143846035,0.04697975941256005,0.7233972576737208,0.9602362642807699,0.23683900660704915,0.1898592471944891,0.23683900660704915,False
1.0,0.0,0.96,0.02,0.7482949549720435,0.7952747143846035,0.04697975941256005,0.7233972576737208,0.7952747143846035,0.07187745671088275,0.024897697298322696,0.07187745671088275,False
1.0,0.05,0.96,0.02,0.7482949549720435,0.7952747143846035,0.04697975941256005,0.7233972576737208,0.8055109786653734,0.0821137209916526,0.03513396157909254,0.0821137209916526,False
1.0,0.1,0.96,0.02,0.7482949549720435,0.7952747143846035,0.04697975941256005,0.7233972576737208,0.8157472429461432,0.09234998527242244,0.04537022585986239,0.09234998527242244,False
1.0,0.15000000000000002,0.96,0.02,0.7482949549720435,0.7952747143846035,0.04697975941256005,0.7233972576737208,0.8259835072269129,0.10258624955319218,0.055606490140632125,0.10258624955319218,False
1.0,0.2,0.96,0.02,0.7482949549720435,0.7952747143846035,0.04697975941256005,0.7233972576737208,0.8362197715076828,0.11282251383396202,0.06584275442140197,0.11282251383396202,False
1.0,0.25,0.96,0.02,0.7482949549720435,0.7952747143846035,0.04697975941256005,0.7233972576737208,0.8464560357884526,0.12305877811473187,0.07607901870217182,0.12305877811473187,False
1.0,0.30000000000000004,0.96,0.02,0.7482949549720435,0.7952747143846035,0.04697975941256005,0.7233972576737208,0.8566923000692225,0.13329504239550172,0.08631528298294167,0.13329504239550172,False
1.0,0.35000000000000003,0.96,0.02,0.7482949549720435,0.7952747143846035,0.04697975941256005,0.7233972576737208,0.8669285643499923,0.14353130667627156,0.09655154726371151,0.14353130667627156,False
1.0,0.4,0.96,0.02,0.7482949549720435,0.7952747143846035,0.04697975941256005,0.7233972576737208,0.8771648286307621,0.1537675709570413,0.10678781154448125,0.1537675709570413,False
1.0,0.45,0.96,0.02,0.7482949549720435,0.7952747143846035,0.04697975941256005,0.7233972576737208,0.8874010929115319,0.16400383523781115,0.1170240758252511,0.16400383523781115,False
1.0,0.5,0.96,0.02,0.7482949549720435,0.7952747143846035,0.04697975941256005,0.7233972576737208,0.8976373571923018,0.174240099518581,0.12726034010602094,0.174240099518581,False
1.0,0.55,0.96,0.02,0.7482949549720435,0.7952747143846035,0.04697975941256005,0.7233972576737208,0.9078736214730716,0.18447636379935084,0.1374966043867908,0.18447636379935084,False
1.0,0.6000000000000001,0.96,0.02,0.7482949549720435,0.7952747143846035,0.04697975941256005,0.7233972576737208,0.9181098857538414,0.1947126280801207,0.14773286866756064,0.1947126280801207,False
1.0,0.65,0.96,0.02,0.7482949549720435,0.7952747143846035,0.04697975941256005,0.7233972576737208,0.9283461500346113,0.20494889236089053,0.15796913294833048,0.20494889236089053,False
1.0,0.7000000000000001,0.96,0.02,0.7482949549720435,0.7952747143846035,0.04697975941256005,0.7233972576737208,0.938582414315381,0.21518515664166027,0.16820539722910022,0.21518515664166027,False
1.0,0.75,0.96,0.02,0.7482949549720435,0.7952747143846035,0.04697975941256005,0.7233972576737208,0.9488186785961509,0.22542142092243012,0.17844166150987006,0.22542142092243012,False
1.0,0.8,0.96,0.02,0.7482949549720435,0.7952747143846035,0.04697975941256005,0.7233972576737208,0.9590549428769207,0.23565768520319996,0.1886779257906399,0.23565768520319996,False
1.0,0.8500000000000001,0.96,0.02,0.7482949549720435,0.7952747143846035,0.04697975941256005,0.7233972576737208,0.9692912071576906,0.2458939494839698,0.19891419007140976,0.2458939494839698,False
1.0,0.9,0.96,0.02,0.7482949549720435,0.7952747143846035,0.04697975941256005,0.7233972576737208,0.9795274714384603,0.25613021376473954,0.2091504543521795,0.25613021376473954,False
1.0,0.9500000000000001,0.96,0.02,0.7482949549720435,0.7952747143846035,0.04697975941256005,0.7233972576737208,0.9897637357192302,0.2663664780455094,0.21938671863294934,0.2663664780455094,False
1.0,1.0,0.96,0.02,0.7482949549720435,0.7952747143846035,0.04697975941256005,0.7233972576737208,1.0,0.27660274232627924,0.2296229829137192,0.27660274232627924,False
