treatment_correct_extraction_retention,treatment_incorrect_extraction_retention,control_correct_extraction_retention,control_incorrect_extraction_retention,latent_accuracy_both_arms,complete_case_control_accuracy,complete_case_treatment_accuracy,complete_case_apparent_effect,boundary_margin_correct_minus_incorrect_retention,sign
0.05,0.05,1,1,0.7482949549720432,0.7482949549720432,0.7482949549720432,0,0,zero
0.05,0.1,1,1,0.7482949549720432,0.7482949549720432,0.5978205152599111,-0.1504744397121321,-0.05,negative
0.05,0.15,1,1,0.7482949549720432,0.7482949549720432,0.4977317632238408,-0.2505631917482025,-0.1,negative
0.05,0.2,1,1,0.7482949549720432,0.7482949549720432,0.4263509213805994,-0.3219440335914439,-0.15,negative
0.05,0.25,1,1,0.7482949549720432,0.7482949549720432,0.3728759369613004,-0.3754190180107428,-0.2,negative
0.05,0.3,1,1,0.7482949549720432,0.7482949549720432,0.3313201670907749,-0.4169747878812683,-0.2500000000000001,negative
0.05,0.35,1,1,0.7482949549720432,0.7482949549720432,0.298098132217185,-0.4501968227548582,-0.3,negative
0.05,0.4,1,1,0.7482949549720432,0.7482949549720432,0.2709313830975881,-0.4773635718744551,-0.35,negative
0.05,0.45,1,1,0.7482949549720432,0.7482949549720432,0.2483026723588575,-0.4999922826131857,-0.4,negative
0.05,0.5,1,1,0.7482949549720432,0.7482949549720432,0.2291625730523242,-0.5191323819197191,-0.45,negative
0.05,0.55,1,1,0.7482949549720432,0.7482949549720432,0.2127620759356926,-0.5355328790363506,-0.5,negative
0.05,0.6000000000000001,1,1,0.7482949549720432,0.7482949549720432,0.1985522690192412,-0.5497426859528021,-0.55,negative
0.05,0.65,1,1,0.7482949549720432,0.7482949549720432,0.1861217010998454,-0.5621732538721979,-0.6,negative
0.05,0.7000000000000001,1,1,0.7482949549720432,0.7482949549720432,0.1751558875750797,-0.5731390673969635,-0.65,negative
0.05,0.75,1,1,0.7482949549720432,0.7482949549720432,0.1654103346689431,-0.5828846203031001,-0.7,negative
0.05,0.8,1,1,0.7482949549720432,0.7482949549720432,0.1566920944889716,-0.5916028604830716,-0.75,negative
0.05,0.8500000000000001,1,1,0.7482949549720432,0.7482949549720432,0.1488468610731296,-0.5994480938989137,-0.8,negative
0.05,0.9,1,1,0.7482949549720432,0.7482949549720432,0.1417497580436599,-0.6065451969283834,-0.85,negative
0.05,0.9500000000000001,1,1,0.7482949549720432,0.7482949549720432,0.135298641817216,-0.6129963131548273,-0.9,negative
0.05,1,1,1,0.7482949549720432,0.7482949549720432,0.1294091538641821,-0.6188858011078611,-0.95,negative
0.1,0.05,1,1,0.7482949549720432,0.7482949549720432,0.8560282723964151,0.1077333174243719,0.05,positive
0.1,0.1,1,1,0.7482949549720432,0.7482949549720432,0.7482949549720432,0,0,zero
0.1,0.15,1,1,0.7482949549720432,0.7482949549720432,0.6646474027531901,-0.08364755221885312,-0.05000000000000002,negative
0.1,0.2,1,1,0.7482949549720432,0.7482949549720432,0.5978205152599111,-0.1504744397121321,-0.1,negative
0.1,0.25,1,1,0.7482949549720432,0.7482949549720432,0.5432041263489803,-0.2050908286230629,-0.15,negative
0.1,0.3,1,1,0.7482949549720432,0.7482949549720432,0.4977317632238408,-0.2505631917482025,-0.2,negative
0.1,0.35,1,1,0.7482949549720432,0.7482949549720432,0.4592844328464223,-0.2890105221256209,-0.25,negative
0.1,0.4,1,1,0.7482949549720432,0.7482949549720432,0.4263509213805994,-0.3219440335914439,-0.3,negative
0.1,0.45,1,1,0.7482949549720432,0.7482949549720432,0.3978244665448835,-0.3504704884271597,-0.35,negative
0.1,0.5,1,1,0.7482949549720432,0.7482949549720432,0.3728759369613004,-0.3754190180107428,-0.4,negative
0.1,0.55,1,1,0.7482949549720432,0.7482949549720432,0.3508719148750401,-0.3974230400970031,-0.4500000000000001,negative
0.1,0.6000000000000001,1,1,0.7482949549720432,0.7482949549720432,0.3313201670907749,-0.4169747878812683,-0.5000000000000001,negative
0.1,0.65,1,1,0.7482949549720432,0.7482949549720432,0.3138323848678627,-0.4344625701041805,-0.55,negative
0.1,0.7000000000000001,1,1,0.7482949549720432,0.7482949549720432,0.298098132217185,-0.4501968227548582,-0.6000000000000001,negative
0.1,0.75,1,1,0.7482949549720432,0.7482949549720432,0.2838662567994664,-0.4644286981725769,-0.65,negative
0.1,0.8,1,1,0.7482949549720432,0.7482949549720432,0.2709313830975881,-0.4773635718744551,-0.7000000000000001,negative
0.1,0.8500000000000001,1,1,0.7482949549720432,0.7482949549720432,0.2591239374307778,-0.4891710175412654,-0.7500000000000001,negative
0.1,0.9,1,1,0.7482949549720432,0.7482949549720432,0.2483026723588575,-0.4999922826131857,-0.8,negative
0.1,0.9500000000000001,1,1,0.7482949549720432,0.7482949549720432,0.2383489891270374,-0.5099459658450058,-0.8500000000000001,negative
0.1,1,1,1,0.7482949549720432,0.7482949549720432,0.2291625730523242,-0.5191323819197191,-0.9,negative
0.15,0.05,1,1,0.7482949549720432,0.7482949549720432,0.8991804605051881,0.1508855055331448,0.1,positive
0.15,0.1,1,1,0.7482949549720432,0.7482949549720432,0.8168282159288706,0.06853326095682732,0.05000000000000002,positive
0.15,0.15,1,1,0.7482949549720432,0.7482949549720432,0.7482949549720432,0,0,zero
0.15,0.2,1,1,0.7482949549720432,0.7482949549720432,0.6903716154540792,-0.05792333951796402,-0.04999999999999999,negative
0.15,0.25,1,1,0.7482949549720432,0.7482949549720432,0.6407713648162445,-0.1075235901557987,-0.09999999999999998,negative
0.15,0.3,1,1,0.7482949549720432,0.7482949549720432,0.5978205152599111,-0.1504744397121321,-0.15,negative
0.15,0.35,1,1,0.7482949549720432,0.7482949549720432,0.5602659375778318,-0.1880290173942114,-0.2,negative
0.15,0.4,1,1,0.7482949549720432,0.7482949549720432,0.5271507731511542,-0.221144181820889,-0.25,negative
0.15,0.45,1,1,0.7482949549720432,0.7482949549720432,0.4977317632238409,-0.2505631917482023,-0.3,negative
0.15,0.5,1,1,0.7482949549720432,0.7482949549720432,0.4714227968936352,-0.276872158078408,-0.35,negative
0.15,0.55,1,1,0.7482949549720432,0.7482949549720432,0.4477554638195045,-0.3005394911525387,-0.4,negative
0.15,0.6000000000000001,1,1,0.7482949549720432,0.7482949549720432,0.4263509213805994,-0.3219440335914438,-0.4500000000000001,negative
0.15,0.65,1,1,0.7482949549720432,0.7482949549720432,0.4068994628828116,-0.3413954920892316,-0.5,negative
0.15,0.7000000000000001,1,1,0.7482949549720432,0.7482949549720432,0.3891454347028896,-0.3591495202691536,-0.55,negative
0.15,0.75,1,1,0.7482949549720432,0.7482949549720432,0.3728759369613005,-0.3754190180107427,-0.6,negative
0.15,0.8,1,1,0.7482949549720432,0.7482949549720432,0.3579122448799398,-0.3903827100921034,-0.65,negative
0.15,0.8500000000000001,1,1,0.7482949549720432,0.7482949549720432,0.3441032160353323,-0.4041917389367109,-0.7000000000000001,negative
0.15,0.9,1,1,0.7482949549720432,0.7482949549720432,0.331320167090775,-0.4169747878812682,-0.75,negative
0.15,0.9500000000000001,1,1,0.7482949549720432,0.7482949549720432,0.319452851568058,-0.4288421034039852,-0.8,negative
0.15,1,1,1,0.7482949549720432,0.7482949549720432,0.3084062721435416,-0.4398886828285016,-0.85,negative
0.2,0.05,1,1,0.7482949549720432,0.7482949549720432,0.922430207694145,0.1741352527221017,0.15,positive
0.2,0.1,1,1,0.7482949549720432,0.7482949549720432,0.8560282723964151,0.1077333174243719,0.1,positive
0.2,0.15,1,1,0.7482949549720432,0.7482949549720432,0.7985443663972538,0.05024941142521056,0.04999999999999999,positive
0.2,0.2,1,1,0.7482949549720432,0.7482949549720432,0.7482949549720432,0,0,zero
0.2,0.25,1,1,0.7482949549720432,0.7482949549720432,0.7039951709228907,-0.04429978404915258,-0.04999999999999999,negative
0.2,0.3,1,1,0.7482949549720432,0.7482949549720432,0.6646474027531901,-0.08364755221885312,-0.1,negative
0.2,0.35,1,1,0.7482949549720432,0.7482949549720432,0.6294652673715712,-0.1188296876004721,-0.15,negative
0.2,0.4,1,1,0.7482949549720432,0.7482949549720432,0.5978205152599111,-0.1504744397121321,-0.2,negative
0.2,0.45,1,1,0.7482949549720432,0.7482949549720432,0.5692051842935882,-0.179089770678455,-0.25,negative
0.2,0.5,1,1,0.7482949549720432,0.7482949549720432,0.5432041263489803,-0.2050908286230629,-0.3,negative
0.2,0.55,1,1,0.7482949549720432,0.7482949549720432,0.51947473481599,-0.2288202201560532,-0.35,negative
0.2,0.6000000000000001,1,1,0.7482949549720432,0.7482949549720432,0.4977317632238408,-0.2505631917482025,-0.4000000000000001,negative
0.2,0.65,1,1,0.7482949549720432,0.7482949549720432,0.4777358032614276,-0.2705591517106156,-0.45,negative
0.2,0.7000000000000001,1,1,0.7482949549720432,0.7482949549720432,0.4592844328464223,-0.2890105221256209,-0.5,negative
0.2,0.75,1,1,0.7482949549720432,0.7482949549720432,0.4422053392182966,-0.3060896157537467,-0.55,negative
0.2,0.8,1,1,0.7482949549720432,0.7482949549720432,0.4263509213805994,-0.3219440335914439,-0.6000000000000001,negative
0.2,0.8500000000000001,1,1,0.7482949549720432,0.7482949549720432,0.4115940134686281,-0.3367009415034151,-0.6500000000000001,negative
0.2,0.9,1,1,0.7482949549720432,0.7482949549720432,0.3978244665448835,-0.3504704884271597,-0.7,negative
0.2,0.9500000000000001,1,1,0.7482949549720432,0.7482949549720432,0.3849463943036918,-0.3633485606683514,-0.75,negative
0.2,1,1,1,0.7482949549720432,0.7482949549720432,0.3728759369613004,-0.3754190180107428,-0.8,negative
0.25,0.05,1,1,0.7482949549720432,0.7482949549720432,0.9369662633837998,0.1886713084117566,0.2,positive
0.25,0.1,1,1,0.7482949549720432,0.7482949549720432,0.8814078341166363,0.133112879144593,0.15,positive
0.25,0.15,1,1,0.7482949549720432,0.7482949549720432,0.8320693791946752,0.08377442422263193,0.09999999999999998,positive
0.25,0.2,1,1,0.7482949549720432,0.7482949549720432,0.7879617442346197,0.0396667892625765,0.04999999999999999,positive
0.25,0.25,1,1,0.7482949549720432,0.7482949549720432,0.7482949549720432,0,0,zero
0.25,0.3,1,1,0.7482949549720432,0.7482949549720432,0.7124304854863186,-0.03586446948572464,-0.05000000000000004,negative
0.25,0.35,1,1,0.7482949549720432,0.7482949549720432,0.6798466248445977,-0.06844833012744556,-0.1,negative
0.25,0.4,1,1,0.7482949549720432,0.7482949549720432,0.6501129320683332,-0.09818202290371003,-0.15,negative
0.25,0.45,1,1,0.7482949549720432,0.7482949549720432,0.6228711136131534,-0.1254238413588898,-0.2,negative
0.25,0.5,1,1,0.7482949549720432,0.7482949549720432,0.597820515259911,-0.1504744397121323,-0.25,negative
0.25,0.55,1,1,0.7482949549720432,0.7482949549720432,0.5747069795679922,-0.173587975404051,-0.3,negative
0.25,0.6000000000000001,1,1,0.7482949549720432,0.7482949549720432,0.5533141919373616,-0.1949807630346816,-0.3500000000000001,negative
0.25,0.65,1,1,0.7482949549720432,0.7482949549720432,0.5334568901022045,-0.2148380648698387,-0.4,negative
0.25,0.7000000000000001,1,1,0.7482949549720432,0.7482949549720432,0.5149754851511623,-0.2333194698208809,-0.4500000000000001,negative
0.25,0.75,1,1,0.7482949549720432,0.7482949549720432,0.4977317632238409,-0.2505631917482024,-0.5,negative
0.25,0.8,1,1,0.7482949549720432,0.7482949549720432,0.4816054227887772,-0.2666895321832661,-0.55,negative
0.25,0.8500000000000001,1,1,0.7482949549720432,0.7482949549720432,0.466491263942272,-0.2818036910297713,-0.6000000000000001,negative
0.25,0.9,1,1,0.7482949549720432,0.7482949549720432,0.4522968908504791,-0.2959980641215642,-0.65,negative
0.25,0.9500000000000001,1,1,0.7482949549720432,0.7482949549720432,0.4389408212649535,-0.3093541337070897,-0.7000000000000001,negative
0.25,1,1,1,0.7482949549720432,0.7482949549720432,0.4263509213805994,-0.3219440335914439,-0.75,negative
0.3,0.05,1,1,0.7482949549720432,0.7482949549720432,0.9469141866234273,0.1986192316513841,0.2500000000000001,positive
0.3,0.1,1,1,0.7482949549720432,0.7482949549720432,0.8991804605051881,0.1508855055331448,0.2,positive
0.3,0.15,1,1,0.7482949549720432,0.7482949549720432,0.8560282723964151,0.1077333174243719,0.15,positive
0.3,0.2,1,1,0.7482949549720432,0.7482949549720432,0.8168282159288706,0.06853326095682732,0.1,positive
0.3,0.25,1,1,0.7482949549720432,0.7482949549720432,0.7810611259515815,0.03276617097953827,0.05000000000000004,positive
0.3,0.3,1,1,0.7482949549720432,0.7482949549720432,0.7482949549720432,0,0,zero
0.3,0.35,1,1,0.7482949549720432,0.7482949549720432,0.7181672355772796,-0.03012771939476366,-0.04999999999999999,negative
0.3,0.4,1,1,0.7482949549720432,0.7482949549720432,0.6903716154540792,-0.05792333951796402,-0.09999999999999998,negative
0.3,0.45,1,1,0.7482949549720432,0.7482949549720432,0.6646474027531901,-0.08364755221885312,-0.15,negative
0.3,0.5,1,1,0.7482949549720432,0.7482949549720432,0.6407713648162445,-0.1075235901557987,-0.2,negative
0.3,0.55,1,1,0.7482949549720432,0.7482949549720432,0.6185512332838654,-0.1297437216881778,-0.25,negative
0.3,0.6000000000000001,1,1,0.7482949549720432,0.7482949549720432,0.5978205152599111,-0.1504744397121321,-0.3,negative
0.3,0.65,1,1,0.7482949549720432,0.7482949549720432,0.5784343140611526,-0.1698606409108906,-0.35,negative
0.3,0.7000000000000001,1,1,0.7482949549720432,0.7482949549720432,0.5602659375778318,-0.1880290173942114,-0.4,negative
0.3,0.75,1,1,0.7482949549720432,0.7482949549720432,0.5432041263489803,-0.2050908286230629,-0.45,negative
0.3,0.8,1,1,0.7482949549720432,0.7482949549720432,0.5271507731511542,-0.221144181820889,-0.5,negative
0.3,0.8500000000000001,1,1,0.7482949549720432,0.7482949549720432,0.5120190353391535,-0.2362759196328897,-0.55,negative
0.3,0.9,1,1,0.7482949549720432,0.7482949549720432,0.4977317632238409,-0.2505631917482023,-0.6,negative
0.3,0.9500000000000001,1,1,0.7482949549720432,0.7482949549720432,0.484220184432381,-0.2640747705396622,-0.65,negative
0.3,1,1,1,0.7482949549720432,0.7482949549720432,0.4714227968936352,-0.276872158078408,-0.7,negative
0.35,0.05,1,1,0.7482949549720432,0.7482949549720432,0.9541501634102879,0.2058552084382447,0.3,positive
0.35,0.1,1,1,0.7482949549720432,0.7482949549720432,0.9123204211816519,0.1640254662096087,0.25,positive
0.35,0.15,1,1,0.7482949549720432,0.7482949549720432,0.8740042585443465,0.1257093035723033,0.2,positive
0.35,0.2,1,1,0.7482949549720432,0.7482949549720432,0.8387768226491796,0.0904818676771364,0.15,positive
0.35,0.25,1,1,0.7482949549720432,0.7482949549720432,0.8062791029470082,0.05798414797496498,0.1,positive
0.35,0.3,1,1,0.7482949549720432,0.7482949549720432,0.7762056519098909,0.02791069693784765,0.04999999999999999,positive
0.35,0.35,1,1,0.7482949549720432,0.7482949549720432,0.7482949549720432,0,0,zero
0.35,0.4,1,1,0.7482949549720432,0.7482949549720432,0.7223218060138448,-0.02597314895819847,-0.04999999999999999,negative
0.35,0.45,1,1,0.7482949549720432,0.7482949549720432,0.6980912174514068,-0.05020373752063645,-0.09999999999999998,negative
0.35,0.5,1,1,0.7482949549720432,0.7482949549720432,0.6754335162746303,-0.07286143869741291,-0.15,negative
0.35,0.55,1,1,0.7482949549720432,0.7482949549720432,0.6542003650606708,-0.09409458991137243,-0.2,negative
0.35,0.6000000000000001,1,1,0.7482949549720432,0.7482949549720432,0.634261510621667,-0.1140334443503762,-0.2500000000000001,negative
0.35,0.65,1,1,0.7482949549720432,0.7482949549720432,0.6155021096392799,-0.1327928453327634,-0.3,negative
0.35,0.7000000000000001,1,1,0.7482949549720432,0.7482949549720432,0.597820515259911,-0.1504744397121323,-0.35,negative
0.35,0.75,1,1,0.7482949549720432,0.7482949549720432,0.5811264345446252,-0.167168520427418,-0.4,negative
0.35,0.8,1,1,0.7482949549720432,0.7482949549720432,0.5653393862505504,-0.1829555687214929,-0.45,negative
0.35,0.8500000000000001,1,1,0.7482949549720432,0.7482949549720432,0.5503874033420125,-0.1979075516300307,-0.5,negative
0.35,0.9,1,1,0.7482949549720432,0.7482949549720432,0.5362059360908804,-0.2120890188811628,-0.55,negative
0.35,0.9500000000000001,1,1,0.7482949549720432,0.7482949549720432,0.5227369204957654,-0.2255580344762779,-0.6000000000000001,negative
0.35,1,1,1,0.7482949549720432,0.7482949549720432,0.5099279836637267,-0.2383669713083165,-0.6499999999999999,negative
0.4,0.05,1,1,0.7482949549720432,0.7482949549720432,0.959650138665426,0.2113551836933828,0.35,positive
0.4,0.1,1,1,0.7482949549720432,0.7482949549720432,0.922430207694145,0.1741352527221017,0.3,positive
0.4,0.15,1,1,0.7482949549720432,0.7482949549720432,0.8879896224043162,0.139694667432273,0.25,positive
0.4,0.2,1,1,0.7482949549720432,0.7482949549720432,0.8560282723964151,0.1077333174243719,0.2,positive
0.4,0.25,1,1,0.7482949549720432,0.7482949549720432,0.8262877535522639,0.07799279858022068,0.15,positive
0.4,0.3,1,1,0.7482949549720432,0.7482949549720432,0.7985443663972538,0.05024941142521056,0.09999999999999998,positive
0.4,0.35,1,1,0.7482949549720432,0.7482949549720432,0.7726034791609124,0.0243085241888692,0.04999999999999999,positive
0.4,0.4,1,1,0.7482949549720432,0.7482949549720432,0.7482949549720432,0,0,zero
0.4,0.45,1,1,0.7482949549720432,0.7482949549720432,0.7254694159703892,-0.02282553900165407,-0.04999999999999999,negative
0.4,0.5,1,1,0.7482949549720432,0.7482949549720432,0.7039951709228907,-0.04429978404915258,-0.09999999999999998,negative
0.4,0.55,1,1,0.7482949549720432,0.7482949549720432,0.6837556728166316,-0.0645392821554116,-0.15,negative
0.4,0.6000000000000001,1,1,0.7482949549720432,0.7482949549720432,0.6646474027531901,-0.08364755221885312,-0.2000000000000001,negative
0.4,0.65,1,1,0.7482949549720432,0.7482949549720432,0.6465780990174885,-0.1017168559545547,-0.25,negative
0.4,0.7000000000000001,1,1,0.7482949549720432,0.7482949549720432,0.6294652673715712,-0.1188296876004721,-0.3,negative
0.4,0.75,1,1,0.7482949549720432,0.7482949549720432,0.6132349218149207,-0.1350600331571226,-0.35,negative
0.4,0.8,1,1,0.7482949549720432,0.7482949549720432,0.5978205152599111,-0.1504744397121321,-0.4,negative
0.4,0.8500000000000001,1,1,0.7482949549720432,0.7482949549720432,0.5831620275255235,-0.1651329274465198,-0.4500000000000001,negative
0.4,0.9,1,1,0.7482949549720432,0.7482949549720432,0.5692051842935882,-0.179089770678455,-0.5,negative
0.4,0.9500000000000001,1,1,0.7482949549720432,0.7482949549720432,0.5559007856000535,-0.1923941693719897,-0.55,negative
0.4,1,1,1,0.7482949549720432,0.7482949549720432,0.5432041263489803,-0.2050908286230629,-0.6,negative
0.45,0.05,1,1,0.7482949549720432,0.7482949549720432,0.9639719313052693,0.215676976333226,0.4,positive
0.45,0.1,1,1,0.7482949549720432,0.7482949549720432,0.930449628184067,0.1821546732120237,0.35,positive
0.45,0.15,1,1,0.7482949549720432,0.7482949549720432,0.8991804605051881,0.1508855055331448,0.3,positive
0.45,0.2,1,1,0.7482949549720432,0.7482949549720432,0.8699446540365422,0.121649699064499,0.25,positive
0.45,0.25,1,1,0.7482949549720432,0.7482949549720432,0.8425501172876916,0.09425516231564834,0.2,positive
0.45,0.3,1,1,0.7482949549720432,0.7482949549720432,0.8168282159288706,0.06853326095682732,0.15,positive
0.45,0.35,1,1,0.7482949549720432,0.7482949549720432,0.7926302982878348,0.04433534331579159,0.09999999999999998,positive
0.45,0.4,1,1,0.7482949549720432,0.7482949549720432,0.7698248206549994,0.02152986568295612,0.04999999999999999,positive
0.45,0.45,1,1,0.7482949549720432,0.7482949549720432,0.7482949549720432,0,0,zero
0.45,0.5,1,1,0.7482949549720432,0.7482949549720432,0.7279365870367561,-0.02035836793528711,-0.04999999999999999,negative
0.45,0.55,1,1,0.7482949549720432,0.7482949549720432,0.708656632822289,-0.03963832214975427,-0.1,negative
0.45,0.6000000000000001,1,1,0.7482949549720432,0.7482949549720432,0.6903716154540791,-0.05792333951796413,-0.1500000000000001,negative
0.45,0.65,1,1,0.7482949549720432,0.7482949549720432,0.6730064569495572,-0.07528849802248605,-0.2,negative
0.45,0.7000000000000001,1,1,0.7482949549720432,0.7482949549720432,0.6564934478344202,-0.09180150713762303,-0.2500000000000001,negative
0.45,0.75,1,1,0.7482949549720432,0.7482949549720432,0.6407713648162445,-0.1075235901557987,-0.3,negative
0.45,0.8,1,1,0.7482949549720432,0.7482949549720432,0.625784712275603,-0.1225102426964403,-0.35,negative
0.45,0.8500000000000001,1,1,0.7482949549720432,0.7482949549720432,0.6114830677666715,-0.1368118872053717,-0.4000000000000001,negative
0.45,0.9,1,1,0.7482949549720432,0.7482949549720432,0.5978205152599111,-0.1504744397121321,-0.45,negative
0.45,0.9500000000000001,1,1,0.7482949549720432,0.7482949549720432,0.5847551527036082,-0.163539802268435,-0.5,negative
0.45,1,1,1,0.7482949549720432,0.7482949549720432,0.5722486627777807,-0.1760462921942625,-0.55,negative
0.5,0.05,1,1,0.7482949549720432,0.7482949549720432,0.9674574938098907,0.2191625388378474,0.45,positive
0.5,0.1,1,1,0.7482949549720432,0.7482949549720432,0.9369662633837998,0.1886713084117566,0.4,positive
0.5,0.15,1,1,0.7482949549720432,0.7482949549720432,0.9083382852678088,0.1600433302957656,0.35,positive
0.5,0.2,1,1,0.7482949549720432,0.7482949549720432,0.8814078341166363,0.133112879144593,0.3,positive
0.5,0.25,1,1,0.7482949549720432,0.7482949549720432,0.8560282723964151,0.1077333174243719,0.25,positive
0.5,0.3,1,1,0.7482949549720432,0.7482949549720432,0.8320693791946752,0.08377442422263193,0.2,positive
0.5,0.35,1,1,0.7482949549720432,0.7482949549720432,0.8094151153918474,0.06112016041980417,0.15,positive
0.5,0.4,1,1,0.7482949549720432,0.7482949549720432,0.7879617442346197,0.0396667892625765,0.09999999999999998,positive
0.5,0.45,1,1,0.7482949549720432,0.7482949549720432,0.7676162430747759,0.0193212881027327,0.04999999999999999,positive
0.5,0.5,1,1,0.7482949549720432,0.7482949549720432,0.7482949549720432,0,0,zero
0.5,0.55,1,1,0.7482949549720432,0.7482949549720432,0.7299224389361103,-0.01837251603593293,-0.05000000000000004,negative
0.5,0.6000000000000001,1,1,0.7482949549720432,0.7482949549720432,0.7124304854863186,-0.03586446948572464,-0.1000000000000001,negative
0.5,0.65,1,1,0.7482949549720432,0.7482949549720432,0.6957572704461875,-0.05253768452585572,-0.15,negative
0.5,0.7000000000000001,1,1,0.7482949549720432,0.7482949549720432,0.6798466248445977,-0.06844833012744556,-0.2000000000000001,negative
0.5,0.75,1,1,0.7482949549720432,0.7482949549720432,0.6646474027531901,-0.08364755221885312,-0.25,negative
0.5,0.8,1,1,0.7482949549720432,0.7482949549720432,0.6501129320683332,-0.09818202290371003,-0.3,negative
0.5,0.8500000000000001,1,1,0.7482949549720432,0.7482949549720432,0.636200535812582,-0.1120944191594613,-0.3500000000000001,negative
0.5,0.9,1,1,0.7482949549720432,0.7482949549720432,0.6228711136131534,-0.1254238413588898,-0.4,negative
0.5,0.9500000000000001,1,1,0.7482949549720432,0.7482949549720432,0.6100887747128984,-0.1382061802591449,-0.4500000000000001,negative
0.5,1,1,1,0.7482949549720432,0.7482949549720432,0.597820515259911,-0.1504744397121323,-0.5,negative
0.55,0.05,1,1,0.7482949549720432,0.7482949549720432,0.9703281218929032,0.2220331669208599,0.5,positive
0.55,0.1,1,1,0.7482949549720432,0.7482949549720432,0.9423663426418049,0.1940713876697616,0.4500000000000001,positive
0.55,0.15,1,1,0.7482949549720432,0.7482949549720432,0.9159709642888648,0.1676760093168216,0.4,positive
0.55,0.2,1,1,0.7482949549720432,0.7482949549720432,0.8910139499490682,0.142718994977025,0.35,positive
0.55,0.25,1,1,0.7482949549720432,0.7482949549720432,0.86738084685201,0.1190858918799668,0.3,positive
0.55,0.3,1,1,0.7482949549720432,0.7482949549720432,0.8449690313765237,0.09667407640448045,0.25,positive
0.55,0.35,1,1,0.7482949549720432,0.7482949549720432,0.8236862193063775,0.0753912643343343,0.2,positive
0.55,0.4,1,1,0.7482949549720432,0.7482949549720432,0.8034491956938026,0.05515424072175934,0.15,positive
0.55,0.45,1,1,0.7482949549720432,0.7482949549720432,0.784182727467946,0.0358877724959028,0.1,positive
0.55,0.5,1,1,0.7482949549720432,0.7482949549720432,0.7658186288314308,0.01752367385938758,0.05000000000000004,positive
0.55,0.55,1,1,0.7482949549720432,0.7482949549720432,0.7482949549720432,0,0,zero
0.55,0.6000000000000001,1,1,0.7482949549720432,0.7482949549720432,0.7315553039963308,-0.01673965097571239,-0.05000000000000004,negative
0.55,0.65,1,1,0.7482949549720432,0.7482949549720432,0.7155482105091558,-0.03274674446288739,-0.09999999999999998,negative
0.55,0.7000000000000001,1,1,0.7482949549720432,0.7482949549720432,0.7002266171026956,-0.04806833786934761,-0.15,negative
0.55,0.75,1,1,0.7482949549720432,0.7482949549720432,0.6855474123221035,-0.06274754264993976,-0.2,negative
0.55,0.8,1,1,0.7482949549720432,0.7482949549720432,0.6714710255530445,-0.07682392941899874,-0.25,negative
0.55,0.8500000000000001,1,1,0.7482949549720432,0.7482949549720432,0.6579610708142553,-0.09033388415778798,-0.3,negative
0.55,0.9,1,1,0.7482949549720432,0.7482949549720432,0.6449840327032135,-0.1033109222688298,-0.35,negative
0.55,0.9500000000000001,1,1,0.7482949549720432,0.7482949549720432,0.6325089887877471,-0.1157859661842962,-0.4,negative
0.55,1,1,1,0.7482949549720432,0.7482949549720432,0.6205073636027459,-0.1277875913692973,-0.45,negative
0.6000000000000001,0.05,1,1,0.7482949549720432,0.7482949549720432,0.9727333573604287,0.2244384023883854,0.55,positive
0.6000000000000001,0.1,1,1,0.7482949549720432,0.7482949549720432,0.9469141866234273,0.1986192316513841,0.5000000000000001,positive
0.6000000000000001,0.15,1,1,0.7482949549720432,0.7482949549720432,0.922430207694145,0.1741352527221017,0.4500000000000001,positive
0.6000000000000001,0.2,1,1,0.7482949549720432,0.7482949549720432,0.8991804605051881,0.1508855055331448,0.4000000000000001,positive
0.6000000000000001,0.25,1,1,0.7482949549720432,0.7482949549720432,0.8770739134899459,0.1287789585179027,0.3500000000000001,positive
0.6000000000000001,0.3,1,1,0.7482949549720432,0.7482949549720432,0.8560282723964151,0.1077333174243719,0.3,positive
0.6000000000000001,0.35,1,1,0.7482949549720432,0.7482949549720432,0.8359689565794631,0.08767400160741989,0.2500000000000001,positive
0.6000000000000001,0.4,1,1,0.7482949549720432,0.7482949549720432,0.8168282159288706,0.06853326095682732,0.2000000000000001,positive
0.6000000000000001,0.45,1,1,0.7482949549720432,0.7482949549720432,0.7985443663972538,0.05024941142521056,0.1500000000000001,positive
0.6000000000000001,0.5,1,1,0.7482949549720432,0.7482949549720432,0.7810611259515815,0.03276617097953827,0.1000000000000001,positive
0.6000000000000001,0.55,1,1,0.7482949549720432,0.7482949549720432,0.7643270358873866,0.01603208091534336,0.05000000000000004,positive
0.6000000000000001,0.6000000000000001,1,1,0.7482949549720432,0.7482949549720432,0.7482949549720432,0,0,zero
0.6000000000000001,0.65,1,1,0.7482949549720432,0.7482949549720432,0.7329216159434591,-0.01537333902858418,-0.04999999999999993,negative
0.6000000000000001,0.7000000000000001,1,1,0.7482949549720432,0.7482949549720432,0.7181672355772796,-0.03012771939476366,-0.09999999999999998,negative
0.6000000000000001,0.75,1,1,0.7482949549720432,0.7482949549720432,0.7039951709228907,-0.04429978404915258,-0.1499999999999999,negative
0.6000000000000001,0.8,1,1,0.7482949549720432,0.7482949549720432,0.6903716154540792,-0.05792333951796402,-0.2,negative
0.6000000000000001,0.8500000000000001,1,1,0.7482949549720432,0.7482949549720432,0.677265329830064,-0.07102962514197919,-0.25,negative
0.6000000000000001,0.9,1,1,0.7482949549720432,0.7482949549720432,0.6646474027531901,-0.08364755221885312,-0.2999999999999999,negative
0.6000000000000001,0.9500000000000001,1,1,0.7482949549720432,0.7482949549720432,0.6524910380700208,-0.09580391690202239,-0.35,negative
0.6000000000000001,1,1,1,0.7482949549720432,0.7482949549720432,0.6407713648162445,-0.1075235901557987,-0.3999999999999999,negative
0.65,0.05,1,1,0.7482949549720432,0.7482949549720432,0.9747778896966837,0.2264829347246404,0.6,positive
0.65,0.1,1,1,0.7482949549720432,0.7482949549720432,0.9507967882279591,0.2025018332559159,0.55,positive
0.65,0.15,1,1,0.7482949549720432,0.7482949549720432,0.9279673023797002,0.1796723474076569,0.5,positive
0.65,0.2,1,1,0.7482949549720432,0.7482949549720432,0.9062084232682825,0.1579134682962393,0.45,positive
0.65,0.25,1,1,0.7482949549720432,0.7482949549720432,0.8854465658867322,0.137151610914689,0.4,positive
0.65,0.3,1,1,0.7482949549720432,0.7482949549720432,0.8656147377217166,0.1173197827496734,0.35,positive
0.65,0.35,1,1,0.7482949549720432,0.7482949549720432,0.8466518166485988,0.09835686167655555,0.3,positive
0.65,0.4,1,1,0.7482949549720432,0.7482949549720432,0.8285019217062001,0.08020696673415684,0.25,positive
0.65,0.45,1,1,0.7482949549720432,0.7482949549720432,0.8111138631061788,0.0628189081341356,0.2,positive
0.65,0.5,1,1,0.7482949549720432,0.7482949549720432,0.7944406600758342,0.04614570510379101,0.15,positive
0.65,0.55,1,1,0.7482949549720432,0.7482949549720432,0.7784391169702781,0.03014416199823489,0.09999999999999998,positive
0.65,0.6000000000000001,1,1,0.7482949549720432,0.7482949549720432,0.7630694496005952,0.01477449462855196,0.04999999999999993,positive
0.65,0.65,1,1,0.7482949549720432,0.7482949549720432,0.7482949549720432,0,0,zero
0.65,0.7000000000000001,1,1,0.7482949549720432,0.7482949549720432,0.7340817186605317,-0.0142132363115115,-0.05000000000000004,negative
0.65,0.75,1,1,0.7482949549720432,0.7482949549720432,0.7203983549163085,-0.02789660005573469,-0.09999999999999998,negative
0.65,0.8,1,1,0.7482949549720432,0.7482949549720432,0.7072157753027233,-0.04107917966931995,-0.15,negative
0.65,0.8500000000000001,1,1,0.7482949549720432,0.7482949549720432,0.6945069822806063,-0.05378797269143698,-0.2000000000000001,negative
0.65,0.9,1,1,0.7482949549720432,0.7482949549720432,0.6822468846557163,-0.06604807031632698,-0.25,negative
0.65,0.9500000000000001,1,1,0.7482949549720432,0.7482949549720432,0.6704121322344877,-0.07788282273755553,-0.3,negative
0.65,1,1,1,0.7482949549720432,0.7482949549720432,0.6589809673954394,-0.0893139875766038,-0.35,negative
0.7000000000000001,0.05,1,1,0.7482949549720432,0.7482949549720432,0.9765371989071213,0.2282422439350781,0.65,positive
0.7000000000000001,0.1,1,1,0.7482949549720432,0.7482949549720432,0.9541501634102879,0.2058552084382447,0.6000000000000001,positive
0.7000000000000001,0.15,1,1,0.7482949549720432,0.7482949549720432,0.9327665660944005,0.1844716111223572,0.55,positive
0.7000000000000001,0.2,1,1,0.7482949549720432,0.7482949549720432,0.9123204211816519,0.1640254662096087,0.5,positive
0.7000000000000001,0.25,1,1,0.7482949549720432,0.7482949549720432,0.8927514043998354,0.1444564494277921,0.4500000000000001,positive
0.7000000000000001,0.3,1,1,0.7482949549720432,0.7482949549720432,0.8740042585443465,0.1257093035723033,0.4,positive
0.7000000000000001,0.35,1,1,0.7482949549720432,0.7482949549720432,0.8560282723964151,0.1077333174243719,0.35,positive
0.7000000000000001,0.4,1,1,0.7482949549720432,0.7482949549720432,0.8387768226491796,0.0904818676771364,0.3,positive
0.7000000000000001,0.45,1,1,0.7482949549720432,0.7482949549720432,0.8222069701286628,0.0739120151566196,0.2500000000000001,positive
0.7000000000000001,0.5,1,1,0.7482949549720432,0.7482949549720432,0.8062791029470082,0.05798414797496498,0.2000000000000001,positive
0.7000000000000001,0.55,1,1,0.7482949549720432,0.7482949549720432,0.7909566203446906,0.04266166537264737,0.15,positive
0.7000000000000001,0.6000000000000001,1,1,0.7482949549720432,0.7482949549720432,0.7762056519098909,0.02791069693784765,0.09999999999999998,positive
0.7000000000000001,0.65,1,1,0.7482949549720432,0.7482949549720432,0.7619948076412147,0.01369985266917151,0.05000000000000004,positive
0.7000000000000001,0.7000000000000001,1,1,0.7482949549720432,0.7482949549720432,0.7482949549720432,0,0,zero
0.7000000000000001,0.75,1,1,0.7482949549720432,0.7482949549720432,0.7350790194232549,-0.0132159355487883,-0.04999999999999993,negative
0.7000000000000001,0.8,1,1,0.7482949549720432,0.7482949549720432,0.7223218060138448,-0.02597314895819847,-0.09999999999999998,negative
0.7000000000000001,0.8500000000000001,1,1,0.7482949549720432,0.7482949549720432,0.7099998389507015,-0.03829511602134172,-0.15,negative
0.7000000000000001,0.9,1,1,0.7482949549720432,0.7482949549720432,0.6980912174514068,-0.05020373752063645,-0.2,negative
0.7000000000000001,0.9500000000000001,1,1,0.7482949549720432,0.7482949549720432,0.6865754858371401,-0.06171946913490312,-0.25,negative
0.7000000000000001,1,1,1,0.7482949549720432,0.7482949549720432,0.6754335162746303,-0.07286143869741291,-0.2999999999999999,negative
0.75,0.05,1,1,0.7482949549720432,0.7482949549720432,0.9780670784616171,0.2297721234895739,0.7,positive
0.75,0.1,1,1,0.7482949549720432,0.7482949549720432,0.9570756141110205,0.2087806591389773,0.65,positive
0.75,0.15,1,1,0.7482949549720432,0.7482949549720432,0.9369662633837998,0.1886713084117566,0.6,positive
0.75,0.2,1,1,0.7482949549720432,0.7482949549720432,0.9176845676067089,0.1693896126346657,0.55,positive
0.75,0.25,1,1,0.7482949549720432,0.7482949549720432,0.8991804605051881,0.1508855055331448,0.5,positive
0.75,0.3,1,1,0.7482949549720432,0.7482949549720432,0.8814078341166363,0.133112879144593,0.45,positive
0.75,0.35,1,1,0.7482949549720432,0.7482949549720432,0.864324155185183,0.1160292002131398,0.4,positive
0.75,0.4,1,1,0.7482949549720432,0.7482949549720432,0.847890125319068,0.09959517034702481,0.35,positive
0.75,0.45,1,1,0.7482949549720432,0.7482949549720432,0.8320693791946752,0.08377442422263193,0.3,positive
0.75,0.5,1,1,0.7482949549720432,0.7482949549720432,0.8168282159288706,0.06853326095682732,0.25,positive
0.75,0.55,1,1,0.7482949549720432,0.7482949549720432,0.8021353594432941,0.05384040447125082,0.2,positive
0.75,0.6000000000000001,1,1,0.7482949549720432,0.7482949549720432,0.7879617442346197,0.0396667892625765,0.1499999999999999,positive
0.75,0.65,1,1,0.7482949549720432,0.7482949549720432,0.7742803234629089,0.02598536849086563,0.09999999999999998,positive
0.75,0.7000000000000001,1,1,0.7482949549720432,0.7482949549720432,0.7610658966917797,0.01277094171973647,0.04999999999999993,positive
0.75,0.75,1,1,0.7482949549720432,0.7482949549720432,0.7482949549720432,0,0,zero
0.75,0.8,1,1,0.7482949549720432,0.7482949549720432,0.735945541265224,-0.01234941370681919,-0.05000000000000004,negative
0.75,0.8500000000000001,1,1,0.7482949549720432,0.7482949549720432,0.7239971244636132,-0.02429783050843004,-0.1000000000000001,negative
0.75,0.9,1,1,0.7482949549720432,0.7482949549720432,0.7124304854863186,-0.03586446948572464,-0.15,negative
0.75,0.9500000000000001,1,1,0.7482949549720432,0.7482949549720432,0.7012276141220594,-0.04706734084998387,-0.2000000000000001,negative
0.75,1,1,1,0.7482949549720432,0.7482949549720432,0.6903716154540791,-0.05792333951796413,-0.25,negative
0.8,0.05,1,1,0.7482949549720432,0.7482949549720432,0.9794096606641972,0.231114705692154,0.75,positive
0.8,0.1,1,1,0.7482949549720432,0.7482949549720432,0.959650138665426,0.2113551836933828,0.7000000000000001,positive
0.8,0.15,1,1,0.7482949549720432,0.7482949549720432,0.9406721433918472,0.192377188419804,0.65,positive
0.8,0.2,1,1,0.7482949549720432,0.7482949549720432,0.922430207694145,0.1741352527221017,0.6000000000000001,positive
0.8,0.25,1,1,0.7482949549720432,0.7482949549720432,0.9048823242066575,0.1565873692346142,0.55,positive
0.8,0.3,1,1,0.7482949549720432,0.7482949549720432,0.8879896224043162,0.139694667432273,0.5,positive
0.8,0.35,1,1,0.7482949549720432,0.7482949549720432,0.8717160811696426,0.1234211261975994,0.45,positive
0.8,0.4,1,1,0.7482949549720432,0.7482949549720432,0.8560282723964151,0.1077333174243719,0.4,positive
0.8,0.45,1,1,0.7482949549720432,0.7482949549720432,0.8408951317892719,0.09260017681722865,0.35,positive
0.8,0.5,1,1,0.7482949549720432,0.7482949549720432,0.8262877535522639,0.07799279858022068,0.3,positive
0.8,0.55,1,1,0.7482949549720432,0.7482949549720432,0.8121792061110942,0.06388425113905094,0.25,positive
0.8,0.6000000000000001,1,1,0.7482949549720432,0.7482949549720432,0.7985443663972538,0.05024941142521056,0.2,positive
0.8,0.65,1,1,0.7482949549720432,0.7482949549720432,0.7853597705487532,0.03706481557670993,0.15,positive
0.8,0.7000000000000001,1,1,0.7482949549720432,0.7482949549720432,0.7726034791609124,0.0243085241888692,0.09999999999999998,positive
0.8,0.75,1,1,0.7482949549720432,0.7482949549720432,0.7602549554593319,0.01196000048728862,0.05000000000000004,positive
0.8,0.8,1,1,0.7482949549720432,0.7482949549720432,0.7482949549720432,0,0,zero
0.8,0.8500000000000001,1,1,0.7482949549720432,0.7482949549720432,0.736705425454151,-0.01158952951789227,-0.05000000000000004,negative
0.8,0.9,1,1,0.7482949549720432,0.7482949549720432,0.7254694159703892,-0.02282553900165407,-0.09999999999999998,negative
0.8,0.9500000000000001,1,1,0.7482949549720432,0.7482949549720432,0.7145709941725662,-0.03372396079947704,-0.15,negative
0.8,1,1,1,0.7482949549720432,0.7482949549720432,0.7039951709228907,-0.04429978404915258,-0.2,negative
0.8500000000000001,0.05,1,1,0.7482949549720432,0.7482949549720432,0.980597356683368,0.2323024017113248,0.8,positive
0.8500000000000001,0.1,1,1,0.7482949549720432,0.7482949549720432,0.9619333078173989,0.2136383528453557,0.7500000000000001,positive
0.8500000000000001,0.15,1,1,0.7482949549720432,0.7482949549720432,0.9439664673458236,0.1956715123737803,0.7000000000000001,positive
0.8500000000000001,0.2,1,1,0.7482949549720432,0.7482949549720432,0.9266584845284586,0.1783635295564153,0.6500000000000001,positive
0.8500000000000001,0.25,1,1,0.7482949549720432,0.7482949549720432,0.9099737706831448,0.1616788157111015,0.6000000000000001,positive
0.8500000000000001,0.3,1,1,0.7482949549720432,0.7482949549720432,0.8938792549260347,0.1455842999539915,0.55,positive
0.8500000000000001,0.35,1,1,0.7482949549720432,0.7482949549720432,0.8783441653824094,0.1300492104103662,0.5,positive
0.8500000000000001,0.4,1,1,0.7482949549720432,0.7482949549720432,0.8633398328223222,0.1150448778502789,0.4500000000000001,positive
0.8500000000000001,0.45,1,1,0.7482949549720432,0.7482949549720432,0.8488395140845947,0.1005445591125514,0.4000000000000001,positive
0.8500000000000001,0.5,1,1,0.7482949549720432,0.7482949549720432,0.8348182330010963,0.08652327802905302,0.3500000000000001,positive
0.8500000000000001,0.55,1,1,0.7482949549720432,0.7482949549720432,0.8212526368306763,0.07295768185863305,0.3,positive
0.8500000000000001,0.6000000000000001,1,1,0.7482949549720432,0.7482949549720432,0.8081208664667633,0.05982591149472005,0.25,positive
0.8500000000000001,0.65,1,1,0.7482949549720432,0.7482949549720432,0.7954024389012143,0.04710748392917108,0.2000000000000001,positive
0.8500000000000001,0.7000000000000001,1,1,0.7482949549720432,0.7482949549720432,0.7830781406150897,0.0347831856430465,0.15,positive
0.8500000000000001,0.75,1,1,0.7482949549720432,0.7482949549720432,0.7711299307292929,0.02283497575724969,0.1000000000000001,positive
0.8500000000000001,0.8,1,1,0.7482949549720432,0.7482949549720432,0.7595408528883273,0.01124589791628405,0.05000000000000004,positive
0.8500000000000001,0.8500000000000001,1,1,0.7482949549720432,0.7482949549720432,0.7482949549720432,0,0,zero
0.8500000000000001,0.9,1,1,0.7482949549720432,0.7482949549720432,0.7373772158358926,-0.01091773913615068,-0.04999999999999993,negative
0.8500000000000001,0.9500000000000001,1,1,0.7482949549720432,0.7482949549720432,0.726773478372185,-0.02152147659985826,-0.09999999999999998,negative
0.8500000000000001,1,1,1,0.7482949549720432,0.7482949549720432,0.7164703882650798,-0.03182456670696343,-0.1499999999999999,negative
0.9,0.05,1,1,0.7482949549720432,0.7482949549720432,0.9816555073316214,0.2333605523595782,0.85,positive
0.9,0.1,1,1,0.7482949549720432,0.7482949549720432,0.9639719313052693,0.215676976333226,0.8,positive
0.9,0.15,1,1,0.7482949549720432,0.7482949549720432,0.9469141866234272,0.198619231651384,0.75,positive
0.9,0.2,1,1,0.7482949549720432,0.7482949549720432,0.930449628184067,0.1821546732120237,0.7,positive
0.9,0.25,1,1,0.7482949549720432,0.7482949549720432,0.9145478425606783,0.1662528875886351,0.65,positive
0.9,0.3,1,1,0.7482949549720432,0.7482949549720432,0.8991804605051881,0.1508855055331448,0.6,positive
0.9,0.35,1,1,0.7482949549720432,0.7482949549720432,0.8843209880418585,0.1360260330698153,0.55,positive
0.9,0.4,1,1,0.7482949549720432,0.7482949549720432,0.8699446540365422,0.121649699064499,0.5,positive
0.9,0.45,1,1,0.7482949549720432,0.7482949549720432,0.8560282723964151,0.1077333174243719,0.45,positive
0.9,0.5,1,1,0.7482949549720432,0.7482949549720432,0.8425501172876916,0.09425516231564834,0.4,positive
0.9,0.55,1,1,0.7482949549720432,0.7482949549720432,0.829489809958785,0.08119485498674173,0.35,positive
0.9,0.6000000000000001,1,1,0.7482949549720432,0.7482949549720432,0.8168282159288706,0.06853326095682732,0.2999999999999999,positive
0.9,0.65,1,1,0.7482949549720432,0.7482949549720432,0.8045473514509561,0.05625239647891289,0.25,positive
0.9,0.7000000000000001,1,1,0.7482949549720432,0.7482949549720432,0.7926302982878348,0.04433534331579159,0.2,positive
0.9,0.75,1,1,0.7482949549720432,0.7482949549720432,0.7810611259515815,0.03276617097953827,0.15,positive
0.9,0.8,1,1,0.7482949549720432,0.7482949549720432,0.7698248206549994,0.02152986568295612,0.09999999999999998,positive
0.9,0.8500000000000001,1,1,0.7482949549720432,0.7482949549720432,0.7589072203087012,0.01061226533665793,0.04999999999999993,positive
0.9,0.9,1,1,0.7482949549720432,0.7482949549720432,0.7482949549720432,0,0,zero
0.9,0.9500000000000001,1,1,0.7482949549720432,0.7482949549720432,0.7379753922314246,-0.01031956274061863,-0.05000000000000004,negative
0.9,1,1,1,0.7482949549720432,0.7482949549720432,0.7279365870367561,-0.02035836793528711,-0.09999999999999998,negative
0.9500000000000001,0.05,1,1,0.7482949549720432,0.7482949549720432,0.9826042113184872,0.234309256346444,0.9,positive
0.9500000000000001,0.1,1,1,0.7482949549720432,0.7482949549720432,0.9658033011831969,0.2175083462111537,0.8500000000000001,positive
0.9500000000000001,0.15,1,1,0.7482949549720432,0.7482949549720432,0.94956726824398,0.2012723132719367,0.8,positive
0.9500000000000001,0.2,1,1,0.7482949549720432,0.7482949549720432,0.9338680951971194,0.1855731402250762,0.75,positive
0.9500000000000001,0.25,1,1,0.7482949549720432,0.7482949549720432,0.9186795874418558,0.1703846324698126,0.7000000000000001,positive
0.9500000000000001,0.3,1,1,0.7482949549720432,0.7482949549720432,0.9039772272295608,0.1556822722575175,0.65,positive
0.9500000000000001,0.35,1,1,0.7482949549720432,0.7482949549720432,0.8897380415973085,0.1414430866252653,0.6000000000000001,positive
0.9500000000000001,0.4,1,1,0.7482949549720432,0.7482949549720432,0.87594048258952,0.1276455276174767,0.55,positive
0.9500000000000001,0.45,1,1,0.7482949549720432,0.7482949549720432,0.8625643184541547,0.1142693634821115,0.5,positive
0.9500000000000001,0.5,1,1,0.7482949549720432,0.7482949549720432,0.849590534657975,0.1012955796859317,0.4500000000000001,positive
0.9500000000000001,0.55,1,1,0.7482949549720432,0.7482949549720432,0.8370012437023864,0.08870628873034314,0.4,positive
0.9500000000000001,0.6000000000000001,1,1,0.7482949549720432,0.7482949549720432,0.8247796028403306,0.07648464786828735,0.35,positive
0.9500000000000001,0.65,1,1,0.7482949549720432,0.7482949549720432,0.8129097388982708,0.06461478392622755,0.3,positive
0.9500000000000001,0.7000000000000001,1,1,0.7482949549720432,0.7482949549720432,0.8013766794976513,0.05308172452560811,0.25,positive
0.9500000000000001,0.75,1,1,0.7482949549720432,0.7482949549720432,0.7901662900491806,0.04187133507713736,0.2000000000000001,positive
0.9500000000000001,0.8,1,1,0.7482949549720432,0.7482949549720432,0.7792652159624456,0.03097026099040234,0.15,positive
0.9500000000000001,0.8500000000000001,1,1,0.7482949549720432,0.7482949549720432,0.7686608295740607,0.02036587460201744,0.09999999999999998,positive
0.9500000000000001,0.9,1,1,0.7482949549720432,0.7482949549720432,0.7583411813509109,0.01004622637886765,0.05000000000000004,positive
0.9500000000000001,0.9500000000000001,1,1,0.7482949549720432,0.7482949549720432,0.7482949549720432,0,0,zero
0.9500000000000001,1,1,1,0.7482949549720432,0.7482949549720432,0.7385114259342308,-0.009783529037812433,-0.04999999999999993,negative
1,0.05,1,1,0.7482949549720432,0.7482949549720432,0.9834596140996712,0.235164659127628,0.95,positive
1,0.1,1,1,0.7482949549720432,0.7482949549720432,0.9674574938098907,0.2191625388378474,0.9,positive
1,0.15,1,1,0.7482949549720432,0.7482949549720432,0.9519677850411477,0.2036728300691044,0.85,positive
1,0.2,1,1,0.7482949549720432,0.7482949549720432,0.9369662633837998,0.1886713084117566,0.8,positive
1,0.25,1,1,0.7482949549720432,0.7482949549720432,0.922430207694145,0.1741352527221017,0.75,positive
1,0.3,1,1,0.7482949549720432,0.7482949549720432,0.9083382852678088,0.1600433302957656,0.7,positive
1,0.35,1,1,0.7482949549720432,0.7482949549720432,0.8946704473799648,0.1463754924079216,0.6499999999999999,positive
1,0.4,1,1,0.7482949549720432,0.7482949549720432,0.8814078341166363,0.133112879144593,0.6,positive
1,0.45,1,1,0.7482949549720432,0.7482949549720432,0.8685326875470484,0.1202377325750051,0.55,positive
1,0.5,1,1,0.7482949549720432,0.7482949549720432,0.8560282723964151,0.1077333174243719,0.5,positive
1,0.55,1,1,0.7482949549720432,0.7482949549720432,0.8438788034739954,0.09558384850195212,0.45,positive
1,0.6000000000000001,1,1,0.7482949549720432,0.7482949549720432,0.8320693791946752,0.08377442422263193,0.3999999999999999,positive
1,0.65,1,1,0.7482949549720432,0.7482949549720432,0.820585920605394,0.0722909656333508,0.35,positive
1,0.7000000000000001,1,1,0.7482949549720432,0.7482949549720432,0.8094151153918474,0.06112016041980417,0.2999999999999999,positive
1,0.75,1,1,0.7482949549720432,0.7482949549720432,0.7985443663972537,0.05024941142521044,0.25,positive
1,0.8,1,1,0.7482949549720432,0.7482949549720432,0.7879617442346197,0.0396667892625765,0.2,positive
1,0.8500000000000001,1,1,0.7482949549720432,0.7482949549720432,0.7776559436177269,0.02936098864568371,0.1499999999999999,positive
1,0.9,1,1,0.7482949549720432,0.7482949549720432,0.7676162430747759,0.0193212881027327,0.09999999999999998,positive
1,0.9500000000000001,1,1,0.7482949549720432,0.7482949549720432,0.7578324677428868,0.009537512770843581,0.04999999999999993,positive
1,1,1,1,0.7482949549720432,0.7482949549720432,0.7482949549720432,0,0,zero
