treatment_pass_if_correct,treatment_pass_if_incorrect,control_pass_if_correct,control_pass_if_incorrect,latent_control_accuracy,latent_treatment_accuracy,latent_effect,accepted_control_accuracy,accepted_treatment_accuracy,accepted_effect,distortion,treatment_acceptance_odds_multiplier,zero_effect_boundary_lambda1,sign_reversed_relative_to_latent
0.05,0.05,0.98,0.9,0.7482949549720432,0.7952747143846032,0.04697975941255994,0.76399298673758,0.7952747143846032,0.03128172764702319,-0.01569803176553675,1,0.8333333725671752,False
0.05,0.1,0.98,0.9,0.7482949549720432,0.7952747143846032,0.04697975941255994,0.76399298673758,0.6601295115826855,-0.1038634751548945,-0.1508432345674544,0.5,0.8333333725671752,True
0.05,0.15,0.98,0.9,0.7482949549720432,0.7952747143846032,0.04697975941255994,0.76399298673758,0.5642444869067913,-0.1997484998307887,-0.2467282592433486,0.3333333333333333,0.8333333725671752,True
0.05,0.2,0.98,0.9,0.7482949549720432,0.7952747143846032,0.04697975941255994,0.76399298673758,0.4926815817567902,-0.2713114049807898,-0.3182911643933498,0.25,0.8333333725671752,True
0.05,0.25,0.98,0.9,0.7482949549720432,0.7952747143846032,0.04697975941255994,0.76399298673758,0.4372281130728897,-0.3267648736646903,-0.3737446330772502,0.2,0.8333333725671752,True
0.05,0.3,0.98,0.9,0.7482949549720432,0.7952747143846032,0.04697975941255994,0.76399298673758,0.3929948252061219,-0.3709981615314581,-0.417977920944018,0.1666666666666667,0.8333333725671752,True
0.05,0.35,0.98,0.9,0.7482949549720432,0.7952747143846032,0.04697975941255994,0.76399298673758,0.3568892242180352,-0.4071037625195448,-0.4540835219321047,0.1428571428571428,0.8333333725671752,True
0.05,0.4,0.98,0.9,0.7482949549720432,0.7952747143846032,0.04697975941255994,0.76399298673758,0.3268596573848106,-0.4371333293527694,-0.4841130887653293,0.125,0.8333333725671752,True
0.05,0.45,0.98,0.9,0.7482949549720432,0.7952747143846032,0.04697975941255994,0.76399298673758,0.301491404010883,-0.4625015827266969,-0.5094813421392569,0.1111111111111111,0.8333333725671752,True
0.05,0.5,0.98,0.9,0.7482949549720432,0.7952747143846032,0.04697975941255994,0.76399298673758,0.2797773089792487,-0.4842156777583312,-0.5311954371708911,0.1,0.8333333725671752,True
0.05,0.55,0.98,0.9,0.7482949549720432,0.7952747143846032,0.04697975941255994,0.76399298673758,0.2609808742252994,-0.5030121125122806,-0.5499918719248406,0.09090909090909091,0.8333333725671752,True
0.05,0.6000000000000001,0.98,0.9,0.7482949549720432,0.7952747143846032,0.04697975941255994,0.76399298673758,0.2445510639108734,-0.5194419228267066,-0.5664216822392666,0.08333333333333333,0.8333333725671752,True
0.05,0.65,0.98,0.9,0.7482949549720432,0.7952747143846032,0.04697975941255994,0.76399298673758,0.2300673838791788,-0.5339256028584012,-0.5809053622709611,0.07692307692307693,0.8333333725671752,True
0.05,0.7000000000000001,0.98,0.9,0.7482949549720432,0.7952747143846032,0.04697975941255994,0.76399298673758,0.2172033860883116,-0.5467896006492684,-0.5937693600618283,0.07142857142857142,0.8333333725671752,True
0.05,0.75,0.98,0.9,0.7482949549720432,0.7952747143846032,0.04697975941255994,0.76399298673758,0.2057017683903398,-0.5582912183472402,-0.6052709777598001,0.06666666666666667,0.8333333725671752,True
0.05,0.8,0.98,0.9,0.7482949549720432,0.7952747143846032,0.04697975941255994,0.76399298673758,0.1953569877311756,-0.5686359990064044,-0.6156157584189643,0.0625,0.8333333725671752,True
0.05,0.8500000000000001,0.98,0.9,0.7482949549720432,0.7952747143846032,0.04697975941255994,0.76399298673758,0.1860028684582453,-0.5779901182793347,-0.6249698776918946,0.05882352941176471,0.8333333725671752,True
0.05,0.9,0.98,0.9,0.7482949549720432,0.7952747143846032,0.04697975941255994,0.76399298673758,0.1775036080022375,-0.5864893787353425,-0.6334691381479024,0.05555555555555556,0.8333333725671752,True
0.05,0.9500000000000001,0.98,0.9,0.7482949549720432,0.7952747143846032,0.04697975941255994,0.76399298673758,0.1697471407352019,-0.5942458460023781,-0.641225605414938,0.05263157894736842,0.8333333725671752,True
0.05,1,0.98,0.9,0.7482949549720432,0.7952747143846032,0.04697975941255994,0.76399298673758,0.1626401688802475,-0.6013528178573325,-0.6483325772698925,0.05,0.8333333725671752,True
0.1,0.05,0.98,0.9,0.7482949549720432,0.7952747143846032,0.04697975941255994,0.76399298673758,0.8859643685865792,0.1219713818489992,0.07499162243643931,2,0.8333333725671752,False
0.1,0.1,0.98,0.9,0.7482949549720432,0.7952747143846032,0.04697975941255994,0.76399298673758,0.7952747143846032,0.03128172764702319,-0.01569803176553675,1,0.8333333725671752,False
0.1,0.15,0.98,0.9,0.7482949549720432,0.7952747143846032,0.04697975941255994,0.76399298673758,0.7214274899220572,-0.0425654968155228,-0.08954525622808274,0.6666666666666666,0.8333333725671752,True
0.1,0.2,0.98,0.9,0.7482949549720432,0.7952747143846032,0.04697975941255994,0.76399298673758,0.6601295115826855,-0.1038634751548945,-0.1508432345674544,0.5,0.8333333725671752,True
0.1,0.25,0.98,0.9,0.7482949549720432,0.7952747143846032,0.04697975941255994,0.76399298673758,0.6084324528526885,-0.1555605338848914,-0.2025402932974514,0.4,0.8333333725671752,True
0.1,0.3,0.98,0.9,0.7482949549720432,0.7952747143846032,0.04697975941255994,0.76399298673758,0.5642444869067913,-0.1997484998307887,-0.2467282592433486,0.3333333333333333,0.8333333725671752,True
0.1,0.35,0.98,0.9,0.7482949549720432,0.7952747143846032,0.04697975941255994,0.76399298673758,0.5260403249553518,-0.2379526617822282,-0.2849324211947881,0.2857142857142857,0.8333333725671752,True
0.1,0.4,0.98,0.9,0.7482949549720432,0.7952747143846032,0.04697975941255994,0.76399298673758,0.4926815817567902,-0.2713114049807898,-0.3182911643933498,0.25,0.8333333725671752,True
0.1,0.45,0.98,0.9,0.7482949549720432,0.7952747143846032,0.04697975941255994,0.76399298673758,0.4633014141803152,-0.3006915725572648,-0.3476713319698247,0.2222222222222222,0.8333333725671752,True
0.1,0.5,0.98,0.9,0.7482949549720432,0.7952747143846032,0.04697975941255994,0.76399298673758,0.4372281130728897,-0.3267648736646903,-0.3737446330772502,0.2,0.8333333725671752,True
0.1,0.55,0.98,0.9,0.7482949549720432,0.7952747143846032,0.04697975941255994,0.76399298673758,0.4139331207313299,-0.3500598660062501,-0.39703962541881,0.1818181818181818,0.8333333725671752,True
0.1,0.6000000000000001,0.98,0.9,0.7482949549720432,0.7952747143846032,0.04697975941255994,0.76399298673758,0.3929948252061219,-0.3709981615314581,-0.417977920944018,0.1666666666666667,0.8333333725671752,True
0.1,0.65,0.98,0.9,0.7482949549720432,0.7952747143846032,0.04697975941255994,0.76399298673758,0.3740728140496354,-0.3899201726879445,-0.4368999321005045,0.1538461538461539,0.8333333725671752,True
0.1,0.7000000000000001,0.98,0.9,0.7482949549720432,0.7952747143846032,0.04697975941255994,0.76399298673758,0.3568892242180352,-0.4071037625195448,-0.4540835219321047,0.1428571428571428,0.8333333725671752,True
0.1,0.75,0.98,0.9,0.7482949549720432,0.7952747143846032,0.04697975941255994,0.76399298673758,0.3412150065350903,-0.4227779802024897,-0.4697577396150496,0.1333333333333333,0.8333333725671752,True
0.1,0.8,0.98,0.9,0.7482949549720432,0.7952747143846032,0.04697975941255994,0.76399298673758,0.3268596573848106,-0.4371333293527694,-0.4841130887653293,0.125,0.8333333725671752,True
0.1,0.8500000000000001,0.98,0.9,0.7482949549720432,0.7952747143846032,0.04697975941255994,0.76399298673758,0.3136634377622398,-0.4503295489753402,-0.4973093083879001,0.1176470588235294,0.8333333725671752,True
0.1,0.9,0.98,0.9,0.7482949549720432,0.7952747143846032,0.04697975941255994,0.76399298673758,0.301491404010883,-0.4625015827266969,-0.5094813421392569,0.1111111111111111,0.8333333725671752,True
0.1,0.9500000000000001,0.98,0.9,0.7482949549720432,0.7952747143846032,0.04697975941255994,0.76399298673758,0.2902287765003872,-0.4737642102371928,-0.5207439696497527,0.1052631578947368,0.8333333725671752,True
0.1,1,0.98,0.9,0.7482949549720432,0.7952747143846032,0.04697975941255994,0.76399298673758,0.2797773089792487,-0.4842156777583312,-0.5311954371708911,0.1,0.8333333725671752,True
0.15,0.05,0.98,0.9,0.7482949549720432,0.7952747143846032,0.04697975941255994,0.76399298673758,0.9209722527036809,0.1569792659661009,0.109999506553541,3,0.8333333725671752,False
0.15,0.1,0.98,0.9,0.7482949549720432,0.7952747143846032,0.04697975941255994,0.76399298673758,0.8535204539561914,0.08952746721861138,0.04254770780605144,1.5,0.8333333725671752,False
0.15,0.15,0.98,0.9,0.7482949549720432,0.7952747143846032,0.04697975941255994,0.76399298673758,0.7952747143846032,0.03128172764702319,-0.01569803176553675,1,0.8333333725671752,False
0.15,0.2,0.98,0.9,0.7482949549720432,0.7952747143846032,0.04697975941255994,0.76399298673758,0.7444707207393799,-0.01952226599820006,-0.06650202541076,0.7500000000000001,0.8333333725671752,True
0.15,0.25,0.98,0.9,0.7482949549720432,0.7952747143846032,0.04697975941255994,0.76399298673758,0.6997679225167766,-0.06422506422080343,-0.1112048236333634,0.6000000000000001,0.8333333725671752,True
0.15,0.3,0.98,0.9,0.7482949549720432,0.7952747143846032,0.04697975941255994,0.76399298673758,0.6601295115826854,-0.1038634751548946,-0.1508432345674545,0.5,0.8333333725671752,True
0.15,0.35,0.98,0.9,0.7482949549720432,0.7952747143846032,0.04697975941255994,0.76399298673758,0.6247410064183947,-0.1392519803191853,-0.1862317397317452,0.4285714285714286,0.8333333725671752,True
0.15,0.4,0.98,0.9,0.7482949549720432,0.7952747143846032,0.04697975941255994,0.76399298673758,0.5929536913530188,-0.1710392953845612,-0.2180190547971211,0.3750000000000001,0.8333333725671752,True
0.15,0.45,0.98,0.9,0.7482949549720432,0.7952747143846032,0.04697975941255994,0.76399298673758,0.5642444869067914,-0.1997484998307886,-0.2467282592433485,0.3333333333333334,0.8333333725671752,True
0.15,0.5,0.98,0.9,0.7482949549720432,0.7952747143846032,0.04697975941255994,0.76399298673758,0.538186939574105,-0.225806047163475,-0.2727858065760349,0.3,0.8333333725671752,True
0.15,0.55,0.98,0.9,0.7482949549720432,0.7952747143846032,0.04697975941255994,0.76399298673758,0.5144298951487819,-0.2495630915887981,-0.296542851001358,0.2727272727272728,0.8333333725671752,True
0.15,0.6000000000000001,0.98,0.9,0.7482949549720432,0.7952747143846032,0.04697975941255994,0.76399298673758,0.4926815817567901,-0.2713114049807899,-0.3182911643933498,0.25,0.8333333725671752,True
0.15,0.65,0.98,0.9,0.7482949549720432,0.7952747143846032,0.04697975941255994,0.76399298673758,0.4726975666069204,-0.2912954201306596,-0.3382751795432195,0.2307692307692308,0.8333333725671752,True
0.15,0.7000000000000001,0.98,0.9,0.7482949549720432,0.7952747143846032,0.04697975941255994,0.76399298673758,0.4542715294603335,-0.3097214572772465,-0.3567012166898064,0.2142857142857143,0.8333333725671752,True
0.15,0.75,0.98,0.9,0.7482949549720432,0.7952747143846032,0.04697975941255994,0.76399298673758,0.4372281130728897,-0.3267648736646903,-0.3737446330772502,0.2,0.8333333725671752,True
0.15,0.8,0.98,0.9,0.7482949549720432,0.7952747143846032,0.04697975941255994,0.76399298673758,0.4214173248663041,-0.3425756618712759,-0.3895554212838359,0.1875,0.8333333725671752,True
0.15,0.8500000000000001,0.98,0.9,0.7482949549720432,0.7952747143846032,0.04697975941255994,0.76399298673758,0.4067101108693834,-0.3572828758681966,-0.4042626352807565,0.1764705882352941,0.8333333725671752,True
0.15,0.9,0.98,0.9,0.7482949549720432,0.7952747143846032,0.04697975941255994,0.76399298673758,0.3929948252061219,-0.3709981615314581,-0.417977920944018,0.1666666666666667,0.8333333725671752,True
0.15,0.9500000000000001,0.98,0.9,0.7482949549720432,0.7952747143846032,0.04697975941255994,0.76399298673758,0.3801743906264355,-0.3838185961111445,-0.4307983555237044,0.1578947368421053,0.8333333725671752,True
0.15,1,0.98,0.9,0.7482949549720432,0.7952747143846032,0.04697975941255994,0.76399298673758,0.3681639972605703,-0.3958289894770097,-0.4428087488895697,0.15,0.8333333725671752,True
0.2,0.05,0.98,0.9,0.7482949549720432,0.7952747143846032,0.04697975941255994,0.76399298673758,0.9395345780053714,0.1755415912677915,0.1285618318552315,4,0.8333333725671752,False
0.2,0.1,0.98,0.9,0.7482949549720432,0.7952747143846032,0.04697975941255994,0.76399298673758,0.8859643685865792,0.1219713818489992,0.07499162243643931,2,0.8333333725671752,False
0.2,0.15,0.98,0.9,0.7482949549720432,0.7952747143846032,0.04697975941255994,0.76399298673758,0.838173543928617,0.074180557191037,0.02720079777847706,1.333333333333333,0.8333333725671752,False
0.2,0.2,0.98,0.9,0.7482949549720432,0.7952747143846032,0.04697975941255994,0.76399298673758,0.7952747143846032,0.03128172764702319,-0.01569803176553675,1,0.8333333725671752,False
0.2,0.25,0.98,0.9,0.7482949549720432,0.7952747143846032,0.04697975941255994,0.76399298673758,0.756553315961243,-0.007439670776337004,-0.05441943018889694,0.8,0.8333333725671752,True
0.2,0.3,0.98,0.9,0.7482949549720432,0.7952747143846032,0.04697975941255994,0.76399298673758,0.7214274899220572,-0.0425654968155228,-0.08954525622808274,0.6666666666666666,0.8333333725671752,True
0.2,0.35,0.98,0.9,0.7482949549720432,0.7952747143846032,0.04697975941255994,0.76399298673758,0.6894186429454181,-0.07457434379216188,-0.1215541032047218,0.5714285714285714,0.8333333725671752,True
0.2,0.4,0.98,0.9,0.7482949549720432,0.7952747143846032,0.04697975941255994,0.76399298673758,0.6601295115826855,-0.1038634751548945,-0.1508432345674544,0.5,0.8333333725671752,True
0.2,0.45,0.98,0.9,0.7482949549720432,0.7952747143846032,0.04697975941255994,0.76399298673758,0.633227590284041,-0.130765396453539,-0.177745155866099,0.4444444444444445,0.8333333725671752,True
0.2,0.5,0.98,0.9,0.7482949549720432,0.7952747143846032,0.04697975941255994,0.76399298673758,0.6084324528526885,-0.1555605338848914,-0.2025402932974514,0.4,0.8333333725671752,True
0.2,0.55,0.98,0.9,0.7482949549720432,0.7952747143846032,0.04697975941255994,0.76399298673758,0.5855059403619189,-0.178487046375661,-0.225466805788221,0.3636363636363636,0.8333333725671752,True
0.2,0.6000000000000001,0.98,0.9,0.7482949549720432,0.7952747143846032,0.04697975941255994,0.76399298673758,0.5642444869067913,-0.1997484998307887,-0.2467282592433486,0.3333333333333333,0.8333333725671752,True
0.2,0.65,0.98,0.9,0.7482949549720432,0.7952747143846032,0.04697975941255994,0.76399298673758,0.5444730588143678,-0.2195199279232122,-0.2664996873357721,0.3076923076923077,0.8333333725671752,True
0.2,0.7000000000000001,0.98,0.9,0.7482949549720432,0.7952747143846032,0.04697975941255994,0.76399298673758,0.5260403249553518,-0.2379526617822282,-0.2849324211947881,0.2857142857142857,0.8333333725671752,True
0.2,0.75,0.98,0.9,0.7482949549720432,0.7952747143846032,0.04697975941255994,0.76399298673758,0.5088147759643532,-0.2551782107732268,-0.3021579701857867,0.2666666666666667,0.8333333725671752,True
0.2,0.8,0.98,0.9,0.7482949549720432,0.7952747143846032,0.04697975941255994,0.76399298673758,0.4926815817567902,-0.2713114049807898,-0.3182911643933498,0.25,0.8333333725671752,True
0.2,0.8500000000000001,0.98,0.9,0.7482949549720432,0.7952747143846032,0.04697975941255994,0.76399298673758,0.4775400285122494,-0.2864529582253306,-0.3334327176378905,0.2352941176470588,0.8333333725671752,True
0.2,0.9,0.98,0.9,0.7482949549720432,0.7952747143846032,0.04697975941255994,0.76399298673758,0.4633014141803152,-0.3006915725572648,-0.3476713319698247,0.2222222222222222,0.8333333725671752,True
0.2,0.9500000000000001,0.98,0.9,0.7482949549720432,0.7952747143846032,0.04697975941255994,0.76399298673758,0.4498873095786979,-0.314105677158882,-0.361085436571442,0.2105263157894737,0.8333333725671752,True
0.2,1,0.98,0.9,0.7482949549720432,0.7952747143846032,0.04697975941255994,0.76399298673758,0.4372281130728897,-0.3267648736646903,-0.3737446330772502,0.2,0.8333333725671752,True
0.25,0.05,0.98,0.9,0.7482949549720432,0.7952747143846032,0.04697975941255994,0.76399298673758,0.9510355309474966,0.1870425442099166,0.1400627847973567,5,0.8333333725671752,False
0.25,0.1,0.98,0.9,0.7482949549720432,0.7952747143846032,0.04697975941255994,0.76399298673758,0.9066422734094484,0.1426492866718684,0.09566952725930844,2.5,0.8333333725671752,False
0.25,0.15,0.98,0.9,0.7482949549720432,0.7952747143846032,0.04697975941255994,0.76399298673758,0.8662086387748884,0.1022156520373084,0.05523589262474848,1.666666666666667,0.8333333725671752,False
0.25,0.2,0.98,0.9,0.7482949549720432,0.7952747143846032,0.04697975941255994,0.76399298673758,0.8292274809605605,0.06523449422298055,0.01825473481042061,1.25,0.8333333725671752,False
0.25,0.25,0.98,0.9,0.7482949549720432,0.7952747143846032,0.04697975941255994,0.76399298673758,0.7952747143846032,0.03128172764702319,-0.01569803176553675,1,0.8333333725671752,False
0.25,0.3,0.98,0.9,0.7482949549720432,0.7952747143846032,0.04697975941255994,0.76399298673758,0.7639929782485834,-8.488996616762279e-9,-0.04697976790155656,0.8333333333333333,0.8333333725671752,True
0.25,0.35,0.98,0.9,0.7482949549720432,0.7952747143846032,0.04697975941255994,0.76399298673758,0.7350790102548779,-0.02891397648270211,-0.07589373589526205,0.7142857142857142,0.8333333725671752,True
0.25,0.4,0.98,0.9,0.7482949549720432,0.7952747143846032,0.04697975941255994,0.76399298673758,0.7082737828873028,-0.05571920385027718,-0.1026989632628371,0.625,0.8333333725671752,True
0.25,0.45,0.98,0.9,0.7482949549720432,0.7952747143846032,0.04697975941255994,0.76399298673758,0.6833547218918516,-0.08063826484572834,-0.1276180242582883,0.5555555555555556,0.8333333725671752,True
0.25,0.5,0.98,0.9,0.7482949549720432,0.7952747143846032,0.04697975941255994,0.76399298673758,0.6601295115826854,-0.1038634751548946,-0.1508432345674545,0.5,0.8333333725671752,True
0.25,0.55,0.98,0.9,0.7482949549720432,0.7952747143846032,0.04697975941255994,0.76399298673758,0.6384311218618841,-0.1255618648756959,-0.1725416242882558,0.4545454545454545,0.8333333725671752,True
0.25,0.6000000000000001,0.98,0.9,0.7482949549720432,0.7952747143846032,0.04697975941255994,0.76399298673758,0.6181137847955011,-0.1458792019420789,-0.1928589613546389,0.4166666666666666,0.8333333725671752,True
0.25,0.65,0.98,0.9,0.7482949549720432,0.7952747143846032,0.04697975941255994,0.76399298673758,0.5990497157402207,-0.1649432709973593,-0.2119230304099192,0.3846153846153846,0.8333333725671752,True
0.25,0.7000000000000001,0.98,0.9,0.7482949549720432,0.7952747143846032,0.04697975941255994,0.76399298673758,0.5811264230843336,-0.1828665636532464,-0.2298463230658063,0.3571428571428571,0.8333333725671752,True
0.25,0.75,0.98,0.9,0.7482949549720432,0.7952747143846032,0.04697975941255994,0.76399298673758,0.5642444869067914,-0.1997484998307886,-0.2467282592433485,0.3333333333333333,0.8333333725671752,True
0.25,0.8,0.98,0.9,0.7482949549720432,0.7952747143846032,0.04697975941255994,0.76399298673758,0.5483157138905613,-0.2156772728470187,-0.2626570322595786,0.3125,0.8333333725671752,True
0.25,0.8500000000000001,0.98,0.9,0.7482949549720432,0.7952747143846032,0.04697975941255994,0.76399298673758,0.5332615961793216,-0.2307313905582584,-0.2777111499708184,0.2941176470588235,0.8333333725671752,True
0.25,0.9,0.98,0.9,0.7482949549720432,0.7952747143846032,0.04697975941255994,0.76399298673758,0.5190120173246248,-0.2449809694129552,-0.2919607288255152,0.2777777777777778,0.8333333725671752,True
0.25,0.9500000000000001,0.98,0.9,0.7482949549720432,0.7952747143846032,0.04697975941255994,0.76399298673758,0.5055041603079291,-0.2584888264296509,-0.3054685858422108,0.2631578947368421,0.8333333725671752,True
0.25,1,0.98,0.9,0.7482949549720432,0.7952747143846032,0.04697975941255994,0.76399298673758,0.4926815817567902,-0.2713114049807898,-0.3182911643933498,0.25,0.8333333725671752,True
0.3,0.05,0.98,0.9,0.7482949549720432,0.7952747143846032,0.04697975941255994,0.76399298673758,0.9588605472124383,0.1948675604748583,0.1478878010622984,6.000000000000001,0.8333333725671752,False
0.3,0.1,0.98,0.9,0.7482949549720432,0.7952747143846032,0.04697975941255994,0.76399298673758,0.9209722527036809,0.1569792659661009,0.109999506553541,3,0.8333333725671752,False
0.3,0.15,0.98,0.9,0.7482949549720432,0.7952747143846032,0.04697975941255994,0.76399298673758,0.8859643685865793,0.1219713818489994,0.07499162243643942,2,0.8333333725671752,False
0.3,0.2,0.98,0.9,0.7482949549720432,0.7952747143846032,0.04697975941255994,0.76399298673758,0.8535204539561914,0.08952746721861138,0.04254770780605144,1.5,0.8333333725671752,False
0.3,0.25,0.98,0.9,0.7482949549720432,0.7952747143846032,0.04697975941255994,0.76399298673758,0.8233687825813997,0.05937579584381969,0.01239603643125975,1.2,0.8333333725671752,False
0.3,0.3,0.98,0.9,0.7482949549720432,0.7952747143846032,0.04697975941255994,0.76399298673758,0.7952747143846032,0.03128172764702319,-0.01569803176553675,1,0.8333333725671752,False
0.3,0.35,0.98,0.9,0.7482949549720432,0.7952747143846032,0.04697975941255994,0.76399298673758,0.7690345771423396,0.005041590404759599,-0.04193816900780034,0.8571428571428572,0.8333333725671752,False
0.3,0.4,0.98,0.9,0.7482949549720432,0.7952747143846032,0.04697975941255994,0.76399298673758,0.7444707207393799,-0.01952226599820006,-0.06650202541076,0.7500000000000001,0.8333333725671752,True
0.3,0.45,0.98,0.9,0.7482949549720432,0.7952747143846032,0.04697975941255994,0.76399298673758,0.7214274899220572,-0.0425654968155228,-0.08954525622808274,0.6666666666666667,0.8333333725671752,True
0.3,0.5,0.98,0.9,0.7482949549720432,0.7952747143846032,0.04697975941255994,0.76399298673758,0.6997679225167766,-0.06422506422080343,-0.1112048236333634,0.6000000000000001,0.8333333725671752,True
0.3,0.55,0.98,0.9,0.7482949549720432,0.7952747143846032,0.04697975941255994,0.76399298673758,0.6793710250922415,-0.08462196164533853,-0.1316017210578985,0.5454545454545455,0.8333333725671752,True
0.3,0.6000000000000001,0.98,0.9,0.7482949549720432,0.7952747143846032,0.04697975941255994,0.76399298673758,0.6601295115826854,-0.1038634751548946,-0.1508432345674545,0.5,0.8333333725671752,True
0.3,0.65,0.98,0.9,0.7482949549720432,0.7952747143846032,0.04697975941255994,0.76399298673758,0.6419479156144877,-0.1220450711230923,-0.1690248305356522,0.4615384615384616,0.8333333725671752,True
0.3,0.7000000000000001,0.98,0.9,0.7482949549720432,0.7952747143846032,0.04697975941255994,0.76399298673758,0.6247410064183947,-0.1392519803191853,-0.1862317397317452,0.4285714285714286,0.8333333725671752,True
0.3,0.75,0.98,0.9,0.7482949549720432,0.7952747143846032,0.04697975941255994,0.76399298673758,0.6084324528526885,-0.1555605338848914,-0.2025402932974514,0.4000000000000001,0.8333333725671752,True
0.3,0.8,0.98,0.9,0.7482949549720432,0.7952747143846032,0.04697975941255994,0.76399298673758,0.5929536913530188,-0.1710392953845612,-0.2180190547971211,0.3750000000000001,0.8333333725671752,True
0.3,0.8500000000000001,0.98,0.9,0.7482949549720432,0.7952747143846032,0.04697975941255994,0.76399298673758,0.5782429623940444,-0.1857500243435356,-0.2327297837560955,0.3529411764705883,0.8333333725671752,True
0.3,0.9,0.98,0.9,0.7482949549720432,0.7952747143846032,0.04697975941255994,0.76399298673758,0.5642444869067914,-0.1997484998307886,-0.2467282592433485,0.3333333333333334,0.8333333725671752,True
0.3,0.9500000000000001,0.98,0.9,0.7482949549720432,0.7952747143846032,0.04697975941255994,0.76399298673758,0.550907759495351,-0.213085227242229,-0.2600649866547889,0.3157894736842106,0.8333333725671752,True
0.3,1,0.98,0.9,0.7482949549720432,0.7952747143846032,0.04697975941255994,0.76399298673758,0.538186939574105,-0.225806047163475,-0.2727858065760349,0.3,0.8333333725671752,True
0.35,0.05,0.98,0.9,0.7482949549720432,0.7952747143846032,0.04697975941255994,0.76399298673758,0.9645291474012584,0.2005361606636784,0.1535564012511185,7,0.8333333725671752,False
0.35,0.1,0.98,0.9,0.7482949549720432,0.7952747143846032,0.04697975941255994,0.76399298673758,0.9314884576234673,0.1674954708858873,0.1205157114733274,3.5,0.8333333725671752,False
0.35,0.15,0.98,0.9,0.7482949549720432,0.7952747143846032,0.04697975941255994,0.76399298673758,0.9006364610886061,0.1366434743510261,0.08966371493846614,2.333333333333333,0.8333333725671752,False
0.35,0.2,0.98,0.9,0.7482949549720432,0.7952747143846032,0.04697975941255994,0.76399298673758,0.871762653636567,0.107769666898987,0.0607899074864271,1.75,0.8333333725671752,False
0.35,0.25,0.98,0.9,0.7482949549720432,0.7952747143846032,0.04697975941255994,0.76399298673758,0.8446826870596511,0.08068970032207112,0.03370994090951118,1.4,0.8333333725671752,False
0.35,0.3,0.98,0.9,0.7482949549720432,0.7952747143846032,0.04697975941255994,0.76399298673758,0.8192344290228414,0.0552414422852614,0.008261682872701459,1.166666666666667,0.8333333725671752,False
0.35,0.35,0.98,0.9,0.7482949549720432,0.7952747143846032,0.04697975941255994,0.76399298673758,0.7952747143846031,0.03128172764702308,-0.01569803176553686,1,0.8333333725671752,False
0.35,0.4,0.98,0.9,0.7482949549720432,0.7952747143846032,0.04697975941255994,0.76399298673758,0.772676650393162,0.008683663655582041,-0.0382960957569779,0.875,0.8333333725671752,False
0.35,0.45,0.98,0.9,0.7482949549720432,0.7952747143846032,0.04697975941255994,0.76399298673758,0.7513273686320703,-0.0126656181055097,-0.05964537751806964,0.7777777777777778,0.8333333725671752,True
0.35,0.5,0.98,0.9,0.7482949549720432,0.7952747143846032,0.04697975941255994,0.76399298673758,0.731126139631618,-0.03286684710596199,-0.07984660651852193,0.7000000000000001,0.8333333725671752,True
0.35,0.55,0.98,0.9,0.7482949549720432,0.7952747143846032,0.04697975941255994,0.76399298673758,0.7119827836753561,-0.05201020306222393,-0.09898996247478387,0.6363636363636364,0.8333333725671752,True
0.35,0.6000000000000001,0.98,0.9,0.7482949549720432,0.7952747143846032,0.04697975941255994,0.76399298673758,0.6938163248991693,-0.07017666183841065,-0.1171564212509706,0.5833333333333333,0.8333333725671752,True
0.35,0.65,0.98,0.9,0.7482949549720432,0.7952747143846032,0.04697975941255994,0.76399298673758,0.6765538463102627,-0.08743914042731726,-0.1344188998398772,0.5384615384615385,0.8333333725671752,True
0.35,0.7000000000000001,0.98,0.9,0.7482949549720432,0.7952747143846032,0.04697975941255994,0.76399298673758,0.6601295115826855,-0.1038634751548945,-0.1508432345674544,0.5,0.8333333725671752,True
0.35,0.75,0.98,0.9,0.7482949549720432,0.7952747143846032,0.04697975941255994,0.76399298673758,0.6444837259598998,-0.1195092607776802,-0.1664890201902401,0.4666666666666667,0.8333333725671752,True
0.35,0.8,0.98,0.9,0.7482949549720432,0.7952747143846032,0.04697975941255994,0.76399298673758,0.6295624137198091,-0.1344305730177708,-0.1814103324303308,0.4375,0.8333333725671752,True
0.35,0.8500000000000001,0.98,0.9,0.7482949549720432,0.7952747143846032,0.04697975941255994,0.76399298673758,0.6153163937388558,-0.1486765929987242,-0.1956563524112841,0.4117647058823529,0.8333333725671752,True
0.35,0.9,0.98,0.9,0.7482949549720432,0.7952747143846032,0.04697975941255994,0.76399298673758,0.6017008379602153,-0.1622921487773646,-0.2092719081899246,0.3888888888888889,0.8333333725671752,True
0.35,0.9500000000000001,0.98,0.9,0.7482949549720432,0.7952747143846032,0.04697975941255994,0.76399298673758,0.5886748002027328,-0.1753181865348472,-0.2222979459474071,0.368421052631579,0.8333333725671752,True
0.35,1,0.98,0.9,0.7482949549720432,0.7952747143846032,0.04697975941255994,0.76399298673758,0.5762008048769764,-0.1877921818606035,-0.2347719412731635,0.35,0.8333333725671752,True
0.4,0.05,0.98,0.9,0.7482949549720432,0.7952747143846032,0.04697975941255994,0.76399298673758,0.9688247775108957,0.2048317907733157,0.1578520313607558,8,0.8333333725671752,False
0.4,0.1,0.98,0.9,0.7482949549720432,0.7952747143846032,0.04697975941255994,0.76399298673758,0.9395345780053714,0.1755415912677915,0.1285618318552315,4,0.8333333725671752,False
0.4,0.15,0.98,0.9,0.7482949549720432,0.7952747143846032,0.04697975941255994,0.76399298673758,0.911963450564346,0.147970463826766,0.1009907044142061,2.666666666666667,0.8333333725671752,False
0.4,0.2,0.98,0.9,0.7482949549720432,0.7952747143846032,0.04697975941255994,0.76399298673758,0.8859643685865792,0.1219713818489992,0.07499162243643931,2,0.8333333725671752,False
0.4,0.25,0.98,0.9,0.7482949549720432,0.7952747143846032,0.04697975941255994,0.76399298673758,0.8614066070032522,0.09741362026567224,0.0504338608531123,1.6,0.8333333725671752,False
0.4,0.3,0.98,0.9,0.7482949549720432,0.7952747143846032,0.04697975941255994,0.76399298673758,0.838173543928617,0.074180557191037,0.02720079777847706,1.333333333333333,0.8333333725671752,False
0.4,0.35,0.98,0.9,0.7482949549720432,0.7952747143846032,0.04697975941255994,0.76399298673758,0.8161608087187328,0.05216782198115277,0.005188062568592833,1.142857142857143,0.8333333725671752,False
0.4,0.4,0.98,0.9,0.7482949549720432,0.7952747143846032,0.04697975941255994,0.76399298673758,0.7952747143846032,0.03128172764702319,-0.01569803176553675,1,0.8333333725671752,False
0.4,0.45,0.98,0.9,0.7482949549720432,0.7952747143846032,0.04697975941255994,0.76399298673758,0.7754309246930049,0.01143793795542491,-0.03554182145713503,0.888888888888889,0.8333333725671752,False
0.4,0.5,0.98,0.9,0.7482949549720432,0.7952747143846032,0.04697975941255994,0.76399298673758,0.756553315961243,-0.007439670776337004,-0.05441943018889694,0.8,0.8333333725671752,True
0.4,0.55,0.98,0.9,0.7482949549720432,0.7952747143846032,0.04697975941255994,0.76399298673758,0.7385730011560437,-0.02541998558153624,-0.07239974499409618,0.7272727272727273,0.8333333725671752,True
0.4,0.6000000000000001,0.98,0.9,0.7482949549720432,0.7952747143846032,0.04697975941255994,0.76399298673758,0.7214274899220572,-0.0425654968155228,-0.08954525622808274,0.6666666666666666,0.8333333725671752,True
0.4,0.65,0.98,0.9,0.7482949549720432,0.7952747143846032,0.04697975941255994,0.76399298673758,0.7050599629524631,-0.05893302378511689,-0.1059127831976768,0.6153846153846154,0.8333333725671752,True
0.4,0.7000000000000001,0.98,0.9,0.7482949549720432,0.7952747143846032,0.04697975941255994,0.76399298673758,0.6894186429454181,-0.07457434379216188,-0.1215541032047218,0.5714285714285714,0.8333333725671752,True
0.4,0.75,0.98,0.9,0.7482949549720432,0.7952747143846032,0.04697975941255994,0.76399298673758,0.6744562474729825,-0.08953673926459749,-0.1365164986771574,0.5333333333333333,0.8333333725671752,True
0.4,0.8,0.98,0.9,0.7482949549720432,0.7952747143846032,0.04697975941255994,0.76399298673758,0.6601295115826855,-0.1038634751548945,-0.1508432345674544,0.5,0.8333333725671752,True
0.4,0.8500000000000001,0.98,0.9,0.7482949549720432,0.7952747143846032,0.04697975941255994,0.76399298673758,0.6463987699786238,-0.1175942167589562,-0.1645739761715161,0.4705882352941176,0.8333333725671752,True
0.4,0.9,0.98,0.9,0.7482949549720432,0.7952747143846032,0.04697975941255994,0.76399298673758,0.633227590284041,-0.130765396453539,-0.177745155866099,0.4444444444444445,0.8333333725671752,True
0.4,0.9500000000000001,0.98,0.9,0.7482949549720432,0.7952747143846032,0.04697975941255994,0.76399298673758,0.6205824502449425,-0.1434105364926375,-0.1903902959051974,0.4210526315789473,0.8333333725671752,True
0.4,1,0.98,0.9,0.7482949549720432,0.7952747143846032,0.04697975941255994,0.76399298673758,0.6084324528526885,-0.1555605338848914,-0.2025402932974514,0.4,0.8333333725671752,True
0.45,0.05,0.98,0.9,0.7482949549720432,0.7952747143846032,0.04697975941255994,0.76399298673758,0.9721923678854555,0.2081993811478755,0.1612196217353156,9,0.8333333725671752,False
0.45,0.1,0.98,0.9,0.7482949549720432,0.7952747143846032,0.04697975941255994,0.76399298673758,0.9458894227953242,0.1818964360577442,0.1349166766451843,4.5,0.8333333725671752,False
0.45,0.15,0.98,0.9,0.7482949549720432,0.7952747143846032,0.04697975941255994,0.76399298673758,0.9209722527036808,0.1569792659661008,0.1099995065535408,3,0.8333333725671752,False
0.45,0.2,0.98,0.9,0.7482949549720432,0.7952747143846032,0.04697975941255994,0.76399298673758,0.8973341537883663,0.1333411670507864,0.08636140763822642,2.25,0.8333333725671752,False
0.45,0.25,0.98,0.9,0.7482949549720432,0.7952747143846032,0.04697975941255994,0.76399298673758,0.8748791029295812,0.1108861161920012,0.06390635677944123,1.8,0.8333333725671752,False
0.45,0.3,0.98,0.9,0.7482949549720432,0.7952747143846032,0.04697975941255994,0.76399298673758,0.8535204539561912,0.08952746721861127,0.04254770780605133,1.5,0.8333333725671752,False
0.45,0.35,0.98,0.9,0.7482949549720432,0.7952747143846032,0.04697975941255994,0.76399298673758,0.8331798203141124,0.06918683357653244,0.0222070741639725,1.285714285714286,0.8333333725671752,False
0.45,0.4,0.98,0.9,0.7482949549720432,0.7952747143846032,0.04697975941255994,0.76399298673758,0.8137861137816922,0.04979312704411221,0.002813367631552266,1.125,0.8333333725671752,False
0.45,0.45,0.98,0.9,0.7482949549720432,0.7952747143846032,0.04697975941255994,0.76399298673758,0.7952747143846032,0.03128172764702319,-0.01569803176553675,1,0.8333333725671752,False
0.45,0.5,0.98,0.9,0.7482949549720432,0.7952747143846032,0.04697975941255994,0.76399298673758,0.7775867510838923,0.01359376434631232,-0.03338599506624762,0.9,0.8333333725671752,False
0.45,0.55,0.98,0.9,0.7482949549720432,0.7952747143846032,0.04697975941255994,0.76399298673758,0.7606684763662245,-0.003324510371355505,-0.05030426978391545,0.8181818181818181,0.8333333725671752,True
0.45,0.6000000000000001,0.98,0.9,0.7482949549720432,0.7952747143846032,0.04697975941255994,0.76399298673758,0.7444707207393799,-0.01952226599820006,-0.06650202541076,0.7499999999999999,0.8333333725671752,True
0.45,0.65,0.98,0.9,0.7482949549720432,0.7952747143846032,0.04697975941255994,0.76399298673758,0.7289484154707619,-0.03504457126681804,-0.08202433067937798,0.6923076923076923,0.8333333725671752,True
0.45,0.7000000000000001,0.98,0.9,0.7482949549720432,0.7952747143846032,0.04697975941255994,0.76399298673758,0.7140601738122216,-0.04993281292535834,-0.09691257233791828,0.6428571428571428,0.8333333725671752,True
0.45,0.75,0.98,0.9,0.7482949549720432,0.7952747143846032,0.04697975941255994,0.76399298673758,0.6997679225167766,-0.06422506422080343,-0.1112048236333634,0.6,0.8333333725671752,True
0.45,0.8,0.98,0.9,0.7482949549720432,0.7952747143846032,0.04697975941255994,0.76399298673758,0.6860365767391843,-0.0779564099983957,-0.1249361694109556,0.5625,0.8333333725671752,True
0.45,0.8500000000000001,0.98,0.9,0.7482949549720432,0.7952747143846032,0.04697975941255994,0.76399298673758,0.6728337524758874,-0.09115923426169259,-0.1381389936742525,0.5294117647058824,0.8333333725671752,True
0.45,0.9,0.98,0.9,0.7482949549720432,0.7952747143846032,0.04697975941255994,0.76399298673758,0.6601295115826855,-0.1038634751548945,-0.1508432345674544,0.5,0.8333333725671752,True
0.45,0.9500000000000001,0.98,0.9,0.7482949549720432,0.7952747143846032,0.04697975941255994,0.76399298673758,0.6478961351440685,-0.1160968515935115,-0.1630766110060714,0.4736842105263158,0.8333333725671752,True
0.45,1,0.98,0.9,0.7482949549720432,0.7952747143846032,0.04697975941255994,0.76399298673758,0.6361079215832819,-0.1278850651542981,-0.174864824566858,0.45,0.8333333725671752,True
0.5,0.05,0.98,0.9,0.7482949549720432,0.7952747143846032,0.04697975941255994,0.76399298673758,0.974903343237053,0.210910356499473,0.163930597086913,10,0.8333333725671752,False
0.5,0.1,0.98,0.9,0.7482949549720432,0.7952747143846032,0.04697975941255994,0.76399298673758,0.9510355309474966,0.1870425442099166,0.1400627847973567,5,0.8333333725671752,False
0.5,0.15,0.98,0.9,0.7482949549720432,0.7952747143846032,0.04697975941255994,0.76399298673758,0.9283084653852306,0.1643154786476506,0.1173357192350907,3.333333333333333,0.8333333725671752,False
0.5,0.2,0.98,0.9,0.7482949549720432,0.7952747143846032,0.04697975941255994,0.76399298673758,0.9066422734094484,0.1426492866718684,0.09566952725930844,2.5,0.8333333725671752,False
0.5,0.25,0.98,0.9,0.7482949549720432,0.7952747143846032,0.04697975941255994,0.76399298673758,0.8859643685865793,0.1219713818489994,0.07499162243643942,2,0.8333333725671752,False
0.5,0.3,0.98,0.9,0.7482949549720432,0.7952747143846032,0.04697975941255994,0.76399298673758,0.8662086387748884,0.1022156520373084,0.05523589262474848,1.666666666666667,0.8333333725671752,False
0.5,0.35,0.98,0.9,0.7482949549720432,0.7952747143846032,0.04697975941255994,0.76399298673758,0.8473147400323828,0.08332175329480285,0.03634199388224291,1.428571428571428,0.8333333725671752,False
0.5,0.4,0.98,0.9,0.7482949549720432,0.7952747143846032,0.04697975941255994,0.76399298673758,0.8292274809605605,0.06523449422298055,0.01825473481042061,1.25,0.8333333725671752,False
0.5,0.45,0.98,0.9,0.7482949549720432,0.7952747143846032,0.04697975941255994,0.76399298673758,0.8118962842529802,0.04790329751540023,0.0009235381028402934,1.111111111111111,0.8333333725671752,False
0.5,0.5,0.98,0.9,0.7482949549720432,0.7952747143846032,0.04697975941255994,0.76399298673758,0.7952747143846032,0.03128172764702319,-0.01569803176553675,1,0.8333333725671752,False
0.5,0.55,0.98,0.9,0.7482949549720432,0.7952747143846032,0.04697975941255994,0.76399298673758,0.7793200621535831,0.01532707541600309,-0.03165268399655685,0.9090909090909091,0.8333333725671752,False
0.5,0.6000000000000001,0.98,0.9,0.7482949549720432,0.7952747143846032,0.04697975941255994,0.76399298673758,0.7639929782485834,-8.488996616762279e-9,-0.04697976790155656,0.8333333333333333,0.8333333725671752,True
0.5,0.65,0.98,0.9,0.7482949549720432,0.7952747143846032,0.04697975941255994,0.76399298673758,0.7492571492224217,-0.01473583751515828,-0.06171559692771822,0.7692307692307692,0.8333333725671752,True
0.5,0.7000000000000001,0.98,0.9,0.7482949549720432,0.7952747143846032,0.04697975941255994,0.76399298673758,0.7350790102548779,-0.02891397648270211,-0.07589373589526205,0.7142857142857142,0.8333333725671752,True
0.5,0.75,0.98,0.9,0.7482949549720432,0.7952747143846032,0.04697975941255994,0.76399298673758,0.7214274899220572,-0.0425654968155228,-0.08954525622808274,0.6666666666666666,0.8333333725671752,True
0.5,0.8,0.98,0.9,0.7482949549720432,0.7952747143846032,0.04697975941255994,0.76399298673758,0.7082737828873028,-0.05571920385027718,-0.1026989632628371,0.625,0.8333333725671752,True
0.5,0.8500000000000001,0.98,0.9,0.7482949549720432,0.7952747143846032,0.04697975941255994,0.76399298673758,0.6955911470138384,-0.06840183972374159,-0.1153815991363015,0.588235294117647,0.8333333725671752,True
0.5,0.9,0.98,0.9,0.7482949549720432,0.7952747143846032,0.04697975941255994,0.76399298673758,0.6833547218918516,-0.08063826484572834,-0.1276180242582883,0.5555555555555556,0.8333333725671752,True
0.5,0.9500000000000001,0.98,0.9,0.7482949549720432,0.7952747143846032,0.04697975941255994,0.76399298673758,0.6715413661886335,-0.09245162054894651,-0.1394313799615065,0.5263157894736842,0.8333333725671752,True
0.5,1,0.98,0.9,0.7482949549720432,0.7952747143846032,0.04697975941255994,0.76399298673758,0.6601295115826854,-0.1038634751548946,-0.1508432345674545,0.5,0.8333333725671752,True
0.55,0.05,0.98,0.9,0.7482949549720432,0.7952747143846032,0.04697975941255994,0.76399298673758,0.9771326853840475,0.2131396986464675,0.1661599392339076,11,0.8333333725671752,False
0.55,0.1,0.98,0.9,0.7482949549720432,0.7952747143846032,0.04697975941255994,0.76399298673758,0.9552878182943244,0.1912948315567444,0.1443150721441845,5.5,0.8333333725671752,False
0.55,0.15,0.98,0.9,0.7482949549720432,0.7952747143846032,0.04697975941255994,0.76399298673758,0.9343983244599582,0.1704053377223782,0.1234255783098183,3.666666666666667,0.8333333725671752,False
0.55,0.2,0.98,0.9,0.7482949549720432,0.7952747143846032,0.04697975941255994,0.76399298673758,0.9144028709750945,0.1504098842375146,0.1034301248249546,2.75,0.8333333725671752,False
0.55,0.25,0.98,0.9,0.7482949549720432,0.7952747143846032,0.04697975941255994,0.76399298673758,0.8952452648637257,0.1312522781261457,0.08427251871358576,2.2,0.8333333725671752,False
0.55,0.3,0.98,0.9,0.7482949549720432,0.7952747143846032,0.04697975941255994,0.76399298673758,0.8768739256968694,0.1128809389592894,0.06590117954672947,1.833333333333333,0.8333333725671752,False
0.55,0.35,0.98,0.9,0.7482949549720432,0.7952747143846032,0.04697975941255994,0.76399298673758,0.8592414218385984,0.09524843510101844,0.0482686756884585,1.571428571428571,0.8333333725671752,False
0.55,0.4,0.98,0.9,0.7482949549720432,0.7952747143846032,0.04697975941255994,0.76399298673758,0.8423040615411546,0.07831107480357458,0.03133131539101464,1.375,0.8333333725671752,False
0.55,0.45,0.98,0.9,0.7482949549720432,0.7952747143846032,0.04697975941255994,0.76399298673758,0.8260215314671636,0.06202854472958363,0.01504878531702369,1.222222222222222,0.8333333725671752,False
0.55,0.5,0.98,0.9,0.7482949549720432,0.7952747143846032,0.04697975941255994,0.76399298673758,0.8103565763429788,0.04636358960539877,-0.000616169807161171,1.1,0.8333333725671752,False
0.55,0.55,0.98,0.9,0.7482949549720432,0.7952747143846032,0.04697975941255994,0.76399298673758,0.7952747143846032,0.03128172764702319,-0.01569803176553675,1,0.8333333725671752,False
0.55,0.6000000000000001,0.98,0.9,0.7482949549720432,0.7952747143846032,0.04697975941255994,0.76399298673758,0.7807439839209023,0.01675099718332229,-0.03022876222923765,0.9166666666666666,0.8333333725671752,False
0.55,0.65,0.98,0.9,0.7482949549720432,0.7952747143846032,0.04697975941255994,0.76399298673758,0.7667347172955886,0.002741730558008637,-0.0442380288545513,0.8461538461538461,0.8333333725671752,False
0.55,0.7000000000000001,0.98,0.9,0.7482949549720432,0.7952747143846032,0.04697975941255994,0.76399298673758,0.7532193386820427,-0.01077364805553727,-0.05775340746809721,0.7857142857142857,0.8333333725671752,True
0.55,0.75,0.98,0.9,0.7482949549720432,0.7952747143846032,0.04697975941255994,0.76399298673758,0.7401721829114679,-0.02382080382611207,-0.07080056323867201,0.7333333333333334,0.8333333725671752,True
0.55,0.8,0.98,0.9,0.7482949549720432,0.7952747143846032,0.04697975941255994,0.76399298673758,0.7275693328098319,-0.03642365392774805,-0.08340341334030799,0.6875,0.8333333725671752,True
0.55,0.8500000000000001,0.98,0.9,0.7482949549720432,0.7952747143846032,0.04697975941255994,0.76399298673758,0.7153884728744974,-0.04860451386308262,-0.09558427327564256,0.6470588235294118,0.8333333725671752,True
0.55,0.9,0.98,0.9,0.7482949549720432,0.7952747143846032,0.04697975941255994,0.76399298673758,0.7036087574071719,-0.0603842293304081,-0.107363988742968,0.6111111111111112,0.8333333725671752,True
0.55,0.9500000000000001,0.98,0.9,0.7482949549720432,0.7952747143846032,0.04697975941255994,0.76399298673758,0.6922106914638928,-0.07178229527368718,-0.1187620546862471,0.5789473684210527,0.8333333725671752,True
0.55,1,0.98,0.9,0.7482949549720432,0.7952747143846032,0.04697975941255994,0.76399298673758,0.6811760231918095,-0.08281696354577051,-0.1297967229583304,0.55,0.8333333725671752,True
0.6000000000000001,0.05,0.98,0.9,0.7482949549720432,0.7952747143846032,0.04697975941255994,0.76399298673758,0.9789982738454224,0.2150052871078424,0.1680255276952825,12,0.8333333725671752,False
0.6000000000000001,0.1,0.98,0.9,0.7482949549720432,0.7952747143846032,0.04697975941255994,0.76399298673758,0.9588605472124383,0.1948675604748583,0.1478878010622984,6.000000000000001,0.8333333725671752,False
0.6000000000000001,0.15,0.98,0.9,0.7482949549720432,0.7952747143846032,0.04697975941255994,0.76399298673758,0.9395345780053715,0.1755415912677916,0.1285618318552316,4,0.8333333725671752,False
0.6000000000000001,0.2,0.98,0.9,0.7482949549720432,0.7952747143846032,0.04697975941255994,0.76399298673758,0.9209722527036809,0.1569792659661009,0.109999506553541,3,0.8333333725671752,False
0.6000000000000001,0.25,0.98,0.9,0.7482949549720432,0.7952747143846032,0.04697975941255994,0.76399298673758,0.9031291864235287,0.1391361996859487,0.09215644027338876,2.4,0.8333333725671752,False
0.6000000000000001,0.3,0.98,0.9,0.7482949549720432,0.7952747143846032,0.04697975941255994,0.76399298673758,0.8859643685865793,0.1219713818489994,0.07499162243643942,2,0.8333333725671752,False
0.6000000000000001,0.35,0.98,0.9,0.7482949549720432,0.7952747143846032,0.04697975941255994,0.76399298673758,0.8694398482415437,0.1054468615039638,0.05846710209140382,1.714285714285714,0.8333333725671752,False
0.6000000000000001,0.4,0.98,0.9,0.7482949549720432,0.7952747143846032,0.04697975941255994,0.76399298673758,0.8535204539561914,0.08952746721861138,0.04254770780605144,1.5,0.8333333725671752,False
0.6000000000000001,0.45,0.98,0.9,0.7482949549720432,0.7952747143846032,0.04697975941255994,0.76399298673758,0.8381735439286171,0.07418055719103711,0.02720079777847717,1.333333333333333,0.8333333725671752,False
0.6000000000000001,0.5,0.98,0.9,0.7482949549720432,0.7952747143846032,0.04697975941255994,0.76399298673758,0.8233687825813997,0.05937579584381969,0.01239603643125975,1.2,0.8333333725671752,False
0.6000000000000001,0.55,0.98,0.9,0.7482949549720432,0.7952747143846032,0.04697975941255994,0.76399298673758,0.8090779404210886,0.04508495368350862,-0.001894805729051319,1.090909090909091,0.8333333725671752,False
0.6000000000000001,0.6000000000000001,0.98,0.9,0.7482949549720432,0.7952747143846032,0.04697975941255994,0.76399298673758,0.7952747143846032,0.03128172764702319,-0.01569803176553675,1,0.8333333725671752,False
0.6000000000000001,0.65,0.98,0.9,0.7482949549720432,0.7952747143846032,0.04697975941255994,0.76399298673758,0.7819345662669734,0.01794157952939346,-0.02903817988316648,0.9230769230769231,0.8333333725671752,False
0.6000000000000001,0.7000000000000001,0.98,0.9,0.7482949549720432,0.7952747143846032,0.04697975941255994,0.76399298673758,0.7690345771423396,0.005041590404759599,-0.04193816900780034,0.8571428571428572,0.8333333725671752,False
0.6000000000000001,0.75,0.98,0.9,0.7482949549720432,0.7952747143846032,0.04697975941255994,0.76399298673758,0.7565533159612429,-0.007439670776337115,-0.05441943018889706,0.8000000000000002,0.8333333725671752,True
0.6000000000000001,0.8,0.98,0.9,0.7482949549720432,0.7952747143846032,0.04697975941255994,0.76399298673758,0.7444707207393799,-0.01952226599820006,-0.06650202541076,0.7500000000000001,0.8333333725671752,True
0.6000000000000001,0.8500000000000001,0.98,0.9,0.7482949549720432,0.7952747143846032,0.04697975941255994,0.76399298673758,0.7327679909522991,-0.03122499578528093,-0.07820475519784087,0.7058823529411765,0.8333333725671752,True
0.6000000000000001,0.9,0.98,0.9,0.7482949549720432,0.7952747143846032,0.04697975941255994,0.76399298673758,0.7214274899220572,-0.0425654968155228,-0.08954525622808274,0.6666666666666667,0.8333333725671752,True
0.6000000000000001,0.9500000000000001,0.98,0.9,0.7482949549720432,0.7952747143846032,0.04697975941255994,0.76399298673758,0.7104326561298663,-0.0535603306077137,-0.1005400900202736,0.6315789473684211,0.8333333725671752,True
0.6000000000000001,1,0.98,0.9,0.7482949549720432,0.7952747143846032,0.04697975941255994,0.76399298673758,0.6997679225167766,-0.06422506422080343,-0.1112048236333634,0.6000000000000001,0.8333333725671752,True
0.65,0.05,0.98,0.9,0.7482949549720432,0.7952747143846032,0.04697975941255994,0.76399298673758,0.9805824218065589,0.2165894350689789,0.1696096756564189,13,0.8333333725671752,False
0.65,0.1,0.98,0.9,0.7482949549720432,0.7952747143846032,0.04697975941255994,0.76399298673758,0.9619045647067377,0.1979115779691577,0.1509318185565978,6.5,0.8333333725671752,False
0.65,0.15,0.98,0.9,0.7482949549720432,0.7952747143846032,0.04697975941255994,0.76399298673758,0.94392494880234,0.17993196206476,0.1329522026522001,4.333333333333333,0.8333333725671752,False
0.65,0.2,0.98,0.9,0.7482949549720432,0.7952747143846032,0.04697975941255994,0.76399298673758,0.9266051386065477,0.1626121518689677,0.1156323924564078,3.25,0.8333333725671752,False
0.65,0.25,0.98,0.9,0.7482949549720432,0.7952747143846032,0.04697975941255994,0.76399298673758,0.9099094687712831,0.1459164820337031,0.09893672262114317,2.6,0.8333333725671752,False
0.65,0.3,0.98,0.9,0.7482949549720432,0.7952747143846032,0.04697975941255994,0.76399298673758,0.8938047989410087,0.1298118122034287,0.0828320527908688,2.166666666666667,0.8333333725671752,False
0.65,0.35,0.98,0.9,0.7482949549720432,0.7952747143846032,0.04697975941255994,0.76399298673758,0.8782602941871204,0.1142673074495404,0.06728754803698045,1.857142857142857,0.8333333725671752,False
0.65,0.4,0.98,0.9,0.7482949549720432,0.7952747143846032,0.04697975941255994,0.76399298673758,0.863247227961995,0.09925424122441506,0.05227448181185512,1.625,0.8333333725671752,False
0.65,0.45,0.98,0.9,0.7482949549720432,0.7952747143846032,0.04697975941255994,0.76399298673758,0.8487388049233093,0.08474581818572935,0.03776605877316941,1.444444444444444,0.8333333725671752,False
0.65,0.5,0.98,0.9,0.7482949549720432,0.7952747143846032,0.04697975941255994,0.76399298673758,0.8347100013295784,0.07071701459199842,0.02373725517943848,1.3,0.8333333725671752,False
0.65,0.55,0.98,0.9,0.7482949549720432,0.7952747143846032,0.04697975941255994,0.76399298673758,0.8211374210069314,0.05714443426935145,0.01016467485679151,1.181818181818182,0.8333333725671752,False
0.65,0.6000000000000001,0.98,0.9,0.7482949549720432,0.7952747143846032,0.04697975941255994,0.76399298673758,0.8079991651431363,0.04400617840555632,-0.002973581007003623,1.083333333333333,0.8333333725671752,False
0.65,0.65,0.98,0.9,0.7482949549720432,0.7952747143846032,0.04697975941255994,0.76399298673758,0.7952747143846031,0.03128172764702308,-0.01569803176553686,1,0.8333333725671752,False
0.65,0.7000000000000001,0.98,0.9,0.7482949549720432,0.7952747143846032,0.04697975941255994,0.76399298673758,0.7829448219011562,0.01895183516357624,-0.0280279242489837,0.9285714285714285,0.8333333725671752,False
0.65,0.75,0.98,0.9,0.7482949549720432,0.7952747143846032,0.04697975941255994,0.76399298673758,0.7709914162464384,0.006998429508858428,-0.03998132990370151,0.8666666666666667,0.8333333725671752,False
0.65,0.8,0.98,0.9,0.7482949549720432,0.7952747143846032,0.04697975941255994,0.76399298673758,0.7593975129828268,-0.004595473754753221,-0.05157523316731316,0.8125,0.8333333725671752,True
0.65,0.8500000000000001,0.98,0.9,0.7482949549720432,0.7952747143846032,0.04697975941255994,0.76399298673758,0.7481471341619433,-0.01584585257563664,-0.06282561198819658,0.7647058823529411,0.8333333725671752,True
0.65,0.9,0.98,0.9,0.7482949549720432,0.7952747143846032,0.04697975941255994,0.76399298673758,0.7372252348579951,-0.02676775187958491,-0.07374751129214485,0.7222222222222222,0.8333333725671752,True
0.65,0.9500000000000001,0.98,0.9,0.7482949549720432,0.7952747143846032,0.04697975941255994,0.76399298673758,0.7266176360435844,-0.03737535069399556,-0.0843551101065555,0.6842105263157895,0.8333333725671752,True
0.65,1,0.98,0.9,0.7482949549720432,0.7952747143846032,0.04697975941255994,0.76399298673758,0.7163109631782389,-0.04768202355934104,-0.09466178297190098,0.65,0.8333333725671752,True
0.7000000000000001,0.05,0.98,0.9,0.7482949549720432,0.7952747143846032,0.04697975941255994,0.76399298673758,0.9819443490336279,0.2179513622960479,0.170971602883488,14,0.8333333725671752,False
0.7000000000000001,0.1,0.98,0.9,0.7482949549720432,0.7952747143846032,0.04697975941255994,0.76399298673758,0.9645291474012584,0.2005361606636784,0.1535564012511185,7,0.8333333725671752,False
0.7000000000000001,0.15,0.98,0.9,0.7482949549720432,0.7952747143846032,0.04697975941255994,0.76399298673758,0.9477209129964377,0.1837279262588577,0.1367481668462978,4.666666666666666,0.8333333725671752,False
0.7000000000000001,0.2,0.98,0.9,0.7482949549720432,0.7952747143846032,0.04697975941255994,0.76399298673758,0.9314884576234673,0.1674954708858873,0.1205157114733274,3.5,0.8333333725671752,False
0.7000000000000001,0.25,0.98,0.9,0.7482949549720432,0.7952747143846032,0.04697975941255994,0.76399298673758,0.9158026938562976,0.1518097071187177,0.1048299477061577,2.8,0.8333333725671752,False
0.7000000000000001,0.3,0.98,0.9,0.7482949549720432,0.7952747143846032,0.04697975941255994,0.76399298673758,0.9006364610886061,0.1366434743510261,0.08966371493846614,2.333333333333333,0.8333333725671752,False
0.7000000000000001,0.35,0.98,0.9,0.7482949549720432,0.7952747143846032,0.04697975941255994,0.76399298673758,0.8859643685865792,0.1219713818489992,0.07499162243643931,2,0.8333333725671752,False
0.7000000000000001,0.4,0.98,0.9,0.7482949549720432,0.7952747143846032,0.04697975941255994,0.76399298673758,0.871762653636567,0.107769666898987,0.0607899074864271,1.75,0.8333333725671752,False
0.7000000000000001,0.45,0.98,0.9,0.7482949549720432,0.7952747143846032,0.04697975941255994,0.76399298673758,0.8580090531205691,0.09401606638298909,0.04703630697042915,1.555555555555556,0.8333333725671752,False
0.7000000000000001,0.5,0.98,0.9,0.7482949549720432,0.7952747143846032,0.04697975941255994,0.76399298673758,0.8446826870596511,0.08068970032207112,0.03370994090951118,1.4,0.8333333725671752,False
0.7000000000000001,0.55,0.98,0.9,0.7482949549720432,0.7952747143846032,0.04697975941255994,0.76399298673758,0.8317639528440136,0.06777096610643363,0.02079120669387369,1.272727272727273,0.8333333725671752,False
0.7000000000000001,0.6000000000000001,0.98,0.9,0.7482949549720432,0.7952747143846032,0.04697975941255994,0.76399298673758,0.8192344290228414,0.0552414422852614,0.008261682872701459,1.166666666666667,0.8333333725671752,False
0.7000000000000001,0.65,0.98,0.9,0.7482949549720432,0.7952747143846032,0.04697975941255994,0.76399298673758,0.8070767876608477,0.04308380092326769,-0.003895958489292251,1.076923076923077,0.8333333725671752,False
0.7000000000000001,0.7000000000000001,0.98,0.9,0.7482949549720432,0.7952747143846032,0.04697975941255994,0.76399298673758,0.7952747143846031,0.03128172764702308,-0.01569803176553686,1,0.8333333725671752,False
0.7000000000000001,0.75,0.98,0.9,0.7482949549720432,0.7952747143846032,0.04697975941255994,0.76399298673758,0.7838128353428476,0.01981984860526764,-0.0271599108072923,0.9333333333333335,0.8333333725671752,False
0.7000000000000001,0.8,0.98,0.9,0.7482949549720432,0.7952747143846032,0.04697975941255994,0.76399298673758,0.772676650393162,0.008683663655582041,-0.0382960957569779,0.875,0.8333333725671752,False
0.7000000000000001,0.8500000000000001,0.98,0.9,0.7482949549720432,0.7952747143846032,0.04697975941255994,0.76399298673758,0.7618524719044392,-0.002140514833140816,-0.04912027424570076,0.8235294117647058,0.8333333725671752,True
0.7000000000000001,0.9,0.98,0.9,0.7482949549720432,0.7952747143846032,0.04697975941255994,0.76399298673758,0.7513273686320703,-0.0126656181055097,-0.05964537751806964,0.7777777777777778,0.8333333725671752,True
0.7000000000000001,0.9500000000000001,0.98,0.9,0.7482949549720432,0.7952747143846032,0.04697975941255994,0.76399298673758,0.7410891141819725,-0.02290387255560744,-0.06988363196816738,0.736842105263158,0.8333333725671752,True
0.7000000000000001,1,0.98,0.9,0.7482949549720432,0.7952747143846032,0.04697975941255994,0.76399298673758,0.731126139631618,-0.03286684710596199,-0.07984660651852193,0.7000000000000001,0.8333333725671752,True
0.75,0.05,0.98,0.9,0.7482949549720432,0.7952747143846032,0.04697975941255994,0.76399298673758,0.9831277498006783,0.2191347630630983,0.1721550036505384,15,0.8333333725671752,False
0.75,0.1,0.98,0.9,0.7482949549720432,0.7952747143846032,0.04697975941255994,0.76399298673758,0.966815398500619,0.2028224117630391,0.1558426523504791,7.5,0.8333333725671752,False
0.75,0.15,0.98,0.9,0.7482949549720432,0.7952747143846032,0.04697975941255994,0.76399298673758,0.9510355309474966,0.1870425442099166,0.1400627847973567,4.999999999999999,0.8333333725671752,False
0.75,0.2,0.98,0.9,0.7482949549720432,0.7952747143846032,0.04697975941255994,0.76399298673758,0.9357624930700231,0.1717695063324431,0.1247897469198832,3.75,0.8333333725671752,False
0.75,0.25,0.98,0.9,0.7482949549720432,0.7952747143846032,0.04697975941255994,0.76399298673758,0.9209722527036808,0.1569792659661008,0.1099995065535408,3,0.8333333725671752,False
0.75,0.3,0.98,0.9,0.7482949549720432,0.7952747143846032,0.04697975941255994,0.76399298673758,0.9066422734094484,0.1426492866718684,0.09566952725930844,2.5,0.8333333725671752,False
0.75,0.35,0.98,0.9,0.7482949549720432,0.7952747143846032,0.04697975941255994,0.76399298673758,0.8927513998920394,0.1287584131544595,0.08177865374189952,2.142857142857143,0.8333333725671752,False
0.75,0.4,0.98,0.9,0.7482949549720432,0.7952747143846032,0.04697975941255994,0.76399298673758,0.8792797537923956,0.1152867670548157,0.06830700764225572,1.875,0.8333333725671752,False
0.75,0.45,0.98,0.9,0.7482949549720432,0.7952747143846032,0.04697975941255994,0.76399298673758,0.8662086387748884,0.1022156520373084,0.05523589262474848,1.666666666666667,0.8333333725671752,False
0.75,0.5,0.98,0.9,0.7482949549720432,0.7952747143846032,0.04697975941255994,0.76399298673758,0.8535204539561914,0.08952746721861138,0.04254770780605144,1.5,0.8333333725671752,False
0.75,0.55,0.98,0.9,0.7482949549720432,0.7952747143846032,0.04697975941255994,0.76399298673758,0.8411986148328517,0.07720562809527176,0.03022586868271182,1.363636363636364,0.8333333725671752,False
0.75,0.6000000000000001,0.98,0.9,0.7482949549720432,0.7952747143846032,0.04697975941255994,0.76399298673758,0.8292274809605604,0.06523449422298044,0.0182547348104205,1.25,0.8333333725671752,False
0.75,0.65,0.98,0.9,0.7482949549720432,0.7952747143846032,0.04697975941255994,0.76399298673758,0.8175922897219735,0.05359930298439353,0.006619543571833586,1.153846153846154,0.8333333725671752,False
0.75,0.7000000000000001,0.98,0.9,0.7482949549720432,0.7952747143846032,0.04697975941255994,0.76399298673758,0.8062790955933412,0.04228610885576123,-0.004693650556798712,1.071428571428571,0.8333333725671752,False
0.75,0.75,0.98,0.9,0.7482949549720432,0.7952747143846032,0.04697975941255994,0.76399298673758,0.7952747143846032,0.03128172764702319,-0.01569803176553675,1,0.8333333725671752,False
0.75,0.8,0.98,0.9,0.7482949549720432,0.7952747143846032,0.04697975941255994,0.76399298673758,0.7845666719841843,0.0205736852466043,-0.02640607416595564,0.9375,0.8333333725671752,False
0.75,0.8500000000000001,0.98,0.9,0.7482949549720432,0.7952747143846032,0.04697975941255994,0.76399298673758,0.7741431571895582,0.01015017045197819,-0.03682958896058175,0.8823529411764705,0.8333333725671752,False
0.75,0.9,0.98,0.9,0.7482949549720432,0.7952747143846032,0.04697975941255994,0.76399298673758,0.7639929782485834,-8.488996616762279e-9,-0.04697976790155656,0.8333333333333333,0.8333333725671752,True
0.75,0.9500000000000001,0.98,0.9,0.7482949549720432,0.7952747143846032,0.04697975941255994,0.76399298673758,0.754105522775443,-0.009887463962137022,-0.05686722337469696,0.7894736842105262,0.8333333725671752,True
0.75,1,0.98,0.9,0.7482949549720432,0.7952747143846032,0.04697975941255994,0.76399298673758,0.7444707207393799,-0.01952226599820006,-0.06650202541076,0.75,0.8333333725671752,True
0.8,0.05,0.98,0.9,0.7482949549720432,0.7952747143846032,0.04697975941255994,0.76399298673758,0.9841655677817516,0.2201725810441716,0.1731928216316116,16,0.8333333725671752,False
0.8,0.1,0.98,0.9,0.7482949549720432,0.7952747143846032,0.04697975941255994,0.76399298673758,0.9688247775108957,0.2048317907733157,0.1578520313607558,8,0.8333333725671752,False
0.8,0.15,0.98,0.9,0.7482949549720432,0.7952747143846032,0.04697975941255994,0.76399298673758,0.9539548993943013,0.1899619126567214,0.1429821532441614,5.333333333333333,0.8333333725671752,False
0.8,0.2,0.98,0.9,0.7482949549720432,0.7952747143846032,0.04697975941255994,0.76399298673758,0.9395345780053714,0.1755415912677915,0.1285618318552315,4,0.8333333725671752,False
0.8,0.25,0.98,0.9,0.7482949549720432,0.7952747143846032,0.04697975941255994,0.76399298673758,0.925543729953836,0.1615507432162561,0.1145709838036961,3.2,0.8333333725671752,False
0.8,0.3,0.98,0.9,0.7482949549720432,0.7952747143846032,0.04697975941255994,0.76399298673758,0.911963450564346,0.147970463826766,0.1009907044142061,2.666666666666667,0.8333333725671752,False
0.8,0.35,0.98,0.9,0.7482949549720432,0.7952747143846032,0.04697975941255994,0.76399298673758,0.8987759286519553,0.1347829419143753,0.0878031825018154,2.285714285714286,0.8333333725671752,False
0.8,0.4,0.98,0.9,0.7482949549720432,0.7952747143846032,0.04697975941255994,0.76399298673758,0.8859643685865792,0.1219713818489992,0.07499162243643931,2,0.8333333725671752,False
0.8,0.45,0.98,0.9,0.7482949549720432,0.7952747143846032,0.04697975941255994,0.76399298673758,0.8735129189293432,0.1095199321917633,0.06254017277920332,1.777777777777778,0.8333333725671752,False
0.8,0.5,0.98,0.9,0.7482949549720432,0.7952747143846032,0.04697975941255994,0.76399298673758,0.8614066070032522,0.09741362026567224,0.0504338608531123,1.6,0.8333333725671752,False
0.8,0.55,0.98,0.9,0.7482949549720432,0.7952747143846032,0.04697975941255994,0.76399298673758,0.8496312788303262,0.0856382920927462,0.03865853268018626,1.454545454545455,0.8333333725671752,False
0.8,0.6000000000000001,0.98,0.9,0.7482949549720432,0.7952747143846032,0.04697975941255994,0.76399298673758,0.838173543928617,0.074180557191037,0.02720079777847706,1.333333333333333,0.8333333725671752,False
0.8,0.65,0.98,0.9,0.7482949549720432,0.7952747143846032,0.04697975941255994,0.76399298673758,0.8270207245164435,0.0630277377788635,0.01604797836630356,1.230769230769231,0.8333333725671752,False
0.8,0.7000000000000001,0.98,0.9,0.7482949549720432,0.7952747143846032,0.04697975941255994,0.76399298673758,0.8161608087187328,0.05216782198115277,0.005188062568592833,1.142857142857143,0.8333333725671752,False
0.8,0.75,0.98,0.9,0.7482949549720432,0.7952747143846032,0.04697975941255994,0.76399298673758,0.805582407412368,0.04158942067478799,-0.005390338737771949,1.066666666666667,0.8333333725671752,False
0.8,0.8,0.98,0.9,0.7482949549720432,0.7952747143846032,0.04697975941255994,0.76399298673758,0.7952747143846032,0.03128172764702319,-0.01569803176553675,1,0.8333333725671752,False
0.8,0.8500000000000001,0.98,0.9,0.7482949549720432,0.7952747143846032,0.04697975941255994,0.76399298673758,0.7852274695115528,0.02123448277397277,-0.02574527663858717,0.9411764705882353,0.8333333725671752,False
0.8,0.9,0.98,0.9,0.7482949549720432,0.7952747143846032,0.04697975941255994,0.76399298673758,0.7754309246930049,0.01143793795542491,-0.03554182145713503,0.888888888888889,0.8333333725671752,False
0.8,0.9500000000000001,0.98,0.9,0.7482949549720432,0.7952747143846032,0.04697975941255994,0.76399298673758,0.7658758123058099,0.00188282556822994,-0.04509693384433,0.8421052631578947,0.8333333725671752,False
0.8,1,0.98,0.9,0.7482949549720432,0.7952747143846032,0.04697975941255994,0.76399298673758,0.756553315961243,-0.007439670776337004,-0.05441943018889694,0.8,0.8333333725671752,True
0.8500000000000001,0.05,0.98,0.9,0.7482949549720432,0.7952747143846032,0.04697975941255994,0.76399298673758,0.9850831108257345,0.2210901240881545,0.1741103646755946,17,0.8333333725671752,False
0.8500000000000001,0.1,0.98,0.9,0.7482949549720432,0.7952747143846032,0.04697975941255994,0.76399298673758,0.9706047079650004,0.2066117212274204,0.1596319618148605,8.5,0.8333333725671752,False
0.8500000000000001,0.15,0.98,0.9,0.7482949549720432,0.7952747143846032,0.04697975941255994,0.76399298673758,0.956545737318347,0.192552750580767,0.1455729911682071,5.666666666666666,0.8333333725671752,False
0.8500000000000001,0.2,0.98,0.9,0.7482949549720432,0.7952747143846032,0.04697975941255994,0.76399298673758,0.9428882329996121,0.1788952462620321,0.1319154868494722,4.25,0.8333333725671752,False
0.8500000000000001,0.25,0.98,0.9,0.7482949549720432,0.7952747143846032,0.04697975941255994,0.76399298673758,0.9296152407422913,0.1656222540047113,0.1186424945921514,3.4,0.8333333725671752,False
0.8500000000000001,0.3,0.98,0.9,0.7482949549720432,0.7952747143846032,0.04697975941255994,0.76399298673758,0.916710747685334,0.152717760947754,0.1057380015351941,2.833333333333333,0.8333333725671752,False
0.8500000000000001,0.35,0.98,0.9,0.7482949549720432,0.7952747143846032,0.04697975941255994,0.76399298673758,0.9041596179269589,0.1401666311893789,0.09318687177681895,2.428571428571428,0.8333333725671752,False
0.8500000000000001,0.4,0.98,0.9,0.7482949549720432,0.7952747143846032,0.04697975941255994,0.76399298673758,0.8919475333011462,0.1279545465635662,0.08097478715100626,2.125,0.8333333725671752,False
0.8500000000000001,0.45,0.98,0.9,0.7482949549720432,0.7952747143846032,0.04697975941255994,0.76399298673758,0.8800609388896049,0.1160679521520249,0.06908819273946498,1.888888888888889,0.8333333725671752,False
0.8500000000000001,0.5,0.98,0.9,0.7482949549720432,0.7952747143846032,0.04697975941255994,0.76399298673758,0.8684869928332702,0.1044940060956903,0.05751424668313032,1.7,0.8333333725671752,False
0.8500000000000001,0.55,0.98,0.9,0.7482949549720432,0.7952747143846032,0.04697975941255994,0.76399298673758,0.8572135200526599,0.09322053331507996,0.04624077390252002,1.545454545454545,0.8333333725671752,False
0.8500000000000001,0.6000000000000001,0.98,0.9,0.7482949549720432,0.7952747143846032,0.04697975941255994,0.76399298673758,0.8462289695264644,0.08223598278888444,0.0352562233763245,1.416666666666667,0.8333333725671752,False
0.8500000000000001,0.65,0.98,0.9,0.7482949549720432,0.7952747143846032,0.04697975941255994,0.76399298673758,0.8355223748132372,0.07152938807565723,0.02454962866309729,1.307692307692308,0.8333333725671752,False
0.8500000000000001,0.7000000000000001,0.98,0.9,0.7482949549720432,0.7952747143846032,0.04697975941255994,0.76399298673758,0.8250833175325474,0.0610903307949674,0.01411057138240746,1.214285714285714,0.8333333725671752,False
0.8500000000000001,0.75,0.98,0.9,0.7482949549720432,0.7952747143846032,0.04697975941255994,0.76399298673758,0.8149018935499613,0.05090890681238136,0.00392914739982142,1.133333333333334,0.8333333725671752,False
0.8500000000000001,0.8,0.98,0.9,0.7482949549720432,0.7952747143846032,0.04697975941255994,0.76399298673758,0.8049686816351447,0.0409756948975647,-0.006004064514995244,1.0625,0.8333333725671752,False
0.8500000000000001,0.8500000000000001,0.98,0.9,0.7482949549720432,0.7952747143846032,0.04697975941255994,0.76399298673758,0.7952747143846032,0.03128172764702319,-0.01569803176553675,1,0.8333333725671752,False
0.8500000000000001,0.9,0.98,0.9,0.7482949549720432,0.7952747143846032,0.04697975941255994,0.76399298673758,0.7858114512204296,0.02181846448284963,-0.02516129492971031,0.9444444444444445,0.8333333725671752,False
0.8500000000000001,0.9500000000000001,0.98,0.9,0.7482949549720432,0.7952747143846032,0.04697975941255994,0.76399298673758,0.7765707532941665,0.01257776655658649,-0.03440199285597345,0.8947368421052632,0.8333333725671752,False
0.8500000000000001,1,0.98,0.9,0.7482949549720432,0.7952747143846032,0.04697975941255994,0.76399298673758,0.767544860140788,0.003551873403208061,-0.04342788600935188,0.8500000000000001,0.8333333725671752,False
0.9,0.05,0.98,0.9,0.7482949549720432,0.7952747143846032,0.04697975941255994,0.76399298673758,0.9859001421122224,0.2219071553746425,0.1749273959620825,18,0.8333333725671752,False
0.9,0.1,0.98,0.9,0.7482949549720432,0.7952747143846032,0.04697975941255994,0.76399298673758,0.9721923678854555,0.2081993811478755,0.1612196217353156,9,0.8333333725671752,False
0.9,0.15,0.98,0.9,0.7482949549720432,0.7952747143846032,0.04697975941255994,0.76399298673758,0.9588605472124383,0.1948675604748583,0.1478878010622984,5.999999999999999,0.8333333725671752,False
0.9,0.2,0.98,0.9,0.7482949549720432,0.7952747143846032,0.04697975941255994,0.76399298673758,0.9458894227953242,0.1818964360577442,0.1349166766451843,4.5,0.8333333725671752,False
0.9,0.25,0.98,0.9,0.7482949549720432,0.7952747143846032,0.04697975941255994,0.76399298673758,0.9332645518983534,0.1692715651607735,0.1222918057482135,3.6,0.8333333725671752,False
0.9,0.3,0.98,0.9,0.7482949549720432,0.7952747143846032,0.04697975941255994,0.76399298673758,0.9209722527036808,0.1569792659661008,0.1099995065535408,3,0.8333333725671752,False
0.9,0.35,0.98,0.9,0.7482949549720432,0.7952747143846032,0.04697975941255994,0.76399298673758,0.9089995548514693,0.1450065681138893,0.0980268087013294,2.571428571428571,0.8333333725671752,False
0.9,0.4,0.98,0.9,0.7482949549720432,0.7952747143846032,0.04697975941255994,0.76399298673758,0.8973341537883663,0.1333411670507864,0.08636140763822642,2.25,0.8333333725671752,False
0.9,0.45,0.98,0.9,0.7482949549720432,0.7952747143846032,0.04697975941255994,0.76399298673758,0.8859643685865792,0.1219713818489992,0.07499162243643931,2,0.8333333725671752,False
0.9,0.5,0.98,0.9,0.7482949549720432,0.7952747143846032,0.04697975941255994,0.76399298673758,0.8748791029295812,0.1108861161920012,0.06390635677944123,1.8,0.8333333725671752,False
0.9,0.55,0.98,0.9,0.7482949549720432,0.7952747143846032,0.04697975941255994,0.76399298673758,0.8640678089905246,0.1000748222529446,0.05309506284038468,1.636363636363636,0.8333333725671752,False
0.9,0.6000000000000001,0.98,0.9,0.7482949549720432,0.7952747143846032,0.04697975941255994,0.76399298673758,0.8535204539561912,0.08952746721861127,0.04254770780605133,1.5,0.8333333725671752,False
0.9,0.65,0.98,0.9,0.7482949549720432,0.7952747143846032,0.04697975941255994,0.76399298673758,0.8432274889731539,0.07923450223557393,0.03225474282301399,1.384615384615385,0.8333333725671752,False
0.9,0.7000000000000001,0.98,0.9,0.7482949549720432,0.7952747143846032,0.04697975941255994,0.76399298673758,0.8331798203141124,0.06918683357653244,0.0222070741639725,1.285714285714286,0.8333333725671752,False
0.9,0.75,0.98,0.9,0.7482949549720432,0.7952747143846032,0.04697975941255994,0.76399298673758,0.8233687825813997,0.05937579584381969,0.01239603643125975,1.2,0.8333333725671752,False
0.9,0.8,0.98,0.9,0.7482949549720432,0.7952747143846032,0.04697975941255994,0.76399298673758,0.8137861137816922,0.04979312704411221,0.002813367631552266,1.125,0.8333333725671752,False
0.9,0.8500000000000001,0.98,0.9,0.7482949549720432,0.7952747143846032,0.04697975941255994,0.76399298673758,0.8044239321212354,0.04043094538365544,-0.006548814028904504,1.058823529411765,0.8333333725671752,False
0.9,0.9,0.98,0.9,0.7482949549720432,0.7952747143846032,0.04697975941255994,0.76399298673758,0.7952747143846032,0.03128172764702319,-0.01569803176553675,1,0.8333333725671752,False
0.9,0.9500000000000001,0.98,0.9,0.7482949549720432,0.7952747143846032,0.04697975941255994,0.76399298673758,0.786331275772336,0.02233828903475599,-0.02464147037780395,0.9473684210526315,0.8333333725671752,False
0.9,1,0.98,0.9,0.7482949549720432,0.7952747143846032,0.04697975941255994,0.76399298673758,0.7775867510838923,0.01359376434631232,-0.03338599506624762,0.9,0.8333333725671752,False
0.9500000000000001,0.05,0.98,0.9,0.7482949549720432,0.7952747143846032,0.04697975941255994,0.76399298673758,0.9866323197699195,0.2226393330323395,0.1756595736197796,19,0.8333333725671752,False
0.9500000000000001,0.1,0.98,0.9,0.7482949549720432,0.7952747143846032,0.04697975941255994,0.76399298673758,0.9736173148386862,0.2096243281011062,0.1626445686885463,9.5,0.8333333725671752,False
0.9500000000000001,0.15,0.98,0.9,0.7482949549720432,0.7952747143846032,0.04697975941255994,0.76399298673758,0.9609412101359124,0.1969482233983324,0.1499684639857725,6.333333333333333,0.8333333725671752,False
0.9500000000000001,0.2,0.98,0.9,0.7482949549720432,0.7952747143846032,0.04697975941255994,0.76399298673758,0.9485909387546473,0.1845979520170673,0.1376181926045074,4.75,0.8333333725671752,False
0.9500000000000001,0.25,0.98,0.9,0.7482949549720432,0.7952747143846032,0.04697975941255994,0.76399298673758,0.9365540970213087,0.1725611102837287,0.1255813508711687,3.8,0.8333333725671752,False
0.9500000000000001,0.3,0.98,0.9,0.7482949549720432,0.7952747143846032,0.04697975941255994,0.76399298673758,0.924818902943506,0.160825916205926,0.1138461567933661,3.166666666666667,0.8333333725671752,False
0.9500000000000001,0.35,0.98,0.9,0.7482949549720432,0.7952747143846032,0.04697975941255994,0.76399298673758,0.9133741577431426,0.1493811710055626,0.1024014115930026,2.714285714285714,0.8333333725671752,False
0.9500000000000001,0.4,0.98,0.9,0.7482949549720432,0.7952747143846032,0.04697975941255994,0.76399298673758,0.902209210210799,0.138216223473219,0.09123646406065911,2.375,0.8333333725671752,False
0.9500000000000001,0.45,0.98,0.9,0.7482949549720432,0.7952747143846032,0.04697975941255994,0.76399298673758,0.8913139236429051,0.1273209369053251,0.08034117749276515,2.111111111111111,0.8333333725671752,False
0.9500000000000001,0.5,0.98,0.9,0.7482949549720432,0.7952747143846032,0.04697975941255994,0.76399298673758,0.880678645145972,0.1166856584083921,0.06970589899583213,1.9,0.8333333725671752,False
0.9500000000000001,0.55,0.98,0.9,0.7482949549720432,0.7952747143846032,0.04697975941255994,0.76399298673758,0.8702941771125084,0.1063011903749285,0.05932143096236853,1.727272727272727,0.8333333725671752,False
0.9500000000000001,0.6000000000000001,0.98,0.9,0.7482949549720432,0.7952747143846032,0.04697975941255994,0.76399298673758,0.8601517506914582,0.09615876395387823,0.04917900454131829,1.583333333333333,0.8333333725671752,False
0.9500000000000001,0.65,0.98,0.9,0.7482949549720432,0.7952747143846032,0.04697975941255994,0.76399298673758,0.8502430010923246,0.08625001435474466,0.03927025494218472,1.461538461538462,0.8333333725671752,False
0.9500000000000001,0.7000000000000001,0.98,0.9,0.7482949549720432,0.7952747143846032,0.04697975941255994,0.76399298673758,0.8405599445767998,0.07656695783921985,0.02958719842665991,1.357142857142857,0.8333333725671752,False
0.9500000000000001,0.75,0.98,0.9,0.7482949549720432,0.7952747143846032,0.04697975941255994,0.76399298673758,0.8310949570048856,0.06710197026730558,0.02012221085474564,1.266666666666667,0.8333333725671752,False
0.9500000000000001,0.8,0.98,0.9,0.7482949549720432,0.7952747143846032,0.04697975941255994,0.76399298673758,0.8218407538143423,0.05784776707676231,0.01086800766420237,1.1875,0.8333333725671752,False
0.9500000000000001,0.8500000000000001,0.98,0.9,0.7482949549720432,0.7952747143846032,0.04697975941255994,0.76399298673758,0.8127903713229759,0.04879738458539595,0.001817625172836013,1.117647058823529,0.8333333725671752,False
0.9500000000000001,0.9,0.98,0.9,0.7482949549720432,0.7952747143846032,0.04697975941255994,0.76399298673758,0.8039371492528994,0.0399441625153194,-0.007035596897240537,1.055555555555556,0.8333333725671752,False
0.9500000000000001,0.9500000000000001,0.98,0.9,0.7482949549720432,0.7952747143846032,0.04697975941255994,0.76399298673758,0.7952747143846032,0.03128172764702319,-0.01569803176553675,1,0.8333333725671752,False
0.9500000000000001,1,0.98,0.9,0.7482949549720432,0.7952747143846032,0.04697975941255994,0.76399298673758,0.7867969652565259,0.02280397851894589,-0.02417578089361405,0.9500000000000001,0.8333333725671752,False
1,0.05,0.98,0.9,0.7482949549720432,0.7952747143846032,0.04697975941255994,0.76399298673758,0.9872922100978313,0.2232992233602513,0.1763194639476914,20,0.8333333725671752,False
1,0.1,0.98,0.9,0.7482949549720432,0.7952747143846032,0.04697975941255994,0.76399298673758,0.974903343237053,0.210910356499473,0.163930597086913,10,0.8333333725671752,False
1,0.15,0.98,0.9,0.7482949549720432,0.7952747143846032,0.04697975941255994,0.76399298673758,0.9628215423508774,0.1988285556132974,0.1518487962007374,6.666666666666666,0.8333333725671752,False
1,0.2,0.98,0.9,0.7482949549720432,0.7952747143846032,0.04697975941255994,0.76399298673758,0.9510355309474966,0.1870425442099166,0.1400627847973567,5,0.8333333725671752,False
1,0.25,0.98,0.9,0.7482949549720432,0.7952747143846032,0.04697975941255994,0.76399298673758,0.9395345780053714,0.1755415912677915,0.1285618318552315,4,0.8333333725671752,False
1,0.3,0.98,0.9,0.7482949549720432,0.7952747143846032,0.04697975941255994,0.76399298673758,0.9283084653852306,0.1643154786476506,0.1173357192350907,3.333333333333333,0.8333333725671752,False
1,0.35,0.98,0.9,0.7482949549720432,0.7952747143846032,0.04697975941255994,0.76399298673758,0.9173474575507686,0.1533544708131886,0.1063747114006287,2.857142857142857,0.8333333725671752,False
1,0.4,0.98,0.9,0.7482949549720432,0.7952747143846032,0.04697975941255994,0.76399298673758,0.9066422734094484,0.1426492866718684,0.09566952725930844,2.5,0.8333333725671752,False
1,0.45,0.98,0.9,0.7482949549720432,0.7952747143846032,0.04697975941255994,0.76399298673758,0.8961840601022192,0.1321910733646392,0.08521131395207926,2.222222222222222,0.8333333725671752,False
1,0.5,0.98,0.9,0.7482949549720432,0.7952747143846032,0.04697975941255994,0.76399298673758,0.8859643685865793,0.1219713818489994,0.07499162243643942,2,0.8333333725671752,False
1,0.55,0.98,0.9,0.7482949549720432,0.7952747143846032,0.04697975941255994,0.76399298673758,0.8759751308714414,0.1119821441338614,0.06500238472130149,1.818181818181818,0.8333333725671752,False
1,0.6000000000000001,0.98,0.9,0.7482949549720432,0.7952747143846032,0.04697975941255994,0.76399298673758,0.8662086387748884,0.1022156520373084,0.05523589262474848,1.666666666666667,0.8333333725671752,False
1,0.65,0.98,0.9,0.7482949549720432,0.7952747143846032,0.04697975941255994,0.76399298673758,0.8566575240872742,0.09266453734969426,0.04568477793713432,1.538461538461538,0.8333333725671752,False
1,0.7000000000000001,0.98,0.9,0.7482949549720432,0.7952747143846032,0.04697975941255994,0.76399298673758,0.8473147400323828,0.08332175329480285,0.03634199388224291,1.428571428571428,0.8333333725671752,False
1,0.75,0.98,0.9,0.7482949549720432,0.7952747143846032,0.04697975941255994,0.76399298673758,0.8381735439286171,0.07418055719103711,0.02720079777847717,1.333333333333333,0.8333333725671752,False
1,0.8,0.98,0.9,0.7482949549720432,0.7952747143846032,0.04697975941255994,0.76399298673758,0.8292274809605605,0.06523449422298055,0.01825473481042061,1.25,0.8333333725671752,False
1,0.8500000000000001,0.98,0.9,0.7482949549720432,0.7952747143846032,0.04697975941255994,0.76399298673758,0.8204703689788273,0.05647738224124732,0.00949762282868738,1.176470588235294,0.8333333725671752,False
1,0.9,0.98,0.9,0.7482949549720432,0.7952747143846032,0.04697975941255994,0.76399298673758,0.8118962842529802,0.04790329751540023,0.0009235381028402934,1.111111111111111,0.8333333725671752,False
1,0.9500000000000001,0.98,0.9,0.7482949549720432,0.7952747143846032,0.04697975941255994,0.76399298673758,0.8034995481085211,0.03950656137094111,-0.007473198041618834,1.052631578947368,0.8333333725671752,False
1,1,0.98,0.9,0.7482949549720432,0.7952747143846032,0.04697975941255994,0.76399298673758,0.7952747143846032,0.03128172764702319,-0.01569803176553675,1,0.8333333725671752,False
