control_extraction_success_random_within_arm,treatment_extraction_success_random_within_arm,raw_control_accuracy,raw_treatment_accuracy,raw_effect,derived_control_accuracy_failure_to_zero,derived_treatment_accuracy_failure_to_zero,derived_effect,distortion,sign_reversed_relative_to_raw,true_null_apparent_effect_if_p0_equals_p1,zero_effect_boundary_residual_r1p1_minus_r0p0
0,0,0.7482949549720432,0.7952747143846032,0.04697975941255994,0,0,0,-0.04697975941255994,False,0,0
0,0.05,0.7482949549720432,0.7952747143846032,0.04697975941255994,0,0.03976373571923016,0.03976373571923016,-0.007216023693329777,False,0.03741474774860216,0.03976373571923016
0,0.1,0.7482949549720432,0.7952747143846032,0.04697975941255994,0,0.07952747143846033,0.07952747143846033,0.03254771202590039,False,0.07482949549720433,0.07952747143846033
0,0.15,0.7482949549720432,0.7952747143846032,0.04697975941255994,0,0.1192912071576905,0.1192912071576905,0.07231144774513056,False,0.1122442432458065,0.1192912071576905
0,0.2,0.7482949549720432,0.7952747143846032,0.04697975941255994,0,0.1590549428769207,0.1590549428769207,0.1120751834643607,False,0.1496589909944087,0.1590549428769207
0,0.25,0.7482949549720432,0.7952747143846032,0.04697975941255994,0,0.1988186785961508,0.1988186785961508,0.1518389191835909,False,0.1870737387430108,0.1988186785961508
0,0.3,0.7482949549720432,0.7952747143846032,0.04697975941255994,0,0.238582414315381,0.238582414315381,0.1916026549028211,False,0.224488486491613,0.238582414315381
0,0.35,0.7482949549720432,0.7952747143846032,0.04697975941255994,0,0.2783461500346112,0.2783461500346112,0.2313663906220512,False,0.2619032342402152,0.2783461500346112
0,0.4,0.7482949549720432,0.7952747143846032,0.04697975941255994,0,0.3181098857538413,0.3181098857538413,0.2711301263412814,False,0.2993179819888173,0.3181098857538413
0,0.45,0.7482949549720432,0.7952747143846032,0.04697975941255994,0,0.3578736214730714,0.3578736214730714,0.3108938620605115,False,0.3367327297374195,0.3578736214730714
0,0.5,0.7482949549720432,0.7952747143846032,0.04697975941255994,0,0.3976373571923016,0.3976373571923016,0.3506575977797416,False,0.3741474774860216,0.3976373571923016
0,0.55,0.7482949549720432,0.7952747143846032,0.04697975941255994,0,0.4374010929115318,0.4374010929115318,0.3904213334989718,False,0.4115622252346238,0.4374010929115318
0,0.6000000000000001,0.7482949549720432,0.7952747143846032,0.04697975941255994,0,0.477164828630762,0.477164828630762,0.430185069218202,False,0.448976972983226,0.477164828630762
0,0.65,0.7482949549720432,0.7952747143846032,0.04697975941255994,0,0.5169285643499921,0.5169285643499921,0.4699488049374322,False,0.4863917207318281,0.5169285643499921
0,0.7000000000000001,0.7482949549720432,0.7952747143846032,0.04697975941255994,0,0.5566923000692223,0.5566923000692223,0.5097125406566624,False,0.5238064684804303,0.5566923000692223
0,0.75,0.7482949549720432,0.7952747143846032,0.04697975941255994,0,0.5964560357884524,0.5964560357884524,0.5494762763758925,False,0.5612212162290324,0.5964560357884524
0,0.8,0.7482949549720432,0.7952747143846032,0.04697975941255994,0,0.6362197715076826,0.6362197715076826,0.5892400120951227,False,0.5986359639776346,0.6362197715076826
0,0.8500000000000001,0.7482949549720432,0.7952747143846032,0.04697975941255994,0,0.6759835072269128,0.6759835072269128,0.6290037478143529,False,0.6360507117262368,0.6759835072269128
0,0.9,0.7482949549720432,0.7952747143846032,0.04697975941255994,0,0.7157472429461429,0.7157472429461429,0.668767483533583,False,0.6734654594748389,0.7157472429461429
0,0.9500000000000001,0.7482949549720432,0.7952747143846032,0.04697975941255994,0,0.7555109786653731,0.7555109786653731,0.7085312192528131,False,0.7108802072234411,0.7555109786653731
0,1,0.7482949549720432,0.7952747143846032,0.04697975941255994,0,0.7952747143846032,0.7952747143846032,0.7482949549720432,False,0.7482949549720432,0.7952747143846032
0.05,0,0.7482949549720432,0.7952747143846032,0.04697975941255994,0.03741474774860216,0,-0.03741474774860216,-0.08439450716116211,True,-0.03741474774860216,-0.03741474774860216
0.05,0.05,0.7482949549720432,0.7952747143846032,0.04697975941255994,0.03741474774860216,0.03976373571923016,0.002348987970627998,-0.04463077144193194,False,0,0.002348987970627998
0.05,0.1,0.7482949549720432,0.7952747143846032,0.04697975941255994,0.03741474774860216,0.07952747143846033,0.04211272368985816,-0.004867035722701779,False,0.03741474774860216,0.04211272368985816
0.05,0.15,0.7482949549720432,0.7952747143846032,0.04697975941255994,0.03741474774860216,0.1192912071576905,0.08187645940908833,0.03489669999652839,False,0.07482949549720434,0.08187645940908833
0.05,0.2,0.7482949549720432,0.7952747143846032,0.04697975941255994,0.03741474774860216,0.1590549428769207,0.1216401951283185,0.07466043571575855,False,0.1122442432458065,0.1216401951283185
0.05,0.25,0.7482949549720432,0.7952747143846032,0.04697975941255994,0.03741474774860216,0.1988186785961508,0.1614039308475486,0.1144241714349887,False,0.1496589909944087,0.1614039308475486
0.05,0.3,0.7482949549720432,0.7952747143846032,0.04697975941255994,0.03741474774860216,0.238582414315381,0.2011676665667788,0.1541879071542189,False,0.1870737387430108,0.2011676665667788
0.05,0.35,0.7482949549720432,0.7952747143846032,0.04697975941255994,0.03741474774860216,0.2783461500346112,0.240931402286009,0.1939516428734491,False,0.224488486491613,0.240931402286009
0.05,0.4,0.7482949549720432,0.7952747143846032,0.04697975941255994,0.03741474774860216,0.3181098857538413,0.2806951380052392,0.2337153785926792,False,0.2619032342402152,0.2806951380052392
0.05,0.45,0.7482949549720432,0.7952747143846032,0.04697975941255994,0.03741474774860216,0.3578736214730714,0.3204588737244693,0.2734791143119094,False,0.2993179819888173,0.3204588737244693
0.05,0.5,0.7482949549720432,0.7952747143846032,0.04697975941255994,0.03741474774860216,0.3976373571923016,0.3602226094436994,0.3132428500311395,False,0.3367327297374195,0.3602226094436994
0.05,0.55,0.7482949549720432,0.7952747143846032,0.04697975941255994,0.03741474774860216,0.4374010929115318,0.3999863451629296,0.3530065857503697,False,0.3741474774860216,0.3999863451629296
0.05,0.6000000000000001,0.7482949549720432,0.7952747143846032,0.04697975941255994,0.03741474774860216,0.477164828630762,0.4397500808821598,0.3927703214695999,False,0.4115622252346238,0.4397500808821598
0.05,0.65,0.7482949549720432,0.7952747143846032,0.04697975941255994,0.03741474774860216,0.5169285643499921,0.47951381660139,0.43253405718883,False,0.4489769729832259,0.47951381660139
0.05,0.7000000000000001,0.7482949549720432,0.7952747143846032,0.04697975941255994,0.03741474774860216,0.5566923000692223,0.5192775523206201,0.4722977929080602,False,0.4863917207318281,0.5192775523206201
0.05,0.75,0.7482949549720432,0.7952747143846032,0.04697975941255994,0.03741474774860216,0.5964560357884524,0.5590412880398502,0.5120615286272903,False,0.5238064684804302,0.5590412880398502
0.05,0.8,0.7482949549720432,0.7952747143846032,0.04697975941255994,0.03741474774860216,0.6362197715076826,0.5988050237590804,0.5518252643465205,False,0.5612212162290324,0.5988050237590804
0.05,0.8500000000000001,0.7482949549720432,0.7952747143846032,0.04697975941255994,0.03741474774860216,0.6759835072269128,0.6385687594783106,0.5915890000657507,False,0.5986359639776346,0.6385687594783106
0.05,0.9,0.7482949549720432,0.7952747143846032,0.04697975941255994,0.03741474774860216,0.7157472429461429,0.6783324951975407,0.6313527357849807,False,0.6360507117262367,0.6783324951975407
0.05,0.9500000000000001,0.7482949549720432,0.7952747143846032,0.04697975941255994,0.03741474774860216,0.7555109786653731,0.7180962309167709,0.6711164715042109,False,0.6734654594748389,0.7180962309167709
0.05,1,0.7482949549720432,0.7952747143846032,0.04697975941255994,0.03741474774860216,0.7952747143846032,0.757859966636001,0.710880207223441,False,0.710880207223441,0.757859966636001
0.1,0,0.7482949549720432,0.7952747143846032,0.04697975941255994,0.07482949549720433,0,-0.07482949549720433,-0.1218092549097643,True,-0.07482949549720433,-0.07482949549720433
0.1,0.05,0.7482949549720432,0.7952747143846032,0.04697975941255994,0.07482949549720433,0.03976373571923016,-0.03506575977797417,-0.0820455191905341,True,-0.03741474774860216,-0.03506575977797417
0.1,0.1,0.7482949549720432,0.7952747143846032,0.04697975941255994,0.07482949549720433,0.07952747143846033,0.004697975941255997,-0.04228178347130394,False,0,0.004697975941255997
0.1,0.15,0.7482949549720432,0.7952747143846032,0.04697975941255994,0.07482949549720433,0.1192912071576905,0.04446171166048617,-0.002518047752073774,False,0.03741474774860217,0.04446171166048617
0.1,0.2,0.7482949549720432,0.7952747143846032,0.04697975941255994,0.07482949549720433,0.1590549428769207,0.08422544737971632,0.03724568796715638,False,0.07482949549720433,0.08422544737971632
0.1,0.25,0.7482949549720432,0.7952747143846032,0.04697975941255994,0.07482949549720433,0.1988186785961508,0.1239891830989465,0.07700942368638652,False,0.1122442432458065,0.1239891830989465
0.1,0.3,0.7482949549720432,0.7952747143846032,0.04697975941255994,0.07482949549720433,0.238582414315381,0.1637529188181767,0.1167731594056167,False,0.1496589909944087,0.1637529188181767
0.1,0.35,0.7482949549720432,0.7952747143846032,0.04697975941255994,0.07482949549720433,0.2783461500346112,0.2035166545374068,0.1565368951248469,False,0.1870737387430108,0.2035166545374068
0.1,0.4,0.7482949549720432,0.7952747143846032,0.04697975941255994,0.07482949549720433,0.3181098857538413,0.243280390256637,0.196300630844077,False,0.224488486491613,0.243280390256637
0.1,0.45,0.7482949549720432,0.7952747143846032,0.04697975941255994,0.07482949549720433,0.3578736214730714,0.2830441259758671,0.2360643665633072,False,0.2619032342402151,0.2830441259758671
0.1,0.5,0.7482949549720432,0.7952747143846032,0.04697975941255994,0.07482949549720433,0.3976373571923016,0.3228078616950972,0.2758281022825373,False,0.2993179819888173,0.3228078616950972
0.1,0.55,0.7482949549720432,0.7952747143846032,0.04697975941255994,0.07482949549720433,0.4374010929115318,0.3625715974143274,0.3155918380017675,False,0.3367327297374195,0.3625715974143274
0.1,0.6000000000000001,0.7482949549720432,0.7952747143846032,0.04697975941255994,0.07482949549720433,0.477164828630762,0.4023353331335576,0.3553555737209977,False,0.3741474774860217,0.4023353331335576
0.1,0.65,0.7482949549720432,0.7952747143846032,0.04697975941255994,0.07482949549720433,0.5169285643499921,0.4420990688527878,0.3951193094402279,False,0.4115622252346238,0.4420990688527878
0.1,0.7000000000000001,0.7482949549720432,0.7952747143846032,0.04697975941255994,0.07482949549720433,0.5566923000692223,0.481862804572018,0.4348830451594581,False,0.448976972983226,0.481862804572018
0.1,0.75,0.7482949549720432,0.7952747143846032,0.04697975941255994,0.07482949549720433,0.5964560357884524,0.5216265402912481,0.4746467808786882,False,0.4863917207318281,0.5216265402912481
0.1,0.8,0.7482949549720432,0.7952747143846032,0.04697975941255994,0.07482949549720433,0.6362197715076826,0.5613902760104783,0.5144105165979184,False,0.5238064684804303,0.5613902760104783
0.1,0.8500000000000001,0.7482949549720432,0.7952747143846032,0.04697975941255994,0.07482949549720433,0.6759835072269128,0.6011540117297085,0.5541742523171486,False,0.5612212162290325,0.6011540117297085
0.1,0.9,0.7482949549720432,0.7952747143846032,0.04697975941255994,0.07482949549720433,0.7157472429461429,0.6409177474489386,0.5939379880363787,False,0.5986359639776346,0.6409177474489386
0.1,0.9500000000000001,0.7482949549720432,0.7952747143846032,0.04697975941255994,0.07482949549720433,0.7555109786653731,0.6806814831681688,0.6337017237556088,False,0.6360507117262368,0.6806814831681688
0.1,1,0.7482949549720432,0.7952747143846032,0.04697975941255994,0.07482949549720433,0.7952747143846032,0.7204452188873989,0.6734654594748389,False,0.6734654594748389,0.7204452188873989
0.15,0,0.7482949549720432,0.7952747143846032,0.04697975941255994,0.1122442432458065,0,-0.1122442432458065,-0.1592240026583664,True,-0.1122442432458065,-0.1122442432458065
0.15,0.05,0.7482949549720432,0.7952747143846032,0.04697975941255994,0.1122442432458065,0.03976373571923016,-0.07248050752657634,-0.1194602669391363,True,-0.07482949549720434,-0.07248050752657634
0.15,0.1,0.7482949549720432,0.7952747143846032,0.04697975941255994,0.1122442432458065,0.07952747143846033,-0.03271677180734618,-0.07969653121990612,True,-0.03741474774860217,-0.03271677180734618
0.15,0.15,0.7482949549720432,0.7952747143846032,0.04697975941255994,0.1122442432458065,0.1192912071576905,0.007046963911883988,-0.03993279550067595,False,0,0.007046963911883988
0.15,0.2,0.7482949549720432,0.7952747143846032,0.04697975941255994,0.1122442432458065,0.1590549428769207,0.04681069963111414,-0.0001690597814457961,False,0.03741474774860215,0.04681069963111414
0.15,0.25,0.7482949549720432,0.7952747143846032,0.04697975941255994,0.1122442432458065,0.1988186785961508,0.08657443535034429,0.03959467593778435,False,0.0748294954972043,0.08657443535034429
0.15,0.3,0.7482949549720432,0.7952747143846032,0.04697975941255994,0.1122442432458065,0.238582414315381,0.1263381710695745,0.07935841165701454,False,0.1122442432458065,0.1263381710695745
0.15,0.35,0.7482949549720432,0.7952747143846032,0.04697975941255994,0.1122442432458065,0.2783461500346112,0.1661019067888047,0.1191221473762447,False,0.1496589909944087,0.1661019067888047
0.15,0.4,0.7482949549720432,0.7952747143846032,0.04697975941255994,0.1122442432458065,0.3181098857538413,0.2058656425080348,0.1588858830954749,False,0.1870737387430108,0.2058656425080348
0.15,0.45,0.7482949549720432,0.7952747143846032,0.04697975941255994,0.1122442432458065,0.3578736214730714,0.2456293782272649,0.198649618814705,False,0.224488486491613,0.2456293782272649
0.15,0.5,0.7482949549720432,0.7952747143846032,0.04697975941255994,0.1122442432458065,0.3976373571923016,0.2853931139464951,0.2384133545339351,False,0.2619032342402151,0.2853931139464951
0.15,0.55,0.7482949549720432,0.7952747143846032,0.04697975941255994,0.1122442432458065,0.4374010929115318,0.3251568496657253,0.2781770902531653,False,0.2993179819888173,0.3251568496657253
0.15,0.6000000000000001,0.7482949549720432,0.7952747143846032,0.04697975941255994,0.1122442432458065,0.477164828630762,0.3649205853849555,0.3179408259723955,False,0.3367327297374195,0.3649205853849555
0.15,0.65,0.7482949549720432,0.7952747143846032,0.04697975941255994,0.1122442432458065,0.5169285643499921,0.4046843211041856,0.3577045616916257,False,0.3741474774860216,0.4046843211041856
0.15,0.7000000000000001,0.7482949549720432,0.7952747143846032,0.04697975941255994,0.1122442432458065,0.5566923000692223,0.4444480568234158,0.3974682974108559,False,0.4115622252346238,0.4444480568234158
0.15,0.75,0.7482949549720432,0.7952747143846032,0.04697975941255994,0.1122442432458065,0.5964560357884524,0.4842117925426459,0.437232033130086,False,0.4489769729832259,0.4842117925426459
0.15,0.8,0.7482949549720432,0.7952747143846032,0.04697975941255994,0.1122442432458065,0.6362197715076826,0.5239755282618761,0.4769957688493162,False,0.4863917207318281,0.5239755282618761
0.15,0.8500000000000001,0.7482949549720432,0.7952747143846032,0.04697975941255994,0.1122442432458065,0.6759835072269128,0.5637392639811063,0.5167595045685464,False,0.5238064684804303,0.5637392639811063
0.15,0.9,0.7482949549720432,0.7952747143846032,0.04697975941255994,0.1122442432458065,0.7157472429461429,0.6035029997003364,0.5565232402877764,False,0.5612212162290324,0.6035029997003364
0.15,0.9500000000000001,0.7482949549720432,0.7952747143846032,0.04697975941255994,0.1122442432458065,0.7555109786653731,0.6432667354195666,0.5962869760070066,False,0.5986359639776346,0.6432667354195666
0.15,1,0.7482949549720432,0.7952747143846032,0.04697975941255994,0.1122442432458065,0.7952747143846032,0.6830304711387967,0.6360507117262367,False,0.6360507117262367,0.6830304711387967
0.2,0,0.7482949549720432,0.7952747143846032,0.04697975941255994,0.1496589909944087,0,-0.1496589909944087,-0.1966387504069686,True,-0.1496589909944087,-0.1496589909944087
0.2,0.05,0.7482949549720432,0.7952747143846032,0.04697975941255994,0.1496589909944087,0.03976373571923016,-0.1098952552751785,-0.1568750146877384,True,-0.1122442432458065,-0.1098952552751785
0.2,0.1,0.7482949549720432,0.7952747143846032,0.04697975941255994,0.1496589909944087,0.07952747143846033,-0.07013151955594833,-0.1171112789685083,True,-0.07482949549720433,-0.07013151955594833
0.2,0.15,0.7482949549720432,0.7952747143846032,0.04697975941255994,0.1496589909944087,0.1192912071576905,-0.03036778383671816,-0.0773475432492781,True,-0.03741474774860215,-0.03036778383671816
0.2,0.2,0.7482949549720432,0.7952747143846032,0.04697975941255994,0.1496589909944087,0.1590549428769207,0.009395951882511994,-0.03758380753004795,False,0,0.009395951882511994
0.2,0.25,0.7482949549720432,0.7952747143846032,0.04697975941255994,0.1496589909944087,0.1988186785961508,0.04915968760174214,0.002179928189182195,False,0.03741474774860215,0.04915968760174214
0.2,0.3,0.7482949549720432,0.7952747143846032,0.04697975941255994,0.1496589909944087,0.238582414315381,0.08892342332097233,0.04194366390841239,False,0.07482949549720434,0.08892342332097233
0.2,0.35,0.7482949549720432,0.7952747143846032,0.04697975941255994,0.1496589909944087,0.2783461500346112,0.1286871590402025,0.08170739962764256,False,0.1122442432458065,0.1286871590402025
0.2,0.4,0.7482949549720432,0.7952747143846032,0.04697975941255994,0.1496589909944087,0.3181098857538413,0.1684508947594326,0.1214711353468727,False,0.1496589909944087,0.1684508947594326
0.2,0.45,0.7482949549720432,0.7952747143846032,0.04697975941255994,0.1496589909944087,0.3578736214730714,0.2082146304786628,0.1612348710661028,False,0.1870737387430108,0.2082146304786628
0.2,0.5,0.7482949549720432,0.7952747143846032,0.04697975941255994,0.1496589909944087,0.3976373571923016,0.2479783661978929,0.200998606785333,False,0.224488486491613,0.2479783661978929
0.2,0.55,0.7482949549720432,0.7952747143846032,0.04697975941255994,0.1496589909944087,0.4374010929115318,0.2877421019171231,0.2407623425045632,False,0.2619032342402152,0.2877421019171231
0.2,0.6000000000000001,0.7482949549720432,0.7952747143846032,0.04697975941255994,0.1496589909944087,0.477164828630762,0.3275058376363533,0.2805260782237934,False,0.2993179819888174,0.3275058376363533
0.2,0.65,0.7482949549720432,0.7952747143846032,0.04697975941255994,0.1496589909944087,0.5169285643499921,0.3672695733555835,0.3202898139430235,False,0.3367327297374195,0.3672695733555835
0.2,0.7000000000000001,0.7482949549720432,0.7952747143846032,0.04697975941255994,0.1496589909944087,0.5566923000692223,0.4070333090748137,0.3600535496622537,False,0.3741474774860216,0.4070333090748137
0.2,0.75,0.7482949549720432,0.7952747143846032,0.04697975941255994,0.1496589909944087,0.5964560357884524,0.4467970447940438,0.3998172853814838,False,0.4115622252346238,0.4467970447940438
0.2,0.8,0.7482949549720432,0.7952747143846032,0.04697975941255994,0.1496589909944087,0.6362197715076826,0.4865607805132739,0.439581021100714,False,0.448976972983226,0.4865607805132739
0.2,0.8500000000000001,0.7482949549720432,0.7952747143846032,0.04697975941255994,0.1496589909944087,0.6759835072269128,0.5263245162325041,0.4793447568199442,False,0.4863917207318282,0.5263245162325041
0.2,0.9,0.7482949549720432,0.7952747143846032,0.04697975941255994,0.1496589909944087,0.7157472429461429,0.5660882519517343,0.5191084925391743,False,0.5238064684804302,0.5660882519517343
0.2,0.9500000000000001,0.7482949549720432,0.7952747143846032,0.04697975941255994,0.1496589909944087,0.7555109786653731,0.6058519876709645,0.5588722282584045,False,0.5612212162290324,0.6058519876709645
0.2,1,0.7482949549720432,0.7952747143846032,0.04697975941255994,0.1496589909944087,0.7952747143846032,0.6456157233901945,0.5986359639776345,False,0.5986359639776346,0.6456157233901945
0.25,0,0.7482949549720432,0.7952747143846032,0.04697975941255994,0.1870737387430108,0,-0.1870737387430108,-0.2340534981555707,True,-0.1870737387430108,-0.1870737387430108
0.25,0.05,0.7482949549720432,0.7952747143846032,0.04697975941255994,0.1870737387430108,0.03976373571923016,-0.1473100030237806,-0.1942897624363406,True,-0.1496589909944087,-0.1473100030237806
0.25,0.1,0.7482949549720432,0.7952747143846032,0.04697975941255994,0.1870737387430108,0.07952747143846033,-0.1075462673045505,-0.1545260267171104,True,-0.1122442432458065,-0.1075462673045505
0.25,0.15,0.7482949549720432,0.7952747143846032,0.04697975941255994,0.1870737387430108,0.1192912071576905,-0.06778253158532031,-0.1147622909978803,True,-0.0748294954972043,-0.06778253158532031
0.25,0.2,0.7482949549720432,0.7952747143846032,0.04697975941255994,0.1870737387430108,0.1590549428769207,-0.02801879586609016,-0.0749985552786501,True,-0.03741474774860215,-0.02801879586609016
0.25,0.25,0.7482949549720432,0.7952747143846032,0.04697975941255994,0.1870737387430108,0.1988186785961508,0.01174493985313999,-0.03523481955941996,False,0,0.01174493985313999
0.25,0.3,0.7482949549720432,0.7952747143846032,0.04697975941255994,0.1870737387430108,0.238582414315381,0.05150867557237018,0.004528916159810242,False,0.03741474774860219,0.05150867557237018
0.25,0.35,0.7482949549720432,0.7952747143846032,0.04697975941255994,0.1870737387430108,0.2783461500346112,0.09127241129160035,0.04429265187904041,False,0.07482949549720434,0.09127241129160035
0.25,0.4,0.7482949549720432,0.7952747143846032,0.04697975941255994,0.1870737387430108,0.3181098857538413,0.1310361470108305,0.08405638759827055,False,0.1122442432458065,0.1310361470108305
0.25,0.45,0.7482949549720432,0.7952747143846032,0.04697975941255994,0.1870737387430108,0.3578736214730714,0.1707998827300606,0.1238201233175007,False,0.1496589909944087,0.1707998827300606
0.25,0.5,0.7482949549720432,0.7952747143846032,0.04697975941255994,0.1870737387430108,0.3976373571923016,0.2105636184492908,0.1635838590367308,False,0.1870737387430108,0.2105636184492908
0.25,0.55,0.7482949549720432,0.7952747143846032,0.04697975941255994,0.1870737387430108,0.4374010929115318,0.250327354168521,0.203347594755961,False,0.224488486491613,0.250327354168521
0.25,0.6000000000000001,0.7482949549720432,0.7952747143846032,0.04697975941255994,0.1870737387430108,0.477164828630762,0.2900910898877512,0.2431113304751912,False,0.2619032342402152,0.2900910898877512
0.25,0.65,0.7482949549720432,0.7952747143846032,0.04697975941255994,0.1870737387430108,0.5169285643499921,0.3298548256069813,0.2828750661944214,False,0.2993179819888173,0.3298548256069813
0.25,0.7000000000000001,0.7482949549720432,0.7952747143846032,0.04697975941255994,0.1870737387430108,0.5566923000692223,0.3696185613262115,0.3226388019136516,False,0.3367327297374195,0.3696185613262115
0.25,0.75,0.7482949549720432,0.7952747143846032,0.04697975941255994,0.1870737387430108,0.5964560357884524,0.4093822970454416,0.3624025376328817,False,0.3741474774860216,0.4093822970454416
0.25,0.8,0.7482949549720432,0.7952747143846032,0.04697975941255994,0.1870737387430108,0.6362197715076826,0.4491460327646718,0.4021662733521119,False,0.4115622252346238,0.4491460327646718
0.25,0.8500000000000001,0.7482949549720432,0.7952747143846032,0.04697975941255994,0.1870737387430108,0.6759835072269128,0.488909768483902,0.4419300090713421,False,0.448976972983226,0.488909768483902
0.25,0.9,0.7482949549720432,0.7952747143846032,0.04697975941255994,0.1870737387430108,0.7157472429461429,0.5286735042031321,0.4816937447905721,False,0.4863917207318281,0.5286735042031321
0.25,0.9500000000000001,0.7482949549720432,0.7952747143846032,0.04697975941255994,0.1870737387430108,0.7555109786653731,0.5684372399223623,0.5214574805098023,False,0.5238064684804303,0.5684372399223623
0.25,1,0.7482949549720432,0.7952747143846032,0.04697975941255994,0.1870737387430108,0.7952747143846032,0.6082009756415924,0.5612212162290324,False,0.5612212162290324,0.6082009756415924
0.3,0,0.7482949549720432,0.7952747143846032,0.04697975941255994,0.224488486491613,0,-0.224488486491613,-0.271468245904173,True,-0.224488486491613,-0.224488486491613
0.3,0.05,0.7482949549720432,0.7952747143846032,0.04697975941255994,0.224488486491613,0.03976373571923016,-0.1847247507723828,-0.2317045101849428,True,-0.1870737387430108,-0.1847247507723828
0.3,0.1,0.7482949549720432,0.7952747143846032,0.04697975941255994,0.224488486491613,0.07952747143846033,-0.1449610150531527,-0.1919407744657126,True,-0.1496589909944087,-0.1449610150531527
0.3,0.15,0.7482949549720432,0.7952747143846032,0.04697975941255994,0.224488486491613,0.1192912071576905,-0.1051972793339225,-0.1521770387464825,True,-0.1122442432458065,-0.1051972793339225
0.3,0.2,0.7482949549720432,0.7952747143846032,0.04697975941255994,0.224488486491613,0.1590549428769207,-0.06543354361469236,-0.1124133030272523,True,-0.07482949549720434,-0.06543354361469236
0.3,0.25,0.7482949549720432,0.7952747143846032,0.04697975941255994,0.224488486491613,0.1988186785961508,-0.02566980789546222,-0.07264956730802216,True,-0.03741474774860219,-0.02566980789546222
0.3,0.3,0.7482949549720432,0.7952747143846032,0.04697975941255994,0.224488486491613,0.238582414315381,0.01409392782376798,-0.03288583158879196,False,0,0.01409392782376798
0.3,0.35,0.7482949549720432,0.7952747143846032,0.04697975941255994,0.224488486491613,0.2783461500346112,0.05385766354299815,0.006877904130438206,False,0.03741474774860215,0.05385766354299815
0.3,0.4,0.7482949549720432,0.7952747143846032,0.04697975941255994,0.224488486491613,0.3181098857538413,0.09362139926222829,0.04664163984966835,False,0.0748294954972043,0.09362139926222829
0.3,0.45,0.7482949549720432,0.7952747143846032,0.04697975941255994,0.224488486491613,0.3578736214730714,0.1333851349814584,0.08640537556889849,False,0.1122442432458065,0.1333851349814584
0.3,0.5,0.7482949549720432,0.7952747143846032,0.04697975941255994,0.224488486491613,0.3976373571923016,0.1731488707006886,0.1261691112881286,False,0.1496589909944086,0.1731488707006886
0.3,0.55,0.7482949549720432,0.7952747143846032,0.04697975941255994,0.224488486491613,0.4374010929115318,0.2129126064199188,0.1659328470073588,False,0.1870737387430108,0.2129126064199188
0.3,0.6000000000000001,0.7482949549720432,0.7952747143846032,0.04697975941255994,0.224488486491613,0.477164828630762,0.252676342139149,0.205696582726589,False,0.224488486491613,0.252676342139149
0.3,0.65,0.7482949549720432,0.7952747143846032,0.04697975941255994,0.224488486491613,0.5169285643499921,0.2924400778583791,0.2454603184458192,False,0.2619032342402151,0.2924400778583791
0.3,0.7000000000000001,0.7482949549720432,0.7952747143846032,0.04697975941255994,0.224488486491613,0.5566923000692223,0.3322038135776093,0.2852240541650494,False,0.2993179819888173,0.3322038135776093
0.3,0.75,0.7482949549720432,0.7952747143846032,0.04697975941255994,0.224488486491613,0.5964560357884524,0.3719675492968394,0.3249877898842795,False,0.3367327297374194,0.3719675492968394
0.3,0.8,0.7482949549720432,0.7952747143846032,0.04697975941255994,0.224488486491613,0.6362197715076826,0.4117312850160696,0.3647515256035097,False,0.3741474774860216,0.4117312850160696
0.3,0.8500000000000001,0.7482949549720432,0.7952747143846032,0.04697975941255994,0.224488486491613,0.6759835072269128,0.4514950207352998,0.4045152613227398,False,0.4115622252346238,0.4514950207352998
0.3,0.9,0.7482949549720432,0.7952747143846032,0.04697975941255994,0.224488486491613,0.7157472429461429,0.4912587564545299,0.4442789970419699,False,0.4489769729832259,0.4912587564545299
0.3,0.9500000000000001,0.7482949549720432,0.7952747143846032,0.04697975941255994,0.224488486491613,0.7555109786653731,0.5310224921737601,0.4840427327612001,False,0.4863917207318281,0.5310224921737601
0.3,1,0.7482949549720432,0.7952747143846032,0.04697975941255994,0.224488486491613,0.7952747143846032,0.5707862278929902,0.5238064684804302,False,0.5238064684804302,0.5707862278929902
0.35,0,0.7482949549720432,0.7952747143846032,0.04697975941255994,0.2619032342402152,0,-0.2619032342402152,-0.3088829936527751,True,-0.2619032342402152,-0.2619032342402152
0.35,0.05,0.7482949549720432,0.7952747143846032,0.04697975941255994,0.2619032342402152,0.03976373571923016,-0.222139498520985,-0.269119257933545,True,-0.224488486491613,-0.222139498520985
0.35,0.1,0.7482949549720432,0.7952747143846032,0.04697975941255994,0.2619032342402152,0.07952747143846033,-0.1823757628017548,-0.2293555222143148,True,-0.1870737387430108,-0.1823757628017548
0.35,0.15,0.7482949549720432,0.7952747143846032,0.04697975941255994,0.2619032342402152,0.1192912071576905,-0.1426120270825247,-0.1895917864950846,True,-0.1496589909944087,-0.1426120270825247
0.35,0.2,0.7482949549720432,0.7952747143846032,0.04697975941255994,0.2619032342402152,0.1590549428769207,-0.1028482913632945,-0.1498280507758545,True,-0.1122442432458065,-0.1028482913632945
0.35,0.25,0.7482949549720432,0.7952747143846032,0.04697975941255994,0.2619032342402152,0.1988186785961508,-0.06308455564406437,-0.1100643150566243,True,-0.07482949549720434,-0.06308455564406437
0.35,0.3,0.7482949549720432,0.7952747143846032,0.04697975941255994,0.2619032342402152,0.238582414315381,-0.02332081992483417,-0.07030057933739411,True,-0.03741474774860215,-0.02332081992483417
0.35,0.35,0.7482949549720432,0.7952747143846032,0.04697975941255994,0.2619032342402152,0.2783461500346112,0.016442915794396,-0.03053684361816394,False,0,0.016442915794396
0.35,0.4,0.7482949549720432,0.7952747143846032,0.04697975941255994,0.2619032342402152,0.3181098857538413,0.05620665151362614,0.009226892101066198,False,0.03741474774860215,0.05620665151362614
0.35,0.45,0.7482949549720432,0.7952747143846032,0.04697975941255994,0.2619032342402152,0.3578736214730714,0.09597038723285628,0.04899062782029634,False,0.0748294954972043,0.09597038723285628
0.35,0.5,0.7482949549720432,0.7952747143846032,0.04697975941255994,0.2619032342402152,0.3976373571923016,0.1357341229520864,0.08875436353952648,False,0.1122442432458065,0.1357341229520864
0.35,0.55,0.7482949549720432,0.7952747143846032,0.04697975941255994,0.2619032342402152,0.4374010929115318,0.1754978586713166,0.1285180992587567,False,0.1496589909944087,0.1754978586713166
0.35,0.6000000000000001,0.7482949549720432,0.7952747143846032,0.04697975941255994,0.2619032342402152,0.477164828630762,0.2152615943905468,0.1682818349779869,False,0.1870737387430108,0.2152615943905468
0.35,0.65,0.7482949549720432,0.7952747143846032,0.04697975941255994,0.2619032342402152,0.5169285643499921,0.255025330109777,0.208045570697217,False,0.224488486491613,0.255025330109777
0.35,0.7000000000000001,0.7482949549720432,0.7952747143846032,0.04697975941255994,0.2619032342402152,0.5566923000692223,0.2947890658290072,0.2478093064164472,False,0.2619032342402152,0.2947890658290072
0.35,0.75,0.7482949549720432,0.7952747143846032,0.04697975941255994,0.2619032342402152,0.5964560357884524,0.3345528015482372,0.2875730421356773,False,0.2993179819888173,0.3345528015482372
0.35,0.8,0.7482949549720432,0.7952747143846032,0.04697975941255994,0.2619032342402152,0.6362197715076826,0.3743165372674674,0.3273367778549075,False,0.3367327297374195,0.3743165372674674
0.35,0.8500000000000001,0.7482949549720432,0.7952747143846032,0.04697975941255994,0.2619032342402152,0.6759835072269128,0.4140802729866976,0.3671005135741377,False,0.3741474774860216,0.4140802729866976
0.35,0.9,0.7482949549720432,0.7952747143846032,0.04697975941255994,0.2619032342402152,0.7157472429461429,0.4538440087059277,0.4068642492933678,False,0.4115622252346238,0.4538440087059277
0.35,0.9500000000000001,0.7482949549720432,0.7952747143846032,0.04697975941255994,0.2619032342402152,0.7555109786653731,0.4936077444251579,0.446627985012598,False,0.448976972983226,0.4936077444251579
0.35,1,0.7482949549720432,0.7952747143846032,0.04697975941255994,0.2619032342402152,0.7952747143846032,0.5333714801443881,0.4863917207318281,False,0.486391720731828,0.5333714801443881
0.4,0,0.7482949549720432,0.7952747143846032,0.04697975941255994,0.2993179819888173,0,-0.2993179819888173,-0.3462977414013773,True,-0.2993179819888173,-0.2993179819888173
0.4,0.05,0.7482949549720432,0.7952747143846032,0.04697975941255994,0.2993179819888173,0.03976373571923016,-0.2595542462695872,-0.3065340056821471,True,-0.2619032342402152,-0.2595542462695872
0.4,0.1,0.7482949549720432,0.7952747143846032,0.04697975941255994,0.2993179819888173,0.07952747143846033,-0.219790510550357,-0.2667702699629169,True,-0.224488486491613,-0.219790510550357
0.4,0.15,0.7482949549720432,0.7952747143846032,0.04697975941255994,0.2993179819888173,0.1192912071576905,-0.1800267748311268,-0.2270065342436868,True,-0.1870737387430108,-0.1800267748311268
0.4,0.2,0.7482949549720432,0.7952747143846032,0.04697975941255994,0.2993179819888173,0.1590549428769207,-0.1402630391118967,-0.1872427985244566,True,-0.1496589909944087,-0.1402630391118967
0.4,0.25,0.7482949549720432,0.7952747143846032,0.04697975941255994,0.2993179819888173,0.1988186785961508,-0.1004993033926665,-0.1474790628052265,True,-0.1122442432458065,-0.1004993033926665
0.4,0.3,0.7482949549720432,0.7952747143846032,0.04697975941255994,0.2993179819888173,0.238582414315381,-0.06073556767343632,-0.1077153270859963,True,-0.0748294954972043,-0.06073556767343632
0.4,0.35,0.7482949549720432,0.7952747143846032,0.04697975941255994,0.2993179819888173,0.2783461500346112,-0.02097183195420615,-0.0679515913667661,True,-0.03741474774860215,-0.02097183195420615
0.4,0.4,0.7482949549720432,0.7952747143846032,0.04697975941255994,0.2993179819888173,0.3181098857538413,0.01879190376502399,-0.02818785564753595,False,0,0.01879190376502399
0.4,0.45,0.7482949549720432,0.7952747143846032,0.04697975941255994,0.2993179819888173,0.3578736214730714,0.05855563948425413,0.01157588007169419,False,0.03741474774860215,0.05855563948425413
0.4,0.5,0.7482949549720432,0.7952747143846032,0.04697975941255994,0.2993179819888173,0.3976373571923016,0.09831937520348427,0.05133961579092433,False,0.0748294954972043,0.09831937520348427
0.4,0.55,0.7482949549720432,0.7952747143846032,0.04697975941255994,0.2993179819888173,0.4374010929115318,0.1380831109227145,0.09110335151015453,False,0.1122442432458065,0.1380831109227145
0.4,0.6000000000000001,0.7482949549720432,0.7952747143846032,0.04697975941255994,0.2993179819888173,0.477164828630762,0.1778468466419447,0.1308670872293847,False,0.1496589909944087,0.1778468466419447
0.4,0.65,0.7482949549720432,0.7952747143846032,0.04697975941255994,0.2993179819888173,0.5169285643499921,0.2176105823611748,0.1706308229486149,False,0.1870737387430108,0.2176105823611748
0.4,0.7000000000000001,0.7482949549720432,0.7952747143846032,0.04697975941255994,0.2993179819888173,0.5566923000692223,0.257374318080405,0.2103945586678451,False,0.224488486491613,0.257374318080405
0.4,0.75,0.7482949549720432,0.7952747143846032,0.04697975941255994,0.2993179819888173,0.5964560357884524,0.2971380537996351,0.2501582943870752,False,0.2619032342402151,0.2971380537996351
0.4,0.8,0.7482949549720432,0.7952747143846032,0.04697975941255994,0.2993179819888173,0.6362197715076826,0.3369017895188653,0.2899220301063054,False,0.2993179819888173,0.3369017895188653
0.4,0.8500000000000001,0.7482949549720432,0.7952747143846032,0.04697975941255994,0.2993179819888173,0.6759835072269128,0.3766655252380955,0.3296857658255355,False,0.3367327297374195,0.3766655252380955
0.4,0.9,0.7482949549720432,0.7952747143846032,0.04697975941255994,0.2993179819888173,0.7157472429461429,0.4164292609573256,0.3694495015447656,False,0.3741474774860216,0.4164292609573256
0.4,0.9500000000000001,0.7482949549720432,0.7952747143846032,0.04697975941255994,0.2993179819888173,0.7555109786653731,0.4561929966765558,0.4092132372639958,False,0.4115622252346238,0.4561929966765558
0.4,1,0.7482949549720432,0.7952747143846032,0.04697975941255994,0.2993179819888173,0.7952747143846032,0.4959567323957859,0.4489769729832259,False,0.4489769729832259,0.4959567323957859
0.45,0,0.7482949549720432,0.7952747143846032,0.04697975941255994,0.3367327297374195,0,-0.3367327297374195,-0.3837124891499794,True,-0.3367327297374195,-0.3367327297374195
0.45,0.05,0.7482949549720432,0.7952747143846032,0.04697975941255994,0.3367327297374195,0.03976373571923016,-0.2969689940181893,-0.3439487534307493,True,-0.2993179819888173,-0.2969689940181893
0.45,0.1,0.7482949549720432,0.7952747143846032,0.04697975941255994,0.3367327297374195,0.07952747143846033,-0.2572052582989591,-0.3041850177115191,True,-0.2619032342402151,-0.2572052582989591
0.45,0.15,0.7482949549720432,0.7952747143846032,0.04697975941255994,0.3367327297374195,0.1192912071576905,-0.217441522579729,-0.2644212819922889,True,-0.224488486491613,-0.217441522579729
0.45,0.2,0.7482949549720432,0.7952747143846032,0.04697975941255994,0.3367327297374195,0.1590549428769207,-0.1776777868604988,-0.2246575462730588,True,-0.1870737387430108,-0.1776777868604988
0.45,0.25,0.7482949549720432,0.7952747143846032,0.04697975941255994,0.3367327297374195,0.1988186785961508,-0.1379140511412687,-0.1848938105538286,True,-0.1496589909944087,-0.1379140511412687
0.45,0.3,0.7482949549720432,0.7952747143846032,0.04697975941255994,0.3367327297374195,0.238582414315381,-0.09815031542203848,-0.1451300748345984,True,-0.1122442432458065,-0.09815031542203848
0.45,0.35,0.7482949549720432,0.7952747143846032,0.04697975941255994,0.3367327297374195,0.2783461500346112,-0.05838657970280831,-0.1053663391153682,True,-0.0748294954972043,-0.05838657970280831
0.45,0.4,0.7482949549720432,0.7952747143846032,0.04697975941255994,0.3367327297374195,0.3181098857538413,-0.01862284398357816,-0.0656026033961381,True,-0.03741474774860215,-0.01862284398357816
0.45,0.45,0.7482949549720432,0.7952747143846032,0.04697975941255994,0.3367327297374195,0.3578736214730714,0.02114089173565198,-0.02583886767690796,False,0,0.02114089173565198
0.45,0.5,0.7482949549720432,0.7952747143846032,0.04697975941255994,0.3367327297374195,0.3976373571923016,0.06090462745488212,0.01392486804232218,False,0.03741474774860215,0.06090462745488212
0.45,0.55,0.7482949549720432,0.7952747143846032,0.04697975941255994,0.3367327297374195,0.4374010929115318,0.1006683631741123,0.05368860376155238,False,0.07482949549720434,0.1006683631741123
0.45,0.6000000000000001,0.7482949549720432,0.7952747143846032,0.04697975941255994,0.3367327297374195,0.477164828630762,0.1404320988933425,0.09345233948078258,False,0.1122442432458065,0.1404320988933425
0.45,0.65,0.7482949549720432,0.7952747143846032,0.04697975941255994,0.3367327297374195,0.5169285643499921,0.1801958346125727,0.1332160752000127,False,0.1496589909944087,0.1801958346125727
0.45,0.7000000000000001,0.7482949549720432,0.7952747143846032,0.04697975941255994,0.3367327297374195,0.5566923000692223,0.2199595703318029,0.1729798109192429,False,0.1870737387430108,0.2199595703318029
0.45,0.75,0.7482949549720432,0.7952747143846032,0.04697975941255994,0.3367327297374195,0.5964560357884524,0.2597233060510329,0.212743546638473,False,0.224488486491613,0.2597233060510329
0.45,0.8,0.7482949549720432,0.7952747143846032,0.04697975941255994,0.3367327297374195,0.6362197715076826,0.2994870417702631,0.2525072823577032,False,0.2619032342402152,0.2994870417702631
0.45,0.8500000000000001,0.7482949549720432,0.7952747143846032,0.04697975941255994,0.3367327297374195,0.6759835072269128,0.3392507774894933,0.2922710180769334,False,0.2993179819888174,0.3392507774894933
0.45,0.9,0.7482949549720432,0.7952747143846032,0.04697975941255994,0.3367327297374195,0.7157472429461429,0.3790145132087234,0.3320347537961635,False,0.3367327297374195,0.3790145132087234
0.45,0.9500000000000001,0.7482949549720432,0.7952747143846032,0.04697975941255994,0.3367327297374195,0.7555109786653731,0.4187782489279536,0.3717984895153937,False,0.3741474774860216,0.4187782489279536
0.45,1,0.7482949549720432,0.7952747143846032,0.04697975941255994,0.3367327297374195,0.7952747143846032,0.4585419846471837,0.4115622252346238,False,0.4115622252346238,0.4585419846471837
0.5,0,0.7482949549720432,0.7952747143846032,0.04697975941255994,0.3741474774860216,0,-0.3741474774860216,-0.4211272368985816,True,-0.3741474774860216,-0.3741474774860216
0.5,0.05,0.7482949549720432,0.7952747143846032,0.04697975941255994,0.3741474774860216,0.03976373571923016,-0.3343837417667915,-0.3813635011793514,True,-0.3367327297374195,-0.3343837417667915
0.5,0.1,0.7482949549720432,0.7952747143846032,0.04697975941255994,0.3741474774860216,0.07952747143846033,-0.2946200060475613,-0.3415997654601212,True,-0.2993179819888173,-0.2946200060475613
0.5,0.15,0.7482949549720432,0.7952747143846032,0.04697975941255994,0.3741474774860216,0.1192912071576905,-0.2548562703283311,-0.3018360297408911,True,-0.2619032342402151,-0.2548562703283311
0.5,0.2,0.7482949549720432,0.7952747143846032,0.04697975941255994,0.3741474774860216,0.1590549428769207,-0.215092534609101,-0.2620722940216609,True,-0.224488486491613,-0.215092534609101
0.5,0.25,0.7482949549720432,0.7952747143846032,0.04697975941255994,0.3741474774860216,0.1988186785961508,-0.1753287988898708,-0.2223085583024308,True,-0.1870737387430108,-0.1753287988898708
0.5,0.3,0.7482949549720432,0.7952747143846032,0.04697975941255994,0.3741474774860216,0.238582414315381,-0.1355650631706406,-0.1825448225832006,True,-0.1496589909944086,-0.1355650631706406
0.5,0.35,0.7482949549720432,0.7952747143846032,0.04697975941255994,0.3741474774860216,0.2783461500346112,-0.09580132745141046,-0.1427810868639704,True,-0.1122442432458065,-0.09580132745141046
0.5,0.4,0.7482949549720432,0.7952747143846032,0.04697975941255994,0.3741474774860216,0.3181098857538413,-0.05603759173218031,-0.1030173511447403,True,-0.0748294954972043,-0.05603759173218031
0.5,0.45,0.7482949549720432,0.7952747143846032,0.04697975941255994,0.3741474774860216,0.3578736214730714,-0.01627385601295017,-0.06325361542551011,True,-0.03741474774860215,-0.01627385601295017
0.5,0.5,0.7482949549720432,0.7952747143846032,0.04697975941255994,0.3741474774860216,0.3976373571923016,0.02348987970627997,-0.02348987970627997,False,0,0.02348987970627997
0.5,0.55,0.7482949549720432,0.7952747143846032,0.04697975941255994,0.3741474774860216,0.4374010929115318,0.06325361542551017,0.01627385601295023,False,0.03741474774860219,0.06325361542551017
0.5,0.6000000000000001,0.7482949549720432,0.7952747143846032,0.04697975941255994,0.3741474774860216,0.477164828630762,0.1030173511447404,0.05603759173218043,False,0.07482949549720438,0.1030173511447404
0.5,0.65,0.7482949549720432,0.7952747143846032,0.04697975941255994,0.3741474774860216,0.5169285643499921,0.1427810868639705,0.09580132745141057,False,0.1122442432458065,0.1427810868639705
0.5,0.7000000000000001,0.7482949549720432,0.7952747143846032,0.04697975941255994,0.3741474774860216,0.5566923000692223,0.1825448225832007,0.1355650631706408,False,0.1496589909944087,0.1825448225832007
0.5,0.75,0.7482949549720432,0.7952747143846032,0.04697975941255994,0.3741474774860216,0.5964560357884524,0.2223085583024308,0.1753287988898709,False,0.1870737387430108,0.2223085583024308
0.5,0.8,0.7482949549720432,0.7952747143846032,0.04697975941255994,0.3741474774860216,0.6362197715076826,0.262072294021661,0.215092534609101,False,0.224488486491613,0.262072294021661
0.5,0.8500000000000001,0.7482949549720432,0.7952747143846032,0.04697975941255994,0.3741474774860216,0.6759835072269128,0.3018360297408912,0.2548562703283312,False,0.2619032342402152,0.3018360297408912
0.5,0.9,0.7482949549720432,0.7952747143846032,0.04697975941255994,0.3741474774860216,0.7157472429461429,0.3415997654601213,0.2946200060475613,False,0.2993179819888173,0.3415997654601213
0.5,0.9500000000000001,0.7482949549720432,0.7952747143846032,0.04697975941255994,0.3741474774860216,0.7555109786653731,0.3813635011793515,0.3343837417667915,False,0.3367327297374195,0.3813635011793515
0.5,1,0.7482949549720432,0.7952747143846032,0.04697975941255994,0.3741474774860216,0.7952747143846032,0.4211272368985816,0.3741474774860216,False,0.3741474774860216,0.4211272368985816
0.55,0,0.7482949549720432,0.7952747143846032,0.04697975941255994,0.4115622252346238,0,-0.4115622252346238,-0.4585419846471838,True,-0.4115622252346238,-0.4115622252346238
0.55,0.05,0.7482949549720432,0.7952747143846032,0.04697975941255994,0.4115622252346238,0.03976373571923016,-0.3717984895153937,-0.4187782489279536,True,-0.3741474774860216,-0.3717984895153937
0.55,0.1,0.7482949549720432,0.7952747143846032,0.04697975941255994,0.4115622252346238,0.07952747143846033,-0.3320347537961635,-0.3790145132087234,True,-0.3367327297374195,-0.3320347537961635
0.55,0.15,0.7482949549720432,0.7952747143846032,0.04697975941255994,0.4115622252346238,0.1192912071576905,-0.2922710180769333,-0.3392507774894933,True,-0.2993179819888173,-0.2922710180769333
0.55,0.2,0.7482949549720432,0.7952747143846032,0.04697975941255994,0.4115622252346238,0.1590549428769207,-0.2525072823577031,-0.2994870417702631,True,-0.2619032342402152,-0.2525072823577031
0.55,0.25,0.7482949549720432,0.7952747143846032,0.04697975941255994,0.4115622252346238,0.1988186785961508,-0.212743546638473,-0.259723306051033,True,-0.224488486491613,-0.212743546638473
0.55,0.3,0.7482949549720432,0.7952747143846032,0.04697975941255994,0.4115622252346238,0.238582414315381,-0.1729798109192428,-0.2199595703318028,True,-0.1870737387430108,-0.1729798109192428
0.55,0.35,0.7482949549720432,0.7952747143846032,0.04697975941255994,0.4115622252346238,0.2783461500346112,-0.1332160752000127,-0.1801958346125726,True,-0.1496589909944087,-0.1332160752000127
0.55,0.4,0.7482949549720432,0.7952747143846032,0.04697975941255994,0.4115622252346238,0.3181098857538413,-0.09345233948078252,-0.1404320988933425,True,-0.1122442432458065,-0.09345233948078252
0.55,0.45,0.7482949549720432,0.7952747143846032,0.04697975941255994,0.4115622252346238,0.3578736214730714,-0.05368860376155238,-0.1006683631741123,True,-0.07482949549720434,-0.05368860376155238
0.55,0.5,0.7482949549720432,0.7952747143846032,0.04697975941255994,0.4115622252346238,0.3976373571923016,-0.01392486804232224,-0.06090462745488218,True,-0.03741474774860219,-0.01392486804232224
0.55,0.55,0.7482949549720432,0.7952747143846032,0.04697975941255994,0.4115622252346238,0.4374010929115318,0.02583886767690796,-0.02114089173565198,False,0,0.02583886767690796
0.55,0.6000000000000001,0.7482949549720432,0.7952747143846032,0.04697975941255994,0.4115622252346238,0.477164828630762,0.06560260339613816,0.01862284398357822,False,0.03741474774860219,0.06560260339613816
0.55,0.65,0.7482949549720432,0.7952747143846032,0.04697975941255994,0.4115622252346238,0.5169285643499921,0.1053663391153683,0.05838657970280836,False,0.0748294954972043,0.1053663391153683
0.55,0.7000000000000001,0.7482949549720432,0.7952747143846032,0.04697975941255994,0.4115622252346238,0.5566923000692223,0.1451300748345985,0.09815031542203856,False,0.1122442432458065,0.1451300748345985
0.55,0.75,0.7482949549720432,0.7952747143846032,0.04697975941255994,0.4115622252346238,0.5964560357884524,0.1848938105538286,0.1379140511412686,False,0.1496589909944086,0.1848938105538286
0.55,0.8,0.7482949549720432,0.7952747143846032,0.04697975941255994,0.4115622252346238,0.6362197715076826,0.2246575462730588,0.1776777868604988,False,0.1870737387430108,0.2246575462730588
0.55,0.8500000000000001,0.7482949549720432,0.7952747143846032,0.04697975941255994,0.4115622252346238,0.6759835072269128,0.264421281992289,0.217441522579729,False,0.224488486491613,0.264421281992289
0.55,0.9,0.7482949549720432,0.7952747143846032,0.04697975941255994,0.4115622252346238,0.7157472429461429,0.3041850177115191,0.2572052582989591,False,0.2619032342402151,0.3041850177115191
0.55,0.9500000000000001,0.7482949549720432,0.7952747143846032,0.04697975941255994,0.4115622252346238,0.7555109786653731,0.3439487534307493,0.2969689940181893,False,0.2993179819888173,0.3439487534307493
0.55,1,0.7482949549720432,0.7952747143846032,0.04697975941255994,0.4115622252346238,0.7952747143846032,0.3837124891499794,0.3367327297374194,False,0.3367327297374194,0.3837124891499794
0.6000000000000001,0,0.7482949549720432,0.7952747143846032,0.04697975941255994,0.448976972983226,0,-0.448976972983226,-0.495956732395786,True,-0.448976972983226,-0.448976972983226
0.6000000000000001,0.05,0.7482949549720432,0.7952747143846032,0.04697975941255994,0.448976972983226,0.03976373571923016,-0.4092132372639959,-0.4561929966765558,True,-0.4115622252346238,-0.4092132372639959
0.6000000000000001,0.1,0.7482949549720432,0.7952747143846032,0.04697975941255994,0.448976972983226,0.07952747143846033,-0.3694495015447657,-0.4164292609573256,True,-0.3741474774860217,-0.3694495015447657
0.6000000000000001,0.15,0.7482949549720432,0.7952747143846032,0.04697975941255994,0.448976972983226,0.1192912071576905,-0.3296857658255355,-0.3766655252380955,True,-0.3367327297374195,-0.3296857658255355
0.6000000000000001,0.2,0.7482949549720432,0.7952747143846032,0.04697975941255994,0.448976972983226,0.1590549428769207,-0.2899220301063054,-0.3369017895188653,True,-0.2993179819888174,-0.2899220301063054
0.6000000000000001,0.25,0.7482949549720432,0.7952747143846032,0.04697975941255994,0.448976972983226,0.1988186785961508,-0.2501582943870753,-0.2971380537996352,True,-0.2619032342402152,-0.2501582943870753
0.6000000000000001,0.3,0.7482949549720432,0.7952747143846032,0.04697975941255994,0.448976972983226,0.238582414315381,-0.210394558667845,-0.257374318080405,True,-0.224488486491613,-0.210394558667845
0.6000000000000001,0.35,0.7482949549720432,0.7952747143846032,0.04697975941255994,0.448976972983226,0.2783461500346112,-0.1706308229486149,-0.2176105823611748,True,-0.1870737387430108,-0.1706308229486149
0.6000000000000001,0.4,0.7482949549720432,0.7952747143846032,0.04697975941255994,0.448976972983226,0.3181098857538413,-0.1308670872293847,-0.1778468466419447,True,-0.1496589909944087,-0.1308670872293847
0.6000000000000001,0.45,0.7482949549720432,0.7952747143846032,0.04697975941255994,0.448976972983226,0.3578736214730714,-0.09110335151015458,-0.1380831109227145,True,-0.1122442432458065,-0.09110335151015458
0.6000000000000001,0.5,0.7482949549720432,0.7952747143846032,0.04697975941255994,0.448976972983226,0.3976373571923016,-0.05133961579092444,-0.09831937520348438,True,-0.07482949549720438,-0.05133961579092444
0.6000000000000001,0.55,0.7482949549720432,0.7952747143846032,0.04697975941255994,0.448976972983226,0.4374010929115318,-0.01157588007169424,-0.05855563948425418,True,-0.03741474774860219,-0.01157588007169424
0.6000000000000001,0.6000000000000001,0.7482949549720432,0.7952747143846032,0.04697975941255994,0.448976972983226,0.477164828630762,0.02818785564753595,-0.01879190376502399,False,0,0.02818785564753595
0.6000000000000001,0.65,0.7482949549720432,0.7952747143846032,0.04697975941255994,0.448976972983226,0.5169285643499921,0.0679515913667661,0.02097183195420615,False,0.03741474774860211,0.0679515913667661
0.6000000000000001,0.7000000000000001,0.7482949549720432,0.7952747143846032,0.04697975941255994,0.448976972983226,0.5566923000692223,0.1077153270859963,0.06073556767343635,False,0.0748294954972043,0.1077153270859963
0.6000000000000001,0.75,0.7482949549720432,0.7952747143846032,0.04697975941255994,0.448976972983226,0.5964560357884524,0.1474790628052264,0.1004993033926664,False,0.1122442432458064,0.1474790628052264
0.6000000000000001,0.8,0.7482949549720432,0.7952747143846032,0.04697975941255994,0.448976972983226,0.6362197715076826,0.1872427985244566,0.1402630391118966,False,0.1496589909944086,0.1872427985244566
0.6000000000000001,0.8500000000000001,0.7482949549720432,0.7952747143846032,0.04697975941255994,0.448976972983226,0.6759835072269128,0.2270065342436868,0.1800267748311268,False,0.1870737387430108,0.2270065342436868
0.6000000000000001,0.9,0.7482949549720432,0.7952747143846032,0.04697975941255994,0.448976972983226,0.7157472429461429,0.2667702699629169,0.2197905105503569,False,0.2244884864916129,0.2667702699629169
0.6000000000000001,0.9500000000000001,0.7482949549720432,0.7952747143846032,0.04697975941255994,0.448976972983226,0.7555109786653731,0.3065340056821471,0.2595542462695871,False,0.2619032342402151,0.3065340056821471
0.6000000000000001,1,0.7482949549720432,0.7952747143846032,0.04697975941255994,0.448976972983226,0.7952747143846032,0.3462977414013771,0.2993179819888172,False,0.2993179819888172,0.3462977414013771
0.65,0,0.7482949549720432,0.7952747143846032,0.04697975941255994,0.4863917207318281,0,-0.4863917207318281,-0.5333714801443881,True,-0.4863917207318281,-0.4863917207318281
0.65,0.05,0.7482949549720432,0.7952747143846032,0.04697975941255994,0.4863917207318281,0.03976373571923016,-0.446627985012598,-0.4936077444251579,True,-0.4489769729832259,-0.446627985012598
0.65,0.1,0.7482949549720432,0.7952747143846032,0.04697975941255994,0.4863917207318281,0.07952747143846033,-0.4068642492933678,-0.4538440087059277,True,-0.4115622252346238,-0.4068642492933678
0.65,0.15,0.7482949549720432,0.7952747143846032,0.04697975941255994,0.4863917207318281,0.1192912071576905,-0.3671005135741376,-0.4140802729866976,True,-0.3741474774860216,-0.3671005135741376
0.65,0.2,0.7482949549720432,0.7952747143846032,0.04697975941255994,0.4863917207318281,0.1590549428769207,-0.3273367778549074,-0.3743165372674674,True,-0.3367327297374195,-0.3273367778549074
0.65,0.25,0.7482949549720432,0.7952747143846032,0.04697975941255994,0.4863917207318281,0.1988186785961508,-0.2875730421356774,-0.3345528015482373,True,-0.2993179819888173,-0.2875730421356774
0.65,0.3,0.7482949549720432,0.7952747143846032,0.04697975941255994,0.4863917207318281,0.238582414315381,-0.2478093064164471,-0.2947890658290071,True,-0.2619032342402151,-0.2478093064164471
0.65,0.35,0.7482949549720432,0.7952747143846032,0.04697975941255994,0.4863917207318281,0.2783461500346112,-0.208045570697217,-0.2550253301097769,True,-0.224488486491613,-0.208045570697217
0.65,0.4,0.7482949549720432,0.7952747143846032,0.04697975941255994,0.4863917207318281,0.3181098857538413,-0.1682818349779868,-0.2152615943905468,True,-0.1870737387430108,-0.1682818349779868
0.65,0.45,0.7482949549720432,0.7952747143846032,0.04697975941255994,0.4863917207318281,0.3578736214730714,-0.1285180992587567,-0.1754978586713166,True,-0.1496589909944087,-0.1285180992587567
0.65,0.5,0.7482949549720432,0.7952747143846032,0.04697975941255994,0.4863917207318281,0.3976373571923016,-0.08875436353952654,-0.1357341229520865,True,-0.1122442432458065,-0.08875436353952654
0.65,0.55,0.7482949549720432,0.7952747143846032,0.04697975941255994,0.4863917207318281,0.4374010929115318,-0.04899062782029634,-0.09597038723285628,True,-0.0748294954972043,-0.04899062782029634
0.65,0.6000000000000001,0.7482949549720432,0.7952747143846032,0.04697975941255994,0.4863917207318281,0.477164828630762,-0.009226892101066142,-0.05620665151362608,True,-0.03741474774860211,-0.009226892101066142
0.65,0.65,0.7482949549720432,0.7952747143846032,0.04697975941255994,0.4863917207318281,0.5169285643499921,0.030536843618164,-0.01644291579439594,False,0,0.030536843618164
0.65,0.7000000000000001,0.7482949549720432,0.7952747143846032,0.04697975941255994,0.4863917207318281,0.5566923000692223,0.0703005793373942,0.02332081992483426,False,0.03741474774860219,0.0703005793373942
0.65,0.75,0.7482949549720432,0.7952747143846032,0.04697975941255994,0.4863917207318281,0.5964560357884524,0.1100643150566243,0.06308455564406434,False,0.0748294954972043,0.1100643150566243
0.65,0.8,0.7482949549720432,0.7952747143846032,0.04697975941255994,0.4863917207318281,0.6362197715076826,0.1498280507758545,0.1028482913632945,False,0.1122442432458065,0.1498280507758545
0.65,0.8500000000000001,0.7482949549720432,0.7952747143846032,0.04697975941255994,0.4863917207318281,0.6759835072269128,0.1895917864950847,0.1426120270825247,False,0.1496589909944087,0.1895917864950847
0.65,0.9,0.7482949549720432,0.7952747143846032,0.04697975941255994,0.4863917207318281,0.7157472429461429,0.2293555222143148,0.1823757628017548,False,0.1870737387430108,0.2293555222143148
0.65,0.9500000000000001,0.7482949549720432,0.7952747143846032,0.04697975941255994,0.4863917207318281,0.7555109786653731,0.269119257933545,0.222139498520985,False,0.224488486491613,0.269119257933545
0.65,1,0.7482949549720432,0.7952747143846032,0.04697975941255994,0.4863917207318281,0.7952747143846032,0.3088829936527751,0.2619032342402151,False,0.2619032342402151,0.3088829936527751
0.7000000000000001,0,0.7482949549720432,0.7952747143846032,0.04697975941255994,0.5238064684804303,0,-0.5238064684804303,-0.5707862278929903,True,-0.5238064684804303,-0.5238064684804303
0.7000000000000001,0.05,0.7482949549720432,0.7952747143846032,0.04697975941255994,0.5238064684804303,0.03976373571923016,-0.4840427327612002,-0.5310224921737601,True,-0.4863917207318281,-0.4840427327612002
0.7000000000000001,0.1,0.7482949549720432,0.7952747143846032,0.04697975941255994,0.5238064684804303,0.07952747143846033,-0.44427899704197,-0.4912587564545299,True,-0.448976972983226,-0.44427899704197
0.7000000000000001,0.15,0.7482949549720432,0.7952747143846032,0.04697975941255994,0.5238064684804303,0.1192912071576905,-0.4045152613227398,-0.4514950207352998,True,-0.4115622252346238,-0.4045152613227398
0.7000000000000001,0.2,0.7482949549720432,0.7952747143846032,0.04697975941255994,0.5238064684804303,0.1590549428769207,-0.3647515256035097,-0.4117312850160696,True,-0.3741474774860216,-0.3647515256035097
0.7000000000000001,0.25,0.7482949549720432,0.7952747143846032,0.04697975941255994,0.5238064684804303,0.1988186785961508,-0.3249877898842796,-0.3719675492968395,True,-0.3367327297374195,-0.3249877898842796
0.7000000000000001,0.3,0.7482949549720432,0.7952747143846032,0.04697975941255994,0.5238064684804303,0.238582414315381,-0.2852240541650494,-0.3322038135776093,True,-0.2993179819888173,-0.2852240541650494
0.7000000000000001,0.35,0.7482949549720432,0.7952747143846032,0.04697975941255994,0.5238064684804303,0.2783461500346112,-0.2454603184458192,-0.2924400778583791,True,-0.2619032342402152,-0.2454603184458192
0.7000000000000001,0.4,0.7482949549720432,0.7952747143846032,0.04697975941255994,0.5238064684804303,0.3181098857538413,-0.205696582726589,-0.252676342139149,True,-0.224488486491613,-0.205696582726589
0.7000000000000001,0.45,0.7482949549720432,0.7952747143846032,0.04697975941255994,0.5238064684804303,0.3578736214730714,-0.1659328470073589,-0.2129126064199188,True,-0.1870737387430108,-0.1659328470073589
0.7000000000000001,0.5,0.7482949549720432,0.7952747143846032,0.04697975941255994,0.5238064684804303,0.3976373571923016,-0.1261691112881287,-0.1731488707006887,True,-0.1496589909944087,-0.1261691112881287
0.7000000000000001,0.55,0.7482949549720432,0.7952747143846032,0.04697975941255994,0.5238064684804303,0.4374010929115318,-0.08640537556889855,-0.1333851349814585,True,-0.1122442432458065,-0.08640537556889855
0.7000000000000001,0.6000000000000001,0.7482949549720432,0.7952747143846032,0.04697975941255994,0.5238064684804303,0.477164828630762,-0.04664163984966835,-0.09362139926222829,True,-0.0748294954972043,-0.04664163984966835
0.7000000000000001,0.65,0.7482949549720432,0.7952747143846032,0.04697975941255994,0.5238064684804303,0.5169285643499921,-0.006877904130438206,-0.05385766354299815,True,-0.03741474774860219,-0.006877904130438206
0.7000000000000001,0.7000000000000001,0.7482949549720432,0.7952747143846032,0.04697975941255994,0.5238064684804303,0.5566923000692223,0.03288583158879199,-0.01409392782376795,False,0,0.03288583158879199
0.7000000000000001,0.75,0.7482949549720432,0.7952747143846032,0.04697975941255994,0.5238064684804303,0.5964560357884524,0.07264956730802208,0.02566980789546214,False,0.03741474774860211,0.07264956730802208
0.7000000000000001,0.8,0.7482949549720432,0.7952747143846032,0.04697975941255994,0.5238064684804303,0.6362197715076826,0.1124133030272523,0.06543354361469234,False,0.0748294954972043,0.1124133030272523
0.7000000000000001,0.8500000000000001,0.7482949549720432,0.7952747143846032,0.04697975941255994,0.5238064684804303,0.6759835072269128,0.1521770387464825,0.1051972793339225,False,0.1122442432458065,0.1521770387464825
0.7000000000000001,0.9,0.7482949549720432,0.7952747143846032,0.04697975941255994,0.5238064684804303,0.7157472429461429,0.1919407744657126,0.1449610150531526,False,0.1496589909944086,0.1919407744657126
0.7000000000000001,0.9500000000000001,0.7482949549720432,0.7952747143846032,0.04697975941255994,0.5238064684804303,0.7555109786653731,0.2317045101849428,0.1847247507723828,False,0.1870737387430108,0.2317045101849428
0.7000000000000001,1,0.7482949549720432,0.7952747143846032,0.04697975941255994,0.5238064684804303,0.7952747143846032,0.2714682459041728,0.2244884864916129,False,0.2244884864916129,0.2714682459041728
0.75,0,0.7482949549720432,0.7952747143846032,0.04697975941255994,0.5612212162290324,0,-0.5612212162290324,-0.6082009756415924,True,-0.5612212162290324,-0.5612212162290324
0.75,0.05,0.7482949549720432,0.7952747143846032,0.04697975941255994,0.5612212162290324,0.03976373571923016,-0.5214574805098022,-0.5684372399223622,True,-0.5238064684804302,-0.5214574805098022
0.75,0.1,0.7482949549720432,0.7952747143846032,0.04697975941255994,0.5612212162290324,0.07952747143846033,-0.4816937447905721,-0.5286735042031321,True,-0.4863917207318281,-0.4816937447905721
0.75,0.15,0.7482949549720432,0.7952747143846032,0.04697975941255994,0.5612212162290324,0.1192912071576905,-0.4419300090713419,-0.4889097684839019,True,-0.4489769729832259,-0.4419300090713419
0.75,0.2,0.7482949549720432,0.7952747143846032,0.04697975941255994,0.5612212162290324,0.1590549428769207,-0.4021662733521117,-0.4491460327646717,True,-0.4115622252346238,-0.4021662733521117
0.75,0.25,0.7482949549720432,0.7952747143846032,0.04697975941255994,0.5612212162290324,0.1988186785961508,-0.3624025376328817,-0.4093822970454416,True,-0.3741474774860216,-0.3624025376328817
0.75,0.3,0.7482949549720432,0.7952747143846032,0.04697975941255994,0.5612212162290324,0.238582414315381,-0.3226388019136515,-0.3696185613262114,True,-0.3367327297374194,-0.3226388019136515
0.75,0.35,0.7482949549720432,0.7952747143846032,0.04697975941255994,0.5612212162290324,0.2783461500346112,-0.2828750661944213,-0.3298548256069812,True,-0.2993179819888173,-0.2828750661944213
0.75,0.4,0.7482949549720432,0.7952747143846032,0.04697975941255994,0.5612212162290324,0.3181098857538413,-0.2431113304751911,-0.2900910898877511,True,-0.2619032342402151,-0.2431113304751911
0.75,0.45,0.7482949549720432,0.7952747143846032,0.04697975941255994,0.5612212162290324,0.3578736214730714,-0.203347594755961,-0.2503273541685209,True,-0.224488486491613,-0.203347594755961
0.75,0.5,0.7482949549720432,0.7952747143846032,0.04697975941255994,0.5612212162290324,0.3976373571923016,-0.1635838590367308,-0.2105636184492908,True,-0.1870737387430108,-0.1635838590367308
0.75,0.55,0.7482949549720432,0.7952747143846032,0.04697975941255994,0.5612212162290324,0.4374010929115318,-0.1238201233175006,-0.1707998827300606,True,-0.1496589909944086,-0.1238201233175006
0.75,0.6000000000000001,0.7482949549720432,0.7952747143846032,0.04697975941255994,0.5612212162290324,0.477164828630762,-0.08405638759827044,-0.1310361470108304,True,-0.1122442432458064,-0.08405638759827044
0.75,0.65,0.7482949549720432,0.7952747143846032,0.04697975941255994,0.5612212162290324,0.5169285643499921,-0.0442926518790403,-0.09127241129160024,True,-0.0748294954972043,-0.0442926518790403
0.75,0.7000000000000001,0.7482949549720432,0.7952747143846032,0.04697975941255994,0.5612212162290324,0.5566923000692223,-0.004528916159810104,-0.05150867557237004,True,-0.03741474774860211,-0.004528916159810104
0.75,0.75,0.7482949549720432,0.7952747143846032,0.04697975941255994,0.5612212162290324,0.5964560357884524,0.03523481955941998,-0.01174493985313996,False,0,0.03523481955941998
0.75,0.8,0.7482949549720432,0.7952747143846032,0.04697975941255994,0.5612212162290324,0.6362197715076826,0.07499855527865018,0.02801879586609024,False,0.03741474774860219,0.07499855527865018
0.75,0.8500000000000001,0.7482949549720432,0.7952747143846032,0.04697975941255994,0.5612212162290324,0.6759835072269128,0.1147622909978804,0.06778253158532044,False,0.07482949549720438,0.1147622909978804
0.75,0.9,0.7482949549720432,0.7952747143846032,0.04697975941255994,0.5612212162290324,0.7157472429461429,0.1545260267171105,0.1075462673045505,False,0.1122442432458065,0.1545260267171105
0.75,0.9500000000000001,0.7482949549720432,0.7952747143846032,0.04697975941255994,0.5612212162290324,0.7555109786653731,0.1942897624363407,0.1473100030237807,False,0.1496589909944087,0.1942897624363407
0.75,1,0.7482949549720432,0.7952747143846032,0.04697975941255994,0.5612212162290324,0.7952747143846032,0.2340534981555707,0.1870737387430108,False,0.1870737387430108,0.2340534981555707
0.8,0,0.7482949549720432,0.7952747143846032,0.04697975941255994,0.5986359639776346,0,-0.5986359639776346,-0.6456157233901946,True,-0.5986359639776346,-0.5986359639776346
0.8,0.05,0.7482949549720432,0.7952747143846032,0.04697975941255994,0.5986359639776346,0.03976373571923016,-0.5588722282584044,-0.6058519876709644,True,-0.5612212162290324,-0.5588722282584044
0.8,0.1,0.7482949549720432,0.7952747143846032,0.04697975941255994,0.5986359639776346,0.07952747143846033,-0.5191084925391743,-0.5660882519517343,True,-0.5238064684804303,-0.5191084925391743
0.8,0.15,0.7482949549720432,0.7952747143846032,0.04697975941255994,0.5986359639776346,0.1192912071576905,-0.4793447568199442,-0.5263245162325041,True,-0.4863917207318281,-0.4793447568199442
0.8,0.2,0.7482949549720432,0.7952747143846032,0.04697975941255994,0.5986359639776346,0.1590549428769207,-0.439581021100714,-0.4865607805132739,True,-0.448976972983226,-0.439581021100714
0.8,0.25,0.7482949549720432,0.7952747143846032,0.04697975941255994,0.5986359639776346,0.1988186785961508,-0.3998172853814839,-0.4467970447940438,True,-0.4115622252346238,-0.3998172853814839
0.8,0.3,0.7482949549720432,0.7952747143846032,0.04697975941255994,0.5986359639776346,0.238582414315381,-0.3600535496622537,-0.4070333090748136,True,-0.3741474774860216,-0.3600535496622537
0.8,0.35,0.7482949549720432,0.7952747143846032,0.04697975941255994,0.5986359639776346,0.2783461500346112,-0.3202898139430235,-0.3672695733555834,True,-0.3367327297374195,-0.3202898139430235
0.8,0.4,0.7482949549720432,0.7952747143846032,0.04697975941255994,0.5986359639776346,0.3181098857538413,-0.2805260782237933,-0.3275058376363533,True,-0.2993179819888173,-0.2805260782237933
0.8,0.45,0.7482949549720432,0.7952747143846032,0.04697975941255994,0.5986359639776346,0.3578736214730714,-0.2407623425045632,-0.2877421019171231,True,-0.2619032342402152,-0.2407623425045632
0.8,0.5,0.7482949549720432,0.7952747143846032,0.04697975941255994,0.5986359639776346,0.3976373571923016,-0.200998606785333,-0.247978366197893,True,-0.224488486491613,-0.200998606785333
0.8,0.55,0.7482949549720432,0.7952747143846032,0.04697975941255994,0.5986359639776346,0.4374010929115318,-0.1612348710661028,-0.2082146304786628,True,-0.1870737387430108,-0.1612348710661028
0.8,0.6000000000000001,0.7482949549720432,0.7952747143846032,0.04697975941255994,0.5986359639776346,0.477164828630762,-0.1214711353468726,-0.1684508947594326,True,-0.1496589909944086,-0.1214711353468726
0.8,0.65,0.7482949549720432,0.7952747143846032,0.04697975941255994,0.5986359639776346,0.5169285643499921,-0.08170739962764251,-0.1286871590402024,True,-0.1122442432458065,-0.08170739962764251
0.8,0.7000000000000001,0.7482949549720432,0.7952747143846032,0.04697975941255994,0.5986359639776346,0.5566923000692223,-0.04194366390841231,-0.08892342332097225,True,-0.0748294954972043,-0.04194366390841231
0.8,0.75,0.7482949549720432,0.7952747143846032,0.04697975941255994,0.5986359639776346,0.5964560357884524,-0.002179928189182223,-0.04915968760174216,True,-0.03741474774860219,-0.002179928189182223
0.8,0.8,0.7482949549720432,0.7952747143846032,0.04697975941255994,0.5986359639776346,0.6362197715076826,0.03758380753004797,-0.009395951882511966,False,0,0.03758380753004797
0.8,0.8500000000000001,0.7482949549720432,0.7952747143846032,0.04697975941255994,0.5986359639776346,0.6759835072269128,0.07734754324927817,0.03036778383671823,False,0.03741474774860219,0.07734754324927817
0.8,0.9,0.7482949549720432,0.7952747143846032,0.04697975941255994,0.5986359639776346,0.7157472429461429,0.1171112789685083,0.07013151955594832,False,0.0748294954972043,0.1171112789685083
0.8,0.9500000000000001,0.7482949549720432,0.7952747143846032,0.04697975941255994,0.5986359639776346,0.7555109786653731,0.1568750146877385,0.1098952552751785,False,0.1122442432458065,0.1568750146877385
0.8,1,0.7482949549720432,0.7952747143846032,0.04697975941255994,0.5986359639776346,0.7952747143846032,0.1966387504069685,0.1496589909944086,False,0.1496589909944086,0.1966387504069685
0.8500000000000001,0,0.7482949549720432,0.7952747143846032,0.04697975941255994,0.6360507117262368,0,-0.6360507117262368,-0.6830304711387968,True,-0.6360507117262368,-0.6360507117262368
0.8500000000000001,0.05,0.7482949549720432,0.7952747143846032,0.04697975941255994,0.6360507117262368,0.03976373571923016,-0.5962869760070066,-0.6432667354195666,True,-0.5986359639776346,-0.5962869760070066
0.8500000000000001,0.1,0.7482949549720432,0.7952747143846032,0.04697975941255994,0.6360507117262368,0.07952747143846033,-0.5565232402877766,-0.6035029997003365,True,-0.5612212162290325,-0.5565232402877766
0.8500000000000001,0.15,0.7482949549720432,0.7952747143846032,0.04697975941255994,0.6360507117262368,0.1192912071576905,-0.5167595045685464,-0.5637392639811063,True,-0.5238064684804303,-0.5167595045685464
0.8500000000000001,0.2,0.7482949549720432,0.7952747143846032,0.04697975941255994,0.6360507117262368,0.1590549428769207,-0.4769957688493162,-0.5239755282618761,True,-0.4863917207318282,-0.4769957688493162
0.8500000000000001,0.25,0.7482949549720432,0.7952747143846032,0.04697975941255994,0.6360507117262368,0.1988186785961508,-0.4372320331300861,-0.484211792542646,True,-0.448976972983226,-0.4372320331300861
0.8500000000000001,0.3,0.7482949549720432,0.7952747143846032,0.04697975941255994,0.6360507117262368,0.238582414315381,-0.3974682974108559,-0.4444480568234158,True,-0.4115622252346238,-0.3974682974108559
0.8500000000000001,0.35,0.7482949549720432,0.7952747143846032,0.04697975941255994,0.6360507117262368,0.2783461500346112,-0.3577045616916257,-0.4046843211041856,True,-0.3741474774860216,-0.3577045616916257
0.8500000000000001,0.4,0.7482949549720432,0.7952747143846032,0.04697975941255994,0.6360507117262368,0.3181098857538413,-0.3179408259723955,-0.3649205853849555,True,-0.3367327297374195,-0.3179408259723955
0.8500000000000001,0.45,0.7482949549720432,0.7952747143846032,0.04697975941255994,0.6360507117262368,0.3578736214730714,-0.2781770902531654,-0.3251568496657253,True,-0.2993179819888174,-0.2781770902531654
0.8500000000000001,0.5,0.7482949549720432,0.7952747143846032,0.04697975941255994,0.6360507117262368,0.3976373571923016,-0.2384133545339353,-0.2853931139464952,True,-0.2619032342402152,-0.2384133545339353
0.8500000000000001,0.55,0.7482949549720432,0.7952747143846032,0.04697975941255994,0.6360507117262368,0.4374010929115318,-0.1986496188147051,-0.245629378227265,True,-0.224488486491613,-0.1986496188147051
0.8500000000000001,0.6000000000000001,0.7482949549720432,0.7952747143846032,0.04697975941255994,0.6360507117262368,0.477164828630762,-0.1588858830954749,-0.2058656425080348,True,-0.1870737387430108,-0.1588858830954749
0.8500000000000001,0.65,0.7482949549720432,0.7952747143846032,0.04697975941255994,0.6360507117262368,0.5169285643499921,-0.1191221473762447,-0.1661019067888047,True,-0.1496589909944087,-0.1191221473762447
0.8500000000000001,0.7000000000000001,0.7482949549720432,0.7952747143846032,0.04697975941255994,0.6360507117262368,0.5566923000692223,-0.07935841165701452,-0.1263381710695745,True,-0.1122442432458065,-0.07935841165701452
0.8500000000000001,0.75,0.7482949549720432,0.7952747143846032,0.04697975941255994,0.6360507117262368,0.5964560357884524,-0.03959467593778443,-0.08657443535034437,True,-0.07482949549720438,-0.03959467593778443
0.8500000000000001,0.8,0.7482949549720432,0.7952747143846032,0.04697975941255994,0.6360507117262368,0.6362197715076826,0.0001690597814457684,-0.04681069963111417,False,-0.03741474774860219,0.0001690597814457684
0.8500000000000001,0.8500000000000001,0.7482949549720432,0.7952747143846032,0.04697975941255994,0.6360507117262368,0.6759835072269128,0.03993279550067597,-0.007046963911883974,False,0,0.03993279550067597
0.8500000000000001,0.9,0.7482949549720432,0.7952747143846032,0.04697975941255994,0.6360507117262368,0.7157472429461429,0.07969653121990605,0.03271677180734611,False,0.03741474774860211,0.07969653121990605
0.8500000000000001,0.9500000000000001,0.7482949549720432,0.7952747143846032,0.04697975941255994,0.6360507117262368,0.7555109786653731,0.1194602669391363,0.07248050752657631,False,0.0748294954972043,0.1194602669391363
0.8500000000000001,1,0.7482949549720432,0.7952747143846032,0.04697975941255994,0.6360507117262368,0.7952747143846032,0.1592240026583663,0.1122442432458064,False,0.1122442432458064,0.1592240026583663
0.9,0,0.7482949549720432,0.7952747143846032,0.04697975941255994,0.6734654594748389,0,-0.6734654594748389,-0.7204452188873989,True,-0.6734654594748389,-0.6734654594748389
0.9,0.05,0.7482949549720432,0.7952747143846032,0.04697975941255994,0.6734654594748389,0.03976373571923016,-0.6337017237556087,-0.6806814831681687,True,-0.6360507117262367,-0.6337017237556087
0.9,0.1,0.7482949549720432,0.7952747143846032,0.04697975941255994,0.6734654594748389,0.07952747143846033,-0.5939379880363787,-0.6409177474489386,True,-0.5986359639776346,-0.5939379880363787
0.9,0.15,0.7482949549720432,0.7952747143846032,0.04697975941255994,0.6734654594748389,0.1192912071576905,-0.5541742523171485,-0.6011540117297084,True,-0.5612212162290324,-0.5541742523171485
0.9,0.2,0.7482949549720432,0.7952747143846032,0.04697975941255994,0.6734654594748389,0.1590549428769207,-0.5144105165979183,-0.5613902760104782,True,-0.5238064684804302,-0.5144105165979183
0.9,0.25,0.7482949549720432,0.7952747143846032,0.04697975941255994,0.6734654594748389,0.1988186785961508,-0.4746467808786882,-0.5216265402912481,True,-0.4863917207318281,-0.4746467808786882
0.9,0.3,0.7482949549720432,0.7952747143846032,0.04697975941255994,0.6734654594748389,0.238582414315381,-0.434883045159458,-0.4818628045720179,True,-0.4489769729832259,-0.434883045159458
0.9,0.35,0.7482949549720432,0.7952747143846032,0.04697975941255994,0.6734654594748389,0.2783461500346112,-0.3951193094402278,-0.4420990688527877,True,-0.4115622252346238,-0.3951193094402278
0.9,0.4,0.7482949549720432,0.7952747143846032,0.04697975941255994,0.6734654594748389,0.3181098857538413,-0.3553555737209976,-0.4023353331335576,True,-0.3741474774860216,-0.3553555737209976
0.9,0.45,0.7482949549720432,0.7952747143846032,0.04697975941255994,0.6734654594748389,0.3578736214730714,-0.3155918380017675,-0.3625715974143274,True,-0.3367327297374195,-0.3155918380017675
0.9,0.5,0.7482949549720432,0.7952747143846032,0.04697975941255994,0.6734654594748389,0.3976373571923016,-0.2758281022825373,-0.3228078616950973,True,-0.2993179819888173,-0.2758281022825373
0.9,0.55,0.7482949549720432,0.7952747143846032,0.04697975941255994,0.6734654594748389,0.4374010929115318,-0.2360643665633071,-0.2830441259758671,True,-0.2619032342402151,-0.2360643665633071
0.9,0.6000000000000001,0.7482949549720432,0.7952747143846032,0.04697975941255994,0.6734654594748389,0.477164828630762,-0.196300630844077,-0.2432803902566369,True,-0.2244884864916129,-0.196300630844077
0.9,0.65,0.7482949549720432,0.7952747143846032,0.04697975941255994,0.6734654594748389,0.5169285643499921,-0.1565368951248468,-0.2035166545374067,True,-0.1870737387430108,-0.1565368951248468
0.9,0.7000000000000001,0.7482949549720432,0.7952747143846032,0.04697975941255994,0.6734654594748389,0.5566923000692223,-0.1167731594056166,-0.1637529188181766,True,-0.1496589909944086,-0.1167731594056166
0.9,0.75,0.7482949549720432,0.7952747143846032,0.04697975941255994,0.6734654594748389,0.5964560357884524,-0.07700942368638652,-0.1239891830989465,True,-0.1122442432458065,-0.07700942368638652
0.9,0.8,0.7482949549720432,0.7952747143846032,0.04697975941255994,0.6734654594748389,0.6362197715076826,-0.03724568796715633,-0.08422544737971627,True,-0.0748294954972043,-0.03724568796715633
0.9,0.8500000000000001,0.7482949549720432,0.7952747143846032,0.04697975941255994,0.6734654594748389,0.6759835072269128,0.002518047752073871,-0.04446171166048607,False,-0.03741474774860211,0.002518047752073871
0.9,0.9,0.7482949549720432,0.7952747143846032,0.04697975941255994,0.6734654594748389,0.7157472429461429,0.04228178347130396,-0.004697975941255983,False,0,0.04228178347130396
0.9,0.9500000000000001,0.7482949549720432,0.7952747143846032,0.04697975941255994,0.6734654594748389,0.7555109786653731,0.08204551919053416,0.03506575977797421,False,0.03741474774860219,0.08204551919053416
0.9,1,0.7482949549720432,0.7952747143846032,0.04697975941255994,0.6734654594748389,0.7952747143846032,0.1218092549097642,0.0748294954972043,False,0.0748294954972043,0.1218092549097642
0.9500000000000001,0,0.7482949549720432,0.7952747143846032,0.04697975941255994,0.7108802072234411,0,-0.7108802072234411,-0.7578599666360011,True,-0.7108802072234411,-0.7108802072234411
0.9500000000000001,0.05,0.7482949549720432,0.7952747143846032,0.04697975941255994,0.7108802072234411,0.03976373571923016,-0.6711164715042109,-0.7180962309167709,True,-0.6734654594748389,-0.6711164715042109
0.9500000000000001,0.1,0.7482949549720432,0.7952747143846032,0.04697975941255994,0.7108802072234411,0.07952747143846033,-0.6313527357849809,-0.6783324951975408,True,-0.6360507117262368,-0.6313527357849809
0.9500000000000001,0.15,0.7482949549720432,0.7952747143846032,0.04697975941255994,0.7108802072234411,0.1192912071576905,-0.5915890000657507,-0.6385687594783106,True,-0.5986359639776346,-0.5915890000657507
0.9500000000000001,0.2,0.7482949549720432,0.7952747143846032,0.04697975941255994,0.7108802072234411,0.1590549428769207,-0.5518252643465205,-0.5988050237590804,True,-0.5612212162290324,-0.5518252643465205
0.9500000000000001,0.25,0.7482949549720432,0.7952747143846032,0.04697975941255994,0.7108802072234411,0.1988186785961508,-0.5120615286272904,-0.5590412880398503,True,-0.5238064684804303,-0.5120615286272904
0.9500000000000001,0.3,0.7482949549720432,0.7952747143846032,0.04697975941255994,0.7108802072234411,0.238582414315381,-0.4722977929080602,-0.5192775523206201,True,-0.4863917207318281,-0.4722977929080602
0.9500000000000001,0.35,0.7482949549720432,0.7952747143846032,0.04697975941255994,0.7108802072234411,0.2783461500346112,-0.43253405718883,-0.4795138166013899,True,-0.448976972983226,-0.43253405718883
0.9500000000000001,0.4,0.7482949549720432,0.7952747143846032,0.04697975941255994,0.7108802072234411,0.3181098857538413,-0.3927703214695998,-0.4397500808821598,True,-0.4115622252346238,-0.3927703214695998
0.9500000000000001,0.45,0.7482949549720432,0.7952747143846032,0.04697975941255994,0.7108802072234411,0.3578736214730714,-0.3530065857503697,-0.3999863451629296,True,-0.3741474774860216,-0.3530065857503697
0.9500000000000001,0.5,0.7482949549720432,0.7952747143846032,0.04697975941255994,0.7108802072234411,0.3976373571923016,-0.3132428500311396,-0.3602226094436995,True,-0.3367327297374195,-0.3132428500311396
0.9500000000000001,0.55,0.7482949549720432,0.7952747143846032,0.04697975941255994,0.7108802072234411,0.4374010929115318,-0.2734791143119094,-0.3204588737244693,True,-0.2993179819888173,-0.2734791143119094
0.9500000000000001,0.6000000000000001,0.7482949549720432,0.7952747143846032,0.04697975941255994,0.7108802072234411,0.477164828630762,-0.2337153785926792,-0.2806951380052391,True,-0.2619032342402151,-0.2337153785926792
0.9500000000000001,0.65,0.7482949549720432,0.7952747143846032,0.04697975941255994,0.7108802072234411,0.5169285643499921,-0.193951642873449,-0.240931402286009,True,-0.224488486491613,-0.193951642873449
0.9500000000000001,0.7000000000000001,0.7482949549720432,0.7952747143846032,0.04697975941255994,0.7108802072234411,0.5566923000692223,-0.1541879071542188,-0.2011676665667788,True,-0.1870737387430108,-0.1541879071542188
0.9500000000000001,0.75,0.7482949549720432,0.7952747143846032,0.04697975941255994,0.7108802072234411,0.5964560357884524,-0.1144241714349887,-0.1614039308475487,True,-0.1496589909944087,-0.1144241714349887
0.9500000000000001,0.8,0.7482949549720432,0.7952747143846032,0.04697975941255994,0.7108802072234411,0.6362197715076826,-0.07466043571575853,-0.1216401951283185,True,-0.1122442432458065,-0.07466043571575853
0.9500000000000001,0.8500000000000001,0.7482949549720432,0.7952747143846032,0.04697975941255994,0.7108802072234411,0.6759835072269128,-0.03489669999652834,-0.08187645940908828,True,-0.0748294954972043,-0.03489669999652834
0.9500000000000001,0.9,0.7482949549720432,0.7952747143846032,0.04697975941255994,0.7108802072234411,0.7157472429461429,0.004867035722701751,-0.04211272368985819,False,-0.03741474774860219,0.004867035722701751
0.9500000000000001,0.9500000000000001,0.7482949549720432,0.7952747143846032,0.04697975941255994,0.7108802072234411,0.7555109786653731,0.04463077144193195,-0.002348987970627991,False,0,0.04463077144193195
0.9500000000000001,1,0.7482949549720432,0.7952747143846032,0.04697975941255994,0.7108802072234411,0.7952747143846032,0.08439450716116204,0.0374147477486021,False,0.03741474774860211,0.08439450716116204
1,0,0.7482949549720432,0.7952747143846032,0.04697975941255994,0.7482949549720432,0,-0.7482949549720432,-0.7952747143846032,True,-0.7482949549720432,-0.7482949549720432
1,0.05,0.7482949549720432,0.7952747143846032,0.04697975941255994,0.7482949549720432,0.03976373571923016,-0.708531219252813,-0.755510978665373,True,-0.710880207223441,-0.708531219252813
1,0.1,0.7482949549720432,0.7952747143846032,0.04697975941255994,0.7482949549720432,0.07952747143846033,-0.668767483533583,-0.7157472429461429,True,-0.6734654594748389,-0.668767483533583
1,0.15,0.7482949549720432,0.7952747143846032,0.04697975941255994,0.7482949549720432,0.1192912071576905,-0.6290037478143528,-0.6759835072269127,True,-0.6360507117262367,-0.6290037478143528
1,0.2,0.7482949549720432,0.7952747143846032,0.04697975941255994,0.7482949549720432,0.1590549428769207,-0.5892400120951226,-0.6362197715076825,True,-0.5986359639776346,-0.5892400120951226
1,0.25,0.7482949549720432,0.7952747143846032,0.04697975941255994,0.7482949549720432,0.1988186785961508,-0.5494762763758925,-0.5964560357884524,True,-0.5612212162290324,-0.5494762763758925
1,0.3,0.7482949549720432,0.7952747143846032,0.04697975941255994,0.7482949549720432,0.238582414315381,-0.5097125406566623,-0.5566923000692222,True,-0.5238064684804302,-0.5097125406566623
1,0.35,0.7482949549720432,0.7952747143846032,0.04697975941255994,0.7482949549720432,0.2783461500346112,-0.4699488049374321,-0.516928564349992,True,-0.486391720731828,-0.4699488049374321
1,0.4,0.7482949549720432,0.7952747143846032,0.04697975941255994,0.7482949549720432,0.3181098857538413,-0.4301850692182019,-0.4771648286307619,True,-0.4489769729832259,-0.4301850692182019
1,0.45,0.7482949549720432,0.7952747143846032,0.04697975941255994,0.7482949549720432,0.3578736214730714,-0.3904213334989718,-0.4374010929115317,True,-0.4115622252346238,-0.3904213334989718
1,0.5,0.7482949549720432,0.7952747143846032,0.04697975941255994,0.7482949549720432,0.3976373571923016,-0.3506575977797416,-0.3976373571923016,True,-0.3741474774860216,-0.3506575977797416
1,0.55,0.7482949549720432,0.7952747143846032,0.04697975941255994,0.7482949549720432,0.4374010929115318,-0.3108938620605115,-0.3578736214730714,True,-0.3367327297374194,-0.3108938620605115
1,0.6000000000000001,0.7482949549720432,0.7952747143846032,0.04697975941255994,0.7482949549720432,0.477164828630762,-0.2711301263412813,-0.3181098857538412,True,-0.2993179819888172,-0.2711301263412813
1,0.65,0.7482949549720432,0.7952747143846032,0.04697975941255994,0.7482949549720432,0.5169285643499921,-0.2313663906220511,-0.2783461500346111,True,-0.2619032342402151,-0.2313663906220511
1,0.7000000000000001,0.7482949549720432,0.7952747143846032,0.04697975941255994,0.7482949549720432,0.5566923000692223,-0.1916026549028209,-0.2385824143153809,True,-0.2244884864916129,-0.1916026549028209
1,0.75,0.7482949549720432,0.7952747143846032,0.04697975941255994,0.7482949549720432,0.5964560357884524,-0.1518389191835908,-0.1988186785961508,True,-0.1870737387430108,-0.1518389191835908
1,0.8,0.7482949549720432,0.7952747143846032,0.04697975941255994,0.7482949549720432,0.6362197715076826,-0.1120751834643606,-0.1590549428769206,True,-0.1496589909944086,-0.1120751834643606
1,0.8500000000000001,0.7482949549720432,0.7952747143846032,0.04697975941255994,0.7482949549720432,0.6759835072269128,-0.07231144774513043,-0.1192912071576904,True,-0.1122442432458064,-0.07231144774513043
1,0.9,0.7482949549720432,0.7952747143846032,0.04697975941255994,0.7482949549720432,0.7157472429461429,-0.03254771202590034,-0.07952747143846028,True,-0.0748294954972043,-0.03254771202590034
1,0.9500000000000001,0.7482949549720432,0.7952747143846032,0.04697975941255994,0.7482949549720432,0.7555109786653731,0.007216023693329854,-0.03976373571923009,False,-0.03741474774860211,0.007216023693329854
1,1,0.7482949549720432,0.7952747143846032,0.04697975941255994,0.7482949549720432,0.7952747143846032,0.04697975941255994,0,False,0,0.04697975941255994
