treatment_observation_intercept,treatment_observation_slope_on_difficulty,control_observation_probability_constant,control_missing_fraction,treatment_missing_fraction,missing_rate_asymmetry_treatment_minus_control,latent_accuracy_both_arms,control_complete_case_accuracy,treatment_complete_case_accuracy,complete_case_apparent_effect,cov_accuracy_observation,sign
0,-2,0.9706877692486436,0.02931223075135636,0.5000000000000009,0.4706877692486445,0.7482949549720432,0.7482949549720432,0.8350325920711977,0.0867376370991545,0.04336881854957719,positive
0,-1.8,0.9706877692486436,0.02931223075135636,0.5000000000000007,0.4706877692486443,0.7482949549720432,0.7482949549720432,0.8312017295940745,0.08290677462203122,0.04145338731101555,positive
0,-1.6,0.9706877692486436,0.02931223075135636,0.5000000000000011,0.4706877692486447,0.7482949549720432,0.7482949549720432,0.8266614273979191,0.07836647242587591,0.03918323621293784,positive
0,-1.4,0.9706877692486436,0.02931223075135636,0.5000000000000011,0.4706877692486447,0.7482949549720432,0.7482949549720432,0.8212650733274615,0.07297011835541822,0.03648505917770906,positive
0,-1.2,0.9706877692486436,0.02931223075135636,0.5000000000000009,0.4706877692486445,0.7482949549720432,0.7482949549720432,0.8148439394230144,0.06654898445097113,0.03327449222548551,positive
0,-1,0.9706877692486436,0.02931223075135636,0.5000000000000018,0.4706877692486454,0.7482949549720432,0.7482949549720432,0.8072150984420405,0.0589201434699973,0.02946007173499854,positive
0,-0.7999999999999998,0.9706877692486436,0.02931223075135636,0.5000000000000019,0.4706877692486455,0.7482949549720432,0.7482949549720432,0.7982026550922499,0.04990770012020662,0.0249538500601032,positive
0,-0.5999999999999999,0.9706877692486436,0.02931223075135636,0.5000000000000012,0.4706877692486449,0.7482949549720432,0.7482949549720432,0.7876818956007073,0.0393869406286641,0.019693470314332,positive
0,-0.3999999999999999,0.9706877692486436,0.02931223075135636,0.4999999999999999,0.4706877692486435,0.7482949549720432,0.7482949549720432,0.7756551373087244,0.02736018233668114,0.01368009116834062,positive
0,-0.2,0.9706877692486436,0.02931223075135636,0.5000000000000011,0.4706877692486447,0.7482949549720432,0.7482949549720432,0.7623514509273671,0.01405649595532388,0.007028247977661939,positive
0,0,0.9706877692486436,0.02931223075135636,0.5,0.4706877692486436,0.7482949549720432,0.7482949549720432,0.7482949549720436,0,0,zero
0,0.2000000000000002,0.9706877692486436,0.02931223075135636,0.5000000000000009,0.4706877692486445,0.7482949549720432,0.7482949549720432,0.7342384590167185,-0.01405649595532477,-0.007028247977662383,negative
0,0.4000000000000004,0.9706877692486436,0.02931223075135636,0.5,0.4706877692486436,0.7482949549720432,0.7482949549720432,0.7209347726353584,-0.0273601823366848,-0.0136800911683424,negative
0,0.6000000000000001,0.9706877692486436,0.02931223075135636,0.5000000000000014,0.4706877692486451,0.7482949549720432,0.7482949549720432,0.7089080143433804,-0.03938694062866288,-0.01969347031433138,negative
0,0.8000000000000003,0.9706877692486436,0.02931223075135636,0.5000000000000004,0.4706877692486441,0.7482949549720432,0.7482949549720432,0.6983872548518355,-0.04990770012020773,-0.02495385006010387,negative
0,1,0.9706877692486436,0.02931223075135636,0.5000000000000011,0.4706877692486447,0.7482949549720432,0.7482949549720432,0.689374811502048,-0.05892014346999519,-0.02946007173499748,negative
0,1.2,0.9706877692486436,0.02931223075135636,0.5,0.4706877692486436,0.7482949549720432,0.7482949549720432,0.6817459705210696,-0.06654898445097368,-0.03327449222548684,negative
0,1.4,0.9706877692486436,0.02931223075135636,0.5000000000000016,0.4706877692486452,0.7482949549720432,0.7482949549720432,0.6753248366166241,-0.07297011835541911,-0.03648505917770944,negative
0,1.6,0.9706877692486436,0.02931223075135636,0.5000000000000018,0.4706877692486454,0.7482949549720432,0.7482949549720432,0.6699284825461672,-0.07836647242587602,-0.0391832362129379,negative
0,1.8,0.9706877692486436,0.02931223075135636,0.5,0.4706877692486436,0.7482949549720432,0.7482949549720432,0.6653881803500068,-0.08290677462203644,-0.04145338731101822,negative
0,2,0.9706877692486436,0.02931223075135636,0.5000000000000007,0.4706877692486443,0.7482949549720432,0.7482949549720432,0.6615573178728889,-0.08673763709915439,-0.04336881854957714,negative
0.2,-2,0.9706877692486436,0.02931223075135636,0.4697449956078097,0.4404327648564533,0.7482949549720432,0.7482949549720432,0.8307585560147417,0.08246360104269845,0.04372673713309189,positive
0.2,-1.8,0.9706877692486436,0.02931223075135636,0.4678517544927154,0.4385395237413591,0.7482949549720432,0.7482949549720432,0.8268192830228407,0.07852432805079745,0.0417865834018703,positive
0.2,-1.6,0.9706877692486436,0.02931223075135636,0.4657939592998684,0.4364817285485121,0.7482949549720432,0.7482949549720432,0.8222047036708243,0.07390974869878109,0.03948303422151755,positive
0.2,-1.4,0.9706877692486436,0.02931223075135636,0.4635751305399316,0.4342628997885752,0.7482949549720432,0.7482949549720432,0.8167883198754329,0.06849336490338964,0.03674154432718157,positive
0.2,-1.2,0.9706877692486436,0.02931223075135636,0.4612147253067385,0.4319024945553821,0.7482949549720432,0.7482949549720432,0.8104295461181991,0.06213459114615583,0.03347720275863508,positive
0.2,-1,0.9706877692486436,0.02931223075135636,0.4587588311144525,0.4294466003630961,0.7482949549720432,0.7482949549720432,0.8029833655507901,0.05468841057874685,0.02959961926613369,positive
0.2,-0.7999999999999998,0.9706877692486436,0.02931223075135636,0.4562950964650594,0.426982865713703,0.7482949549720432,0.7482949549720432,0.7943218210367495,0.0460268660647063,0.02502503277372675,positive
0.2,-0.5999999999999999,0.9706877692486436,0.02931223075135636,0.4539699589366449,0.4246577281852886,0.7482949549720432,0.7482949549720432,0.7843740934808011,0.03607913850875788,0.01970029348146757,positive
0.2,-0.3999999999999999,0.9706877692486436,0.02931223075135636,0.4519991990201013,0.422686968268745,0.7482949549720432,0.7482949549720432,0.7731890004714014,0.02489404549935814,0.01364195687327829,positive
0.2,-0.2,0.9706877692486436,0.02931223075135636,0.4506499322028154,0.421337701451459,0.7482949549720432,0.7482949549720432,0.761007310988258,0.01271235601621479,0.006983533639369544,positive
0.2,0,0.9706877692486436,0.02931223075135636,0.4501660026875225,0.4208537719361661,0.7482949549720432,0.7482949549720432,0.7482949549720426,-6.661338147750939e-16,0,zero
0.2,0.2000000000000002,0.9706877692486436,0.02931223075135636,0.4506499322028158,0.4213377014514594,0.7482949549720432,0.7482949549720432,0.735666944845736,-0.01262801012630721,-0.006937198219030383,negative
0.2,0.4000000000000004,0.9706877692486436,0.02931223075135636,0.451999199020101,0.4226869682687446,0.7482949549720432,0.7482949549720432,0.7237080031907018,-0.0245869517813414,-0.01347366926982924,negative
0.2,0.6000000000000001,0.9706877692486436,0.02931223075135636,0.4539699589366452,0.4246577281852888,0.7482949549720432,0.7482949549720432,0.7128173213573924,-0.03547763361465084,-0.01937185373943845,negative
0.2,0.8000000000000003,0.9706877692486436,0.02931223075135636,0.4562950964650566,0.4269828657137003,0.7482949549720432,0.7482949549720432,0.7031730258621189,-0.0451219291099243,-0.02453301411402198,negative
0.2,1,0.9706877692486436,0.02931223075135636,0.4587588311144509,0.4294466003630946,0.7482949549720432,0.7482949549720432,0.6947845421033516,-0.05351041286869163,-0.02896203840859901,negative
0.2,1.2,0.9706877692486436,0.02931223075135636,0.461214725306736,0.4319024945553797,0.7482949549720432,0.7482949549720432,0.6875636864940707,-0.0607312684779725,-0.03272111316937482,negative
0.2,1.4,0.9706877692486436,0.02931223075135636,0.4635751305399323,0.4342628997885759,0.7482949549720432,0.7482949549720432,0.6813793497148354,-0.06691560525720786,-0.03589519481493914,negative
0.2,1.6,0.9706877692486436,0.02931223075135636,0.4657939592998682,0.4364817285485119,0.7482949549720432,0.7482949549720432,0.6760906311362077,-0.07220432383583553,-0.03857198595777184,negative
0.2,1.8,0.9706877692486436,0.02931223075135636,0.4678517544927173,0.438539523741361,0.7482949549720432,0.7482949549720432,0.6715639087372973,-0.07673104623474591,-0.04083229162975821,negative
0.2,2,0.9706877692486436,0.02931223075135636,0.4697449956078065,0.4404327648564501,0.7482949549720432,0.7482949549720432,0.6676801277183573,-0.08061482725368596,-0.04274641557947917,negative
0.4,-2,0.9706877692486436,0.02931223075135636,0.4396709352196584,0.410358704468302,0.7482949549720432,0.7482949549720432,0.8264860238246613,0.07819106885261806,0.0438127284843628,positive
0.4,-1.8,0.9706877692486436,0.02931223075135636,0.435922577942126,0.4066103471907696,0.7482949549720432,0.7482949549720432,0.8224406758542804,0.07414572088223714,0.04182392709187505,positive
0.4,-1.6,0.9706877692486436,0.02931223075135636,0.4318548521681085,0.4025426214167521,0.7482949549720432,0.7482949549720432,0.8177545048492754,0.06945954987723213,0.03946310623333671,positive
0.4,-1.4,0.9706877692486436,0.02931223075135636,0.4274772679072829,0.3981650371559265,0.7482949549720432,0.7482949549720432,0.8123210647390694,0.06402610976702616,0.03665640328908598,positive
0.4,-1.2,0.9706877692486436,0.02931223075135636,0.4228314124387023,0.3935191816873459,0.7482949549720432,0.7482949549720432,0.8060278133534374,0.05773285838139419,0.03332159232786575,positive
0.4,-1,0.9706877692486436,0.02931223075135636,0.4180117226751329,0.3886994919237765,0.7482949549720432,0.7482949549720432,0.7987675319074827,0.05047257693543949,0.02937444810280326,positive
0.4,-0.7999999999999998,0.9706877692486436,0.02931223075135636,0.4131938673609379,0.3838816366095815,0.7482949549720432,0.7482949549720432,0.7904600868599074,0.04216513188786419,0.0247427579753336,positive
0.4,-0.5999999999999999,0.9706877692486436,0.02931223075135636,0.4086662626987355,0.3793540319473792,0.7482949549720432,0.7482949549720432,0.78108825110644,0.03279329613439674,0.0193917823615799,positive
0.4,-0.3999999999999999,0.9706877692486436,0.02931223075135636,0.40484672030533,0.3755344895539736,0.7482949549720432,0.7482949549720432,0.7707459959353126,0.02245104096326933,0.01336181066184916,positive
0.4,-0.2,0.9706877692486436,0.02931223075135636,0.402243361577407,0.3729311308260507,0.7482949549720432,0.7482949549720432,0.7596815671977379,0.0113866122256947,0.006806423047052867,positive
0.4,0,0.9706877692486436,0.02931223075135636,0.4013123398875492,0.3720001091361929,0.7482949549720432,0.7482949549720432,0.7482949549720448,1.554312234475219e-15,9.436895709313831e-16,zero
0.4,0.2000000000000002,0.9706877692486436,0.02931223075135636,0.4022433615774059,0.3729311308260496,0.7482949549720432,0.7482949549720432,0.7370575697170693,-0.01123738525497398,-0.006717221634672865,negative
0.4,0.4000000000000004,0.9706877692486436,0.02931223075135636,0.4048467203053263,0.37553448955397,0.7482949549720432,0.7482949549720432,0.7263902872156378,-0.02190466775640543,-0.01303663485584688,negative
0.4,0.6000000000000001,0.9706877692486436,0.02931223075135636,0.4086662626987357,0.3793540319473794,0.7482949549720432,0.7482949549720432,0.7165797626965327,-0.03171519227551056,-0.01875426317750589,negative
0.4,0.8000000000000003,0.9706877692486436,0.02931223075135636,0.4131938673609363,0.38388163660958,0.7482949549720432,0.7482949549720432,0.7077645257852875,-0.04053042918675576,-0.02378350440528154,negative
0.4,1,0.9706877692486436,0.02931223075135636,0.4180117226751329,0.3886994919237765,0.7482949549720432,0.7482949549720432,0.6999665165234261,-0.04832843844861712,-0.02812658463851153,negative
0.4,1.2,0.9706877692486436,0.02931223075135636,0.4228314124387029,0.3935191816873466,0.7482949549720432,0.7482949549720432,0.6931343429223079,-0.05516061204973532,-0.0318369725457624,negative
0.4,1.4,0.9706877692486436,0.02931223075135636,0.427477267907281,0.3981650371559247,0.7482949549720432,0.7482949549720432,0.6871793074926327,-0.06111564747941056,-0.0349900974685276,negative
0.4,1.6,0.9706877692486436,0.02931223075135636,0.4318548521681064,0.40254262141675,0.7482949549720432,0.7482949549720432,0.6819994436073695,-0.06629551136467371,-0.03766547310487356,negative
0.4,1.8,0.9706877692486436,0.02931223075135636,0.4359225779421206,0.4066103471907643,0.7482949549720432,0.7482949549720432,0.6774933966829155,-0.07080155828912771,-0.03993756047741182,negative
0.4,2,0.9706877692486436,0.02931223075135636,0.4396709352196599,0.4103587044683036,0.7482949549720432,0.7482949549720432,0.6735674202307849,-0.07472753474125837,-0.04187200965490967,negative
0.6000000000000001,-2,0.9706877692486436,0.02931223075135636,0.4099553739236691,0.3806431431723127,0.7482949549720432,0.7482949549720432,0.8222294598204227,0.07393450484837949,0.04362465726740078,positive
0.6000000000000001,-1.8,0.9706877692486436,0.02931223075135636,0.4044268192296226,0.3751145884782663,0.7482949549720432,0.7482949549720432,0.8180833716295406,0.06978841665749735,0.04156410928963411,positive
0.6000000000000001,-1.6,0.9706877692486436,0.02931223075135636,0.398442945542303,0.3691307147909466,0.7482949549720432,0.7482949549720432,0.8133320081947725,0.06503705322272924,0.03912349816727345,positive
0.6000000000000001,-1.4,0.9706877692486436,0.02931223075135636,0.392023878759452,0.3627116480080956,0.7482949549720432,0.7482949549720432,0.8078890109389608,0.05959405596691758,0.0362317629957587,positive
0.6000000000000001,-1.2,0.9706877692486436,0.02931223075135636,0.3852382221140919,0.3559259913627355,0.7482949549720432,0.7482949549720432,0.801669756851858,0.0533748018798148,0.03281278809794308,positive
0.6000000000000001,-1,0.9706877692486436,0.02931223075135636,0.3782326478541336,0.3489204171027772,0.7482949549720432,0.7482949549720432,0.7946043561566987,0.04630940118465543,0.02879367375404385,positive
0.6000000000000001,-0.7999999999999998,0.9706877692486436,0.02931223075135636,0.3712708373421165,0.3419586065907602,0.7482949549720432,0.7482949549720432,0.7866593005211959,0.03836434554915269,0.02412078285303648,positive
0.6000000000000001,-0.5999999999999999,0.9706877692486436,0.02931223075135636,0.364773769733466,0.3354615389821096,0.7482949549720432,0.7482949549720432,0.7778682863708478,0.02957333139880458,0.01878575582088554,positive
0.6000000000000001,-0.3999999999999999,0.9706877692486436,0.02931223075135636,0.3593345800559686,0.3300223493046123,0.7482949549720432,0.7482949549720432,0.7683652549485602,0.02007029997651699,0.012858347162858,positive
0.6000000000000001,-0.2,0.9706877692486436,0.02931223075135636,0.3556539116697423,0.3263416809183859,0.7482949549720432,0.7482949549720432,0.7583981715455325,0.01010321657348923,0.006509968078681205,positive
0.6000000000000001,0,0.9706877692486436,0.02931223075135636,0.3543436937742058,0.3250314630228495,0.7482949549720432,0.7482949549720432,0.7482949549720427,-5.551115123125783e-16,0,zero
0.6000000000000001,0.2000000000000002,0.9706877692486436,0.02931223075135636,0.355653911669744,0.3263416809183877,0.7482949549720432,0.7482949549720432,0.7383867597085014,-0.009908195263541808,-0.006384306860475475,negative
0.6000000000000001,0.4000000000000004,0.9706877692486436,0.02931223075135636,0.3593345800559684,0.3300223493046121,0.7482949549720432,0.7482949549720432,0.7289439191880014,-0.01935103578404185,-0.01239753946693511,negative
0.6000000000000001,0.6000000000000001,0.9706877692486436,0.02931223075135636,0.3647737697334653,0.335461538982109,0.7482949549720432,0.7482949549720432,0.7201543270215155,-0.02814062795052774,-0.01787566501034682,negative
0.6000000000000001,0.8000000000000003,0.9706877692486436,0.02931223075135636,0.3712708373421162,0.3419586065907598,0.7482949549720432,0.7482949549720432,0.712124363008513,-0.03617059196353023,-0.02274150599807029,negative
0.6000000000000001,1,0.9706877692486436,0.02931223075135636,0.3782326478541341,0.3489204171027778,0.7482949549720432,0.7482949549720432,0.7048897041732404,-0.04340525079880286,-0.02698796785839885,negative
0.6000000000000001,1.2,0.9706877692486436,0.02931223075135636,0.3852382221140928,0.3559259913627364,0.7482949549720432,0.7482949549720432,0.6984334667443143,-0.04986148822772896,-0.03065293715091588,negative
0.6000000000000001,1.4,0.9706877692486436,0.02931223075135636,0.3920238787594522,0.3627116480080959,0.7482949549720432,0.7482949549720432,0.6927059002489384,-0.05558905472310482,-0.03379681787398187,negative
0.6000000000000001,1.6,0.9706877692486436,0.02931223075135636,0.3984429455423012,0.3691307147909448,0.7482949549720432,0.7482949549720432,0.6876406120650254,-0.06065434290701788,-0.03648704785921286,negative
0.6000000000000001,1.8,0.9706877692486436,0.02931223075135636,0.4044268192296205,0.3751145884782642,0.7482949549720432,0.7482949549720432,0.6831657671981368,-0.06512918777390642,-0.0387891975234968,negative
0.6000000000000001,2,0.9706877692486436,0.02931223075135636,0.409955373923672,0.3806431431723156,0.7482949549720432,0.7482949549720432,0.6792108800221599,-0.06908407494988333,-0.04076268717163289,negative
0.8,-2,0.9706877692486436,0.02931223075135636,0.3807691984355861,0.3514569676842297,0.7482949549720432,0.7482949549720432,0.8180036737621922,0.06970871879014895,0.04316578581245228,positive
0.8,-1.8,0.9706877692486436,0.02931223075135636,0.373569563738632,0.3442573329872757,0.7482949549720432,0.7482949549720432,0.8137651733343938,0.06547021836235056,0.04101253745085431,positive
0.8,-1.6,0.9706877692486436,0.02931223075135636,0.365805464926967,0.3364932341756106,0.7482949549720432,0.7482949549720432,0.8089586737166338,0.06066371874459053,0.03847259890502686,positive
0.8,-1.4,0.9706877692486436,0.02931223075135636,0.3575138428196041,0.3282016120682477,0.7482949549720432,0.7482949549720432,0.8035179944219473,0.05522303944990403,0.03548003840399028,positive
0.8,-1.2,0.9706877692486436,0.02931223075135636,0.3487965650144056,0.3194843342630492,0.7482949549720432,0.7482949549720432,0.7973862169284416,0.04909126195639835,0.03196839841378424,positive
0.8,-1,0.9706877692486436,0.02931223075135636,0.3398569009882362,0.3105446702368798,0.7482949549720432,0.7482949549720432,0.7905298686896157,0.04223491371757249,0.02788108682801277,positive
0.8,-0.7999999999999998,0.9706877692486436,0.02931223075135636,0.3310448689135408,0.3017326381621844,0.7482949549720432,0.7482949549720432,0.7829597139520015,0.03466475897995824,0.0231891683875185,positive
0.8,-0.5999999999999999,0.9706877692486436,0.02931223075135636,0.3228989310715853,0.2935867003202289,0.7482949549720432,0.7482949549720432,0.7747554133691648,0.02646045839712152,0.01791640466502686,positive
0.8,-0.3999999999999999,0.9706877692486436,0.02931223075135636,0.3161496110341434,0.286837380282787,0.7482949549720432,0.7482949549720432,0.7660823659202016,0.01778741094815839,0.01216392789559362,positive
0.8,-0.2,0.9706877692486436,0.02931223075135636,0.3116260362298139,0.2823138054784575,0.7482949549720432,0.7482949549720432,0.7571781231956402,0.008883168223596916,0.006114941720914757,positive
0.8,0,0.9706877692486436,0.02931223075135636,0.3100255188723896,0.2807132881210332,0.7482949549720432,0.7482949549720432,0.748294954972042,-1.221245327087672e-15,-8.881784197001252e-16,zero
0.8,0.2000000000000002,0.9706877692486436,0.02931223075135636,0.3116260362298146,0.2823138054784582,0.7482949549720432,0.7482949549720432,0.7396350792651545,-0.008659875706888753,-0.005961232966108065,negative
0.8,0.4000000000000004,0.9706877692486436,0.02931223075135636,0.3161496110341437,0.2868373802827874,0.7482949549720432,0.7482949549720432,0.7313382450106651,-0.0169567099613781,-0.01159585270266961,negative
0.8,0.6000000000000001,0.9706877692486436,0.02931223075135636,0.3228989310715847,0.2935867003202284,0.7482949549720432,0.7482949549720432,0.7235078583080458,-0.02478709666399748,-0.01678336964682464,negative
0.8,0.8000000000000003,0.9706877692486436,0.02931223075135636,0.3310448689135379,0.3017326381621815,0.7482949549720432,0.7482949549720432,0.7162223393158407,-0.03207261565620256,-0.02145514081058075,negative
0.8,1,0.9706877692486436,0.02931223075135636,0.3398569009882362,0.3105446702368798,0.7482949549720432,0.7482949549720432,0.709529017985043,-0.03876593698700026,-0.02559106577869313,negative
0.8,1.2,0.9706877692486436,0.02931223075135636,0.3487965650144031,0.3194843342630468,0.7482949549720432,0.7482949549720432,0.7034412375426824,-0.04485371742936084,-0.02920889486187311,negative
0.8,1.4,0.9706877692486436,0.02931223075135636,0.3575138428196016,0.3282016120682453,0.7482949549720432,0.7482949549720432,0.6979438672956577,-0.05035108767638552,-0.03234987683105428,negative
0.8,1.6,0.9706877692486436,0.02931223075135636,0.3658054649269709,0.3364932341756145,0.7482949549720432,0.7482949549720432,0.6930025113337125,-0.05529244363833075,-0.03506616558626285,negative
0.8,1.8,0.9706877692486436,0.02931223075135636,0.3735695637386333,0.3442573329872769,0.7482949549720432,0.7482949549720432,0.6885721733384585,-0.05972278163358469,-0.03741216815346882,negative
0.8,2,0.9706877692486436,0.02931223075135636,0.380769198435586,0.3514569676842296,0.7482949549720432,0.7482949549720432,0.6846037386839857,-0.06369121628805752,-0.03943956291466633,negative
1,-2,0.9706877692486436,0.02931223075135636,0.3522735614741345,0.3229613307227781,0.7482949549720432,0.7482949549720432,0.8138236682796806,0.06552871330763732,0.04244468009193841,positive
1,-1.8,0.9706877692486436,0.02931223075135636,0.3435424336722547,0.3142302029208983,0.7482949549720432,0.7482949549720432,0.8095040038502966,0.0612090488782534,0.04018114326385419,positive
1,-1.6,0.9706877692486436,0.02931223075135636,0.3341707846420517,0.3048585538906954,0.7482949549720432,0.7482949549720432,0.8046559236919685,0.05636096871992524,0.03752677957960165,positive
1,-1.4,0.9706877692486436,0.02931223075135636,0.3242193554420247,0.2949071246906684,0.7482949549720432,0.7482949549720432,0.7992335110262915,0.05093855605424824,0.03442329024319235,positive
1,-1.2,0.9706877692486436,0.02931223075135636,0.3138297790939385,0.2845175483425821,0.7482949549720432,0.7482949549720432,0.7932071575883747,0.04491220261633144,0.03081741599062593,positive
1,-1,0.9706877692486436,0.02931223075135636,0.3032653298563185,0.2739530991049621,0.7482949549720432,0.7482949549720432,0.7865783446721463,0.03828338970010303,0.0266733648946833,positive
1,-0.7999999999999998,0.9706877692486436,0.02931223075135636,0.2929575595602454,0.263645328808889,0.7482949549720432,0.7482949549720432,0.7793985388173226,0.03110358384527934,0.0219915538283888,positive
1,-0.5999999999999999,0.9706877692486436,0.02931223075135636,0.283541214172874,0.2542289834215177,0.7482949549720432,0.7482949549720432,0.7717863026468309,0.02349134767478767,0.01683058243252122,positive
1,-0.3999999999999999,0.9706877692486436,0.02931223075135636,0.2758378706782694,0.246525639926913,0.7482949549720432,0.7482949549720432,0.7639274788856514,0.01563252391360814,0.0113204818039514,positive
1,-0.2,0.9706877692486436,0.02931223075135636,0.2707342485753021,0.2414220178239458,0.7482949549720432,0.7482949549720432,0.7560382464998583,0.007743291527815055,0.005646917314532596,positive
1,0,0.9706877692486436,0.02931223075135636,0.2689414213699931,0.2396291906186367,0.7482949549720432,0.7482949549720432,0.7482949549720391,-4.107825191113079e-15,-2.997602166487923e-15,zero
1,0.2000000000000002,0.9706877692486436,0.02931223075135636,0.2707342485753039,0.2414220178239476,0.7482949549720432,0.7482949549720432,0.7407881299971382,-0.007506824974905069,-0.005474470356137795,negative
1,0.4000000000000004,0.9706877692486436,0.02931223075135636,0.2758378706782718,0.2465256399269155,0.7482949549720432,0.7482949549720432,0.7335507101209604,-0.01474424485108283,-0.01067722374660107,negative
1,0.6000000000000001,0.9706877692486436,0.02931223075135636,0.2835412141728743,0.2542289834215179,0.7482949549720432,0.7482949549720432,0.7266158265602682,-0.02167912841177499,-0.01553220201969074,negative
1,0.8000000000000003,0.9706877692486436,0.02931223075135636,0.2929575595602445,0.2636453288088881,0.7482949549720432,0.7482949549720432,0.7200359005417214,-0.02825905443032184,-0.01998035080893468,negative
1,1,0.9706877692486436,0.02931223075135636,0.3032653298563153,0.2739530991049589,0.7482949549720432,0.7482949549720432,0.7138655454336156,-0.03442940953842766,-0.02398816329799824,negative
1,1.2,0.9706877692486436,0.02931223075135636,0.3138297790939364,0.28451754834258,0.7482949549720432,0.7482949549720432,0.7081425968691621,-0.04015235810288109,-0.0275513524293533,negative
1,1.4,0.9706877692486436,0.02931223075135636,0.3242193554420245,0.2949071246906682,0.7482949549720432,0.7482949549720432,0.7028815460598518,-0.04541340891219148,-0.03068950274625565,negative
1,1.6,0.9706877692486436,0.02931223075135636,0.3341707846420481,0.3048585538906917,0.7482949549720432,0.7482949549720432,0.6980762201188806,-0.05021873485316264,-0.03343710082355034,negative
1,1.8,0.9706877692486436,0.02931223075135636,0.3435424336722539,0.3142302029208975,0.7482949549720432,0.7482949549720432,0.6937058068728705,-0.0545891480991727,-0.03583545930908782,negative
1,2,0.9706877692486436,0.02931223075135636,0.3522735614741321,0.3229613307227758,0.7482949549720432,0.7482949549720432,0.6897407779786924,-0.05855417699335086,-0.03792708852471649,negative
1.2,-2,0.9706877692486436,0.02931223075135636,0.3246171244769667,0.2953048937256103,0.7482949549720432,0.7482949549720432,0.8097044704947283,0.06140951552268503,0.04147493517818734,positive
1.2,-1.8,0.9706877692486436,0.02931223075135636,0.314519880753101,0.2852076500017446,0.7482949549720432,0.7482949549720432,0.8053176661344104,0.05702271116236712,0.03908793484736095,positive
1.2,-1.6,0.9706877692486436,0.02931223075135636,0.3037434207059407,0.2744311899545844,0.7482949549720432,0.7482949549720432,0.8004447978627064,0.05214984289066316,0.03630967122177575,positive
1.2,-1.4,0.9706877692486436,0.02931223075135636,0.2923791642688203,0.2630669335174639,0.7482949549720432,0.7482949549720432,0.7950602187531816,0.04676526378113832,0.03309207503999823,positive
1.2,-1.2,0.9706877692486436,0.02931223075135636,0.2806140605963022,0.2513018298449459,0.7482949549720432,0.7482949549720432,0.7891609527203158,0.0408659977482726,0.02939842417981042,positive
1.2,-1,0.9706877692486436,0.02931223075135636,0.2687724102754497,0.2394601795240934,0.7482949549720432,0.7482949549720432,0.7827813070929497,0.03448635212090645,0.0252173721397625,positive
1.2,-0.7999999999999998,0.9706877692486436,0.02931223075135636,0.2573581595604643,0.2280459288091079,0.7482949549720432,0.7482949549720432,0.7760086402009986,0.02771368522895534,0.02058134220379337,positive
1.2,-0.5999999999999999,0.9706877692486436,0.02931223075135636,0.2470752689727883,0.2177630382214319,0.7482949549720432,0.7482949549720432,0.7689915833659362,0.02069662839389297,0.01558300336664198,positive
1.2,-0.3999999999999999,0.9706877692486436,0.02931223075135636,0.2387855226450345,0.2094732918936781,0.7482949549720432,0.7482949549720432,0.7619239863859009,0.01362903141385763,0.01037461602455403,positive
1.2,-0.2,0.9706877692486436,0.02931223075135636,0.2333645172250979,0.2040522864737415,0.7482949549720432,0.7482949549720432,0.7549905119597862,0.006695556987742934,0.005133051563745217,positive
1.2,0,0.9706877692486436,0.02931223075135636,0.2314752165009832,0.2021629857496269,0.7482949549720432,0.7482949549720432,0.7482949549720457,2.442490654175344e-15,1.887379141862766e-15,zero
1.2,0.2000000000000002,0.9706877692486436,0.02931223075135636,0.2333645172250942,0.2040522864737379,0.7482949549720432,0.7482949549720432,0.7418368460412664,-0.006458108930776807,-0.004951015457959063,negative
1.2,0.4000000000000004,0.9706877692486436,0.02931223075135636,0.2387855226450329,0.2094732918936766,0.7482949549720432,0.7482949549720432,0.7355671554006095,-0.01272779957143377,-0.009688585298647689,negative
1.2,0.6000000000000001,0.9706877692486436,0.02931223075135636,0.2470752689727858,0.2177630382214294,0.7482949549720432,0.7482949549720432,0.7294625232677733,-0.01883243170426996,-0.01417940357552583,negative
1.2,0.8000000000000003,0.9706877692486436,0.02931223075135636,0.2573581595604627,0.2280459288091063,0.7482949549720432,0.7482949549720432,0.7235502333126514,-0.02474472165939179,-0.01837646563429485,negative
1.2,1,0.9706877692486436,0.02931223075135636,0.2687724102754454,0.239460179524089,0.7482949549720432,0.7482949549720432,0.717886582302644,-0.03040837266939922,-0.02223544105449082,negative
1.2,1.2,0.9706877692486436,0.02931223075135636,0.2806140605963001,0.2513018298449438,0.7482949549720432,0.7482949549720432,0.7125272514476119,-0.03576770352443137,-0.02573078300023612,negative
1.2,1.4,0.9706877692486436,0.02931223075135636,0.2923791642688188,0.2630669335174625,0.7482949549720432,0.7482949549720432,0.7075108640273761,-0.04078409094466717,-0.02885967251880184,negative
1.2,1.6,0.9706877692486436,0.02931223075135636,0.3037434207059408,0.2744311899545845,0.7482949549720432,0.7482949549720432,0.7028555106822507,-0.04543944428979252,-0.03163751204623383,negative
1.2,1.8,0.9706877692486436,0.02931223075135636,0.3145198807531001,0.2852076500017438,0.7482949549720432,0.7482949549720432,0.6985618890061702,-0.04973306596587301,-0.03409102798880054,negative
1.2,2,0.9706877692486436,0.02931223075135636,0.3246171244769652,0.2953048937256089,0.7482949549720432,0.7482949549720432,0.694618322393851,-0.05367663257819222,-0.03625227845905282,negative
1.4,-2,0.9706877692486436,0.02931223075135636,0.2979336891240686,0.2686214583727122,0.7482949549720432,0.7482949549720432,0.8056609503656554,0.0573659953936122,0.04027473275571902,positive
1.4,-1.8,0.9706877692486436,0.02931223075135636,0.2866560939262084,0.257343863174852,0.7482949549720432,0.7482949549720432,0.8012235878425374,0.05292863287049421,0.037756317714984,positive
1.4,-1.6,0.9706877692486436,0.02931223075135636,0.2747000142471715,0.2453877834958151,0.7482949549720432,0.7482949549720432,0.7963455931802196,0.04805063820817634,0.03485112720780459,positive
1.4,-1.4,0.9706877692486436,0.02931223075135636,0.2621934270154144,0.232881196264058,0.7482949549720432,0.7482949549720432,0.7910214320826975,0.04272647711065425,0.03152387565271619,positive
1.4,-1.2,0.9706877692486436,0.02931223075135636,0.2493720789417692,0.2200598481904128,0.7482949549720432,0.7482949549720432,0.7852736906275218,0.0369787356554786,0.02775727146843376,positive
1.4,-1,0.9706877692486436,0.02931223075135636,0.2366187758849913,0.2073065451336349,0.7482949549720432,0.7482949549720432,0.7791666159369082,0.03087166096486493,0.02356684633782213,positive
1.4,-0.7999999999999998,0.9706877692486436,0.02931223075135636,0.2244957873602516,0.1951835566088952,0.7482949549720432,0.7482949549720432,0.7728174598577316,0.02452250488568841,0.01901730584333017,positive
1.4,-0.5999999999999999,0.9706877692486436,0.02931223075135636,0.2137445739331356,0.1844323431817793,0.7482949549720432,0.7482949549720432,0.7663948085384517,0.01809985356640842,0.0142311080776043,positive
1.4,-0.3999999999999999,0.9706877692486436,0.02931223075135636,0.2052163735076924,0.175904142756336,0.7482949549720432,0.7482949549720432,0.7600878797492214,0.01179292477717819,0.009372823521356599,positive
1.4,-0.2,0.9706877692486436,0.02931223075135636,0.1997169226116893,0.1704046918603329,0.7482949549720432,0.7482949549720432,0.75404191730741,0.005746962335366756,0.004599196703382047,positive
1.4,0,0.9706877692486436,0.02931223075135636,0.1978161114414188,0.1685038806900624,0.7482949549720432,0.7482949549720432,0.7482949549720441,8.881784197001252e-16,6.661338147750939e-16,zero
1.4,0.2000000000000002,0.9706877692486436,0.02931223075135636,0.1997169226116895,0.1704046918603331,0.7482949549720432,0.7482949549720432,0.7427772460254443,-0.005517708946598976,-0.004415729095917253,negative
1.4,0.4000000000000004,0.9706877692486436,0.02931223075135636,0.205216373507692,0.1759041427563356,0.7482949549720432,0.7482949549720432,0.7373814337502805,-0.0109135212217627,-0.008673887974433359,negative
1.4,0.6000000000000001,0.9706877692486436,0.02931223075135636,0.2137445739331337,0.1844323431817774,0.7482949549720432,0.7482949549720432,0.7320407286513961,-0.0162542263206471,-0.01277997364112771,negative
1.4,0.8000000000000003,0.9706877692486436,0.02931223075135636,0.2244957873602503,0.195183556608894,0.7482949549720432,0.7482949549720432,0.7267580312691296,-0.0215369237029136,-0.01670197505891036,negative
1.4,1,0.9706877692486436,0.02931223075135636,0.2366187758849877,0.2073065451336313,0.7482949549720432,0.7482949549720432,0.7215854794590263,-0.02670947551301694,-0.02038951211259676,negative
1.4,1.2,0.9706877692486436,0.02931223075135636,0.2493720789417696,0.2200598481904132,0.7482949549720432,0.7482949549720432,0.7165895744559919,-0.03170538051605132,-0.02379894386312376,negative
1.4,1.4,0.9706877692486436,0.02931223075135636,0.2621934270154158,0.2328811962640595,0.7482949549720432,0.7482949549720432,0.7118272751850532,-0.03646767978699006,-0.02690609384833831,negative
1.4,1.6,0.9706877692486436,0.02931223075135636,0.2747000142471714,0.245387783495815,0.7482949549720432,0.7482949549720432,0.7073368076838621,-0.04095814728818115,-0.02970694364458004,negative
1.4,1.8,0.9706877692486436,0.02931223075135636,0.2866560939262082,0.2573438631748518,0.7482949549720432,0.7482949549720432,0.7031376434285123,-0.04515731154353098,-0.03221269300425345,negative
1.4,2,0.9706877692486436,0.02931223075135636,0.2979336891240669,0.2686214583727106,0.7482949549720432,0.7482949549720432,0.699234221193742,-0.04906073377830122,-0.03444388837259826,negative
1.6,-2,0.9706877692486436,0.02931223075135636,0.2723402807553086,0.2430280500039522,0.7482949549720432,0.7482949549720432,0.8017076290484454,0.05341267407640216,0.03886625142254307,positive
1.6,-1.8,0.9706877692486436,0.02931223075135636,0.2600826129036307,0.2307703821522743,0.7482949549720432,0.7482949549720432,0.7972385563325364,0.04894360136049314,0.03621422163374244,positive
1.6,-1.6,0.9706877692486436,0.02931223075135636,0.2471864336735101,0.2178742029221538,0.7482949549720432,0.7482949549720432,0.7923774988510884,0.0440825438790452,0.03318593707032791,positive
1.6,-1.4,0.9706877692486436,0.02931223075135636,0.233820362673997,0.2045081319226406,0.7482949549720432,0.7482949549720432,0.7871386276934366,0.03884367272139333,0.02976123107808715,positive
1.6,-1.2,0.9706877692486436,0.02931223075135636,0.2202694808067651,0.1909572500554088,0.7482949549720432,0.7482949549720432,0.781568530780884,0.03327357580884072,0.02594442254084284,positive
1.6,-1,0.9706877692486436,0.02931223075135636,0.2069683723168825,0.1776561415655261,0.7482949549720432,0.7482949549720432,0.7757576986417356,0.02746274366969237,0.02177882431302036,positive
1.6,-0.7999999999999998,0.9706877692486436,0.02931223075135636,0.1945188573891196,0.1652066266377632,0.7482949549720432,0.7482949549720432,0.7698462448735844,0.0215512899015412,0.01735915761463169,positive
1.6,-0.5999999999999999,0.9706877692486436,0.02931223075135636,0.1836657161703478,0.1543534854189914,0.7482949549720432,0.7482949549720432,0.7640119509763944,0.01571699600435117,0.01283032267716555,positive
1.6,-0.3999999999999999,0.9706877692486436,0.02931223075135636,0.1752036625159445,0.1458914317645882,0.7482949549720432,0.7482949549720432,0.7584277751515279,0.01013282017948469,0.008357512972423486,positive
1.6,-0.2,0.9706877692486436,0.02931223075135636,0.1698251732552556,0.1405129425038992,0.7482949549720432,0.7482949549720432,0.7531948480405045,0.004899893068461281,0.00406776787917762,positive
1.6,0,0.9706877692486436,0.02931223075135636,0.1679816148660771,0.1386693841147207,0.7482949549720432,0.7482949549720432,0.7482949549720445,1.221245327087672e-15,9.992007221626409e-16,zero
1.6,0.2000000000000002,0.9706877692486436,0.02931223075135636,0.169825173255254,0.1405129425038977,0.7482949549720432,0.7482949549720432,0.7436097784465174,-0.004685176525525803,-0.003889515610346894,negative
1.6,0.4000000000000004,0.9706877692486436,0.02931223075135636,0.1752036625159449,0.1458914317645885,0.7482949549720432,0.7482949549720432,0.73899449486623,-0.009300460105813202,-0.007670985432191246,negative
1.6,0.6000000000000001,0.9706877692486436,0.02931223075135636,0.1836657161703446,0.1543534854189882,0.7482949549720432,0.7482949549720432,0.7343509388165547,-0.01394401615548857,-0.01138297844199987,negative
1.6,0.8000000000000003,0.9706877692486436,0.02931223075135636,0.1945188573891184,0.1652066266377621,0.7482949549720432,0.7482949549720432,0.7296589708007745,-0.01863598417126877,-0.01501093382395191,negative
1.6,1,0.9706877692486436,0.02931223075135636,0.2069683723168803,0.1776561415655239,0.7482949549720432,0.7482949549720432,0.7249613184621581,-0.02333363650988518,-0.01850431174120049,negative
1.6,1.2,0.9706877692486436,0.02931223075135636,0.2202694808067668,0.1909572500554104,0.7482949549720432,0.7482949549720432,0.7203284106466388,-0.02796654432540446,-0.02180636812688819,negative
1.6,1.4,0.9706877692486436,0.02931223075135636,0.2338203626739948,0.2045081319226384,0.7482949549720432,0.7482949549720432,0.7158296429188185,-0.03246531205322478,-0.02487426101461532,negative
1.6,1.6,0.9706877692486436,0.02931223075135636,0.2471864336735091,0.2178742029221528,0.7482949549720432,0.7482949549720432,0.7115191168059416,-0.03677583816610164,-0.0276853498844688,negative
1.6,1.8,0.9706877692486436,0.02931223075135636,0.2600826129036279,0.2307703821522715,0.7482949549720432,0.7482949549720432,0.707432251866057,-0.04086270310598628,-0.03023502451187621,negative
1.6,2,0.9706877692486436,0.02931223075135636,0.2723402807553063,0.2430280500039499,0.7482949549720432,0.7482949549720432,0.7035878200124925,-0.0447071349595507,-0.03253158127290123,negative
1.8,-2,0.9706877692486436,0.02931223075135636,0.2479357270699762,0.2186234963186199,0.7482949549720432,0.7482949549720432,0.7978584813106702,0.04956352633862693,0.03727495739970754,positive
1.8,-1.8,0.9706877692486436,0.02931223075135636,0.2349067030084924,0.205594472257136,0.7482949549720432,0.7482949549720432,0.7933784510985485,0.04508349612650531,0.03449308069133183,positive
1.8,-1.6,0.9706877692486436,0.02931223075135636,0.2213160589382952,0.1920038281869388,0.7482949549720432,0.7482949549720432,0.78855823897476,0.04026328400271673,0.03135237266732216,positive
1.8,-1.4,0.9706877692486436,0.02931223075135636,0.207374747438393,0.1780625166870367,0.7482949549720432,0.7482949549720432,0.7834309826023683,0.03513602763032508,0.02784970277449805,positive
1.8,-1.2,0.9706877692486436,0.02931223075135636,0.1934142614723788,0.1641020307210225,0.7482949549720432,0.7482949549720432,0.7780651468677455,0.02977019189570229,0.02401221221630401,positive
1.8,-1,0.9706877692486436,0.02931223075135636,0.1799099824327052,0.1505977516813488,0.7482949549720432,0.7482949549720432,0.7725729705204075,0.02427801554836428,0.01991015819755704,positive
1.8,-0.7999999999999998,0.9706877692486436,0.02931223075135636,0.167480882129832,0.1381686513784757,0.7482949549720432,0.7482949549720432,0.7671096319649703,0.01881467699292705,0.01566357829316378,positive
1.8,-0.5999999999999999,0.9706877692486436,0.02931223075135636,0.1568412424012555,0.1275290116498992,0.7482949549720432,0.7482949549720432,0.7618514354938974,0.01355648052185421,0.0114302652742182,positive
1.8,-0.3999999999999999,0.9706877692486436,0.02931223075135636,0.1486920552002965,0.1193798244489401,0.7482949549720432,0.7482949549720432,0.7569455121481941,0.008650557176150819,0.007364288051001311,positive
1.8,-0.2,0.9706877692486436,0.02931223075135636,0.1435868114999623,0.114274580748606,0.7482949549720432,0.7482949549720432,0.7524477754516907,0.00415282047964749,0.003556530228243093,positive
1.8,0,0.9706877692486436,0.02931223075135636,0.1418510649004883,0.1125388341491319,0.7482949549720432,0.7482949549720432,0.7482949549720417,-1.554312234475219e-15,-1.332267629550188e-15,zero
1.8,0.2000000000000002,0.9706877692486436,0.02931223075135636,0.1435868114999626,0.1142745807486062,0.7482949549720432,0.7482949549720432,0.7443384290745089,-0.003956525897534369,-0.003388420959290372,negative
1.8,0.4000000000000004,0.9706877692486436,0.02931223075135636,0.1486920552002936,0.1193798244489372,0.7482949549720432,0.7482949549720432,0.7404131246040584,-0.007881830367984843,-0.006709864811829114,negative
1.8,0.6000000000000001,0.9706877692486436,0.02931223075135636,0.1568412424012544,0.127529011649898,0.7482949549720432,0.7482949549720432,0.7364002683819924,-0.01189468659005088,-0.01002910916729383,negative
1.8,0.8000000000000003,0.9706877692486436,0.02931223075135636,0.1674808821298331,0.1381686513784768,0.7482949549720432,0.7482949549720432,0.7322589498340636,-0.01603600513797965,-0.01335028085163226,negative
1.8,1,0.9706877692486436,0.02931223075135636,0.1799099824327075,0.1505977516813511,0.7482949549720432,0.7482949549720432,0.7280184371234629,-0.02027651784858031,-0.0166285698786458,negative
1.8,1.2,0.9706877692486436,0.02931223075135636,0.1934142614723806,0.1641020307210243,0.7482949549720432,0.7482949549720432,0.7237467928019112,-0.024548162170132,-0.01980019751349171,negative
1.8,1.4,0.9706877692486436,0.02931223075135636,0.2073747474383907,0.1780625166870343,0.7482949549720432,0.7482949549720432,0.7195200717714497,-0.02877488320059352,-0.02280769906430125,negative
1.8,1.6,0.9706877692486436,0.02931223075135636,0.2213160589382941,0.1920038281869377,0.7482949549720432,0.7482949549720432,0.7154039238092685,-0.0328910311627747,-0.0256117177714128,negative
1.8,1.8,0.9706877692486436,0.02931223075135636,0.2349067030084926,0.2055944722571362,0.7482949549720432,0.7482949549720432,0.7114467922374704,-0.03684816273457281,-0.02819228231467397,negative
1.8,2,0.9706877692486436,0.02931223075135636,0.2479357270699737,0.2186234963186173,0.7482949549720432,0.7482949549720432,0.7076799219542094,-0.04061503301783387,-0.03054511527658621,negative
2,-2,0.9706877692486436,0.02931223075135636,0.2247997546033407,0.1954875238519843,0.7482949549720432,0.7482949549720432,0.7941267367043816,0.04583178173233837,0.0355288084458748,positive
2,-1.8,0.9706877692486436,0.02931223075135636,0.2112105101258938,0.1818982793745374,0.7482949549720432,0.7482949549720432,0.789657981599277,0.04136302662723379,0.03262672067294481,positive
2,-1.6,0.9706877692486436,0.02931223075135636,0.1971692460856566,0.1678570153343002,0.7482949549720432,0.7482949549720432,0.7849037360784981,0.03660878110645482,0.02939065533558027,positive
2,-1.4,0.9706877692486436,0.02931223075135636,0.1829281901968729,0.1536159594455165,0.7482949549720432,0.7482949549720432,0.7799149661232894,0.03162001115124613,0.02583581973734372,positive
2,-1.2,0.9706877692486436,0.02931223075135636,0.1688587754443313,0.1395465446929749,0.7482949549720432,0.7482949549720432,0.7747792875359591,0.02648433256391591,0.02201222059871266,positive
2,-1,0.9706877692486436,0.02931223075135636,0.1554625185301268,0.1261502877787705,0.7482949549720432,0.7482949549720432,0.7696254818836317,0.02133052691158843,0.01801442947633825,positive
2,-0.7999999999999998,0.9706877692486436,0.02931223075135636,0.1433512666159346,0.1140390358645782,0.7482949549720432,0.7482949549720432,0.7646156051212403,0.01632065014919704,0.01398106427831414,positive
2,-0.5999999999999999,0.9706877692486436,0.02931223075135636,0.1331783298291374,0.103866099077781,0.7482949549720432,0.7482949549720432,0.7599146528271692,0.01161969785512595,0.01007220590166102,positive
2,-0.3999999999999999,0.9706877692486436,0.02931223075135636,0.1255252388828352,0.09621300813147882,0.7482949549720432,0.7482949549720432,0.7556371658725716,0.007342210900528334,0.006420578123311316,positive
2,-0.2,0.9706877692486436,0.02931223075135636,0.120797876906822,0.09148564615546562,0.7482949549720432,0.7482949549720432,0.7517961317892039,0.003501176817160667,0.003078242090972294,positive
2,0,0.9706877692486436,0.02931223075135636,0.1192029220221196,0.08989069127076321,0.7482949549720432,0.7482949549720432,0.7482949549720425,-7.771561172376096e-16,-6.661338147750939e-16,zero
2,0.2000000000000002,0.9706877692486436,0.02931223075135636,0.1207978769068211,0.09148564615546473,0.7482949549720432,0.7482949549720432,0.744969750406645,-0.003325204565398199,-0.002923526913617192,negative
2,0.4000000000000004,0.9706877692486436,0.02931223075135636,0.1255252388828358,0.09621300813147948,0.7482949549720432,0.7482949549720432,0.741648528505076,-0.006646426466967226,-0.005812132196983955,negative
2,0.6000000000000001,0.9706877692486436,0.02931223075135636,0.1331783298291352,0.1038660990777789,0.7482949549720432,0.7482949549720432,0.7382011563551679,-0.01009379861687532,-0.008749523375448209,negative
2,0.8000000000000003,0.9706877692486436,0.02931223075135636,0.1433512666159364,0.1140390358645801,0.7482949549720432,0.7482949549720432,0.7345691528576164,-0.01372580211442687,-0.01175819099600406,negative
2,1,0.9706877692486436,0.02931223075135636,0.1554625185301239,0.1261502877787676,0.7482949549720432,0.7482949549720432,0.7307658310428455,-0.0175291239291977,-0.01480400217553801,negative
2,1.2,0.9706877692486436,0.02931223075135636,0.1688587754443327,0.1395465446929763,0.7482949549720432,0.7482949549720432,0.7268515790076342,-0.02144337596440904,-0.01782247375766643,negative
2,1.4,0.9706877692486436,0.02931223075135636,0.1829281901968742,0.1536159594455179,0.7482949549720432,0.7482949549720432,0.7229036911254135,-0.02539126384662971,-0.02074648590435435,negative
2,1.6,0.9706877692486436,0.02931223075135636,0.1971692460856583,0.167857015334302,0.7482949549720432,0.7482949549720432,0.7189950648284982,-0.02929989014354506,-0.02352285289354972,negative
2,1.8,0.9706877692486436,0.02931223075135636,0.2112105101258958,0.1818982793745394,0.7482949549720432,0.7482949549720432,0.7151841595096023,-0.03311079546244089,-0.02611744746214451,negative
2,2,0.9706877692486436,0.02931223075135636,0.2247997546033371,0.1954875238519808,0.7482949549720432,0.7482949549720432,0.7115127381125593,-0.03678221685948391,-0.02851358353570521,negative
2.2,-2,0.9706877692486436,0.02931223075135636,0.2029926045389356,0.1736803737875793,0.7482949549720432,0.7482949549720432,0.7905246847550941,0.04222972978305084,0.03365740694541386,positive
2.2,-1.8,0.9706877692486436,0.02931223075135636,0.1890509789526711,0.1597387482013147,0.7482949549720432,0.7482949549720432,0.7860904390636864,0.03779548409164313,0.03065021082412789,positive
2.2,-1.6,0.9706877692486436,0.02931223075135636,0.1747939095170571,0.1454816787657007,0.7482949549720432,0.7482949549720432,0.7814278091861404,0.03313285421409717,0.02734143309255643,positive
2.2,-1.4,0.9706877692486436,0.02931223075135636,0.1605110200648473,0.1311987893134909,0.7482949549720432,0.7482949549720432,0.7766040059166932,0.02830905094464997,0.0237651363004564,positive
2.2,-1.2,0.9706877692486436,0.02931223075135636,0.1466039924227486,0.1172917616713922,0.7482949549720432,0.7482949549720432,0.7717224805815409,0.02342752560949768,0.01999295682255919,positive
2.2,-1,0.9706877692486436,0.02931223075135636,0.1335832329754696,0.1042710022241132,0.7482949549720432,0.7482949549720432,0.7669228120940894,0.01862785712204618,0.01613948774427809,positive
2.2,-0.7999999999999998,0.9706877692486436,0.02931223075135636,0.1220294283943667,0.09271719764301034,0.7482949549720432,0.7482949549720432,0.7623658093023368,0.01407085433029354,0.0123537960193475,positive
2.2,-0.5999999999999999,0.9706877692486436,0.02931223075135636,0.1125103869422243,0.0831981561908679,0.7482949549720432,0.7482949549720432,0.7581968529119458,0.009901897939902593,0.00878783157122176,positive
2.2,-0.3999999999999999,0.9706877692486436,0.02931223075135636,0.1054748996595803,0.07616266890822398,0.7482949549720432,0.7482949549720432,0.7544942901729833,0.00619933520094007,0.005545460942664837,positive
2.2,-0.2,0.9706877692486436,0.02931223075135636,0.1011869347348068,0.07187470398345042,0.7482949549720432,0.7482949549720432,0.75123321913664,0.002938264164596749,0.002640950220340055,positive
2.2,0,0.9706877692486436,0.02931223075135636,0.09975048911968498,0.07043825836832862,0.7482949549720432,0.7482949549720432,0.7482949549720408,-2.442490654175344e-15,-2.220446049250313e-15,zero
2.2,0.2000000000000002,0.9706877692486436,0.02931223075135636,0.1011869347348093,0.07187470398345297,0.7482949549720432,0.7482949549720432,0.7455119383083679,-0.002783016663675308,-0.002501411738162096,negative
2.2,0.4000000000000004,0.9706877692486436,0.02931223075135636,0.1054748996595826,0.07616266890822621,0.7482949549720432,0.7482949549720432,0.742714923955326,-0.005580031016717224,-0.00499147780513165,negative
2.2,0.6000000000000001,0.9706877692486436,0.02931223075135636,0.112510386942227,0.08319815619087068,0.7482949549720432,0.7482949549720432,0.7397700003205629,-0.008524954651480288,-0.00756580870497725,negative
2.2,0.8000000000000003,0.9706877692486436,0.02931223075135636,0.1220294283943658,0.09271719764300945,0.7482949549720432,0.7482949549720432,0.7366050104404364,-0.01168994453160688,-0.010263427282453,negative
2.2,1,0.9706877692486436,0.02931223075135636,0.1335832329754691,0.1042710022241128,0.7482949549720432,0.7482949549720432,0.7332164613930177,-0.01507849357902558,-0.01306425965833946,negative
2.2,1.2,0.9706877692486436,0.02931223075135636,0.1466039924227465,0.1172917616713901,0.7482949549720432,0.7482949549720432,0.7296530224254937,-0.01864193254654956,-0.01590895080874988,negative
2.2,1.4,0.9706877692486436,0.02931223075135636,0.1605110200648477,0.1311987893134914,0.7482949549720432,0.7482949549720432,0.7259883947896288,-0.02230656018241439,-0.0187261114533972,negative
2.2,1.6,0.9706877692486436,0.02931223075135636,0.174793909517056,0.1454816787656996,0.7482949549720432,0.7482949549720432,0.7222985690244018,-0.02599638594764142,-0.02145237601453887,negative
2.2,1.8,0.9706877692486436,0.02931223075135636,0.1890509789526715,0.1597387482013152,0.7482949549720432,0.7482949549720432,0.7186489694164021,-0.02964598555564113,-0.02404138296433045,negative
2.2,2,0.9706877692486436,0.02931223075135636,0.2029926045389395,0.1736803737875832,0.7482949549720432,0.7482949549720432,0.7150898274094697,-0.03320512756257354,-0.026464732234599,negative
2.4,-2,0.9706877692486436,0.02931223075135636,0.1825551495332578,0.1532429187819014,0.7482949549720432,0.7482949549720432,0.7870634898054925,0.03876853483344922,0.03169113915974364,positive
2.4,-1.8,0.9706877692486436,0.02931223075135636,0.1684604852592926,0.1391482545079362,0.7482949549720432,0.7482949549720432,0.7826874710988221,0.03439251612677885,0.02859873617077358,positive
2.4,-1.6,0.9706877692486436,0.02931223075135636,0.1542071071068202,0.1248948763554638,0.7482949549720432,0.7482949549720432,0.7781419195752716,0.02984696460322833,0.02524435053584484,positive
2.4,-1.4,0.9706877692486436,0.02931223075135636,0.1401155375249651,0.1108033067736087,0.7482949549720432,0.7482949549720432,0.7735082456638628,0.02521329069181955,0.02168051691376205,positive
2.4,-1.2,0.9706877692486436,0.02931223075135636,0.126605491255023,0.0972932605036666,0.7482949549720432,0.7482949549720432,0.7689018979633333,0.02060694299129007,0.0179979908506136,positive
2.4,-1,0.9706877692486436,0.02931223075135636,0.1141778756313675,0.08486564488001114,0.7482949549720432,0.7482949549720432,0.7644672114715475,0.01617225649950427,0.01432574260822528,positive
2.4,-0.7999999999999998,0.9706877692486436,0.02931223075135636,0.1033605456934579,0.07404831494210151,0.7482949549720432,0.7482949549720432,0.7603561705939506,0.01206121562190732,0.01081456179350049,positive
2.4,-0.5999999999999999,0.9706877692486436,0.02931223075135636,0.09461900417655822,0.06530677342520186,0.7482949549720432,0.7482949549720432,0.7566882867500364,0.008393331777993174,0.007599163083436,positive
2.4,-0.3999999999999999,0.9706877692486436,0.02931223075135636,0.08826783296058527,0.05895560220922891,0.7482949549720432,0.7482949549720432,0.7535052196647354,0.005210264692692146,0.00475036591911715,positive
2.4,-0.2,0.9706877692486436,0.02931223075135636,0.08444505839176741,0.05513282764041105,0.7482949549720432,0.7482949549720432,0.7507510461326429,0.002456091160599638,0.002248686399127342,positive
2.4,0,0.9706877692486436,0.02931223075135636,0.08317269649392356,0.0538604657425672,0.7482949549720432,0.7482949549720432,0.7482949549720401,-3.108624468950438e-15,-2.886579864025407e-15,zero
2.4,0.2000000000000002,0.9706877692486436,0.02931223075135636,0.08444505839176741,0.05513282764041105,0.7482949549720432,0.7482949549720432,0.7459740359181356,-0.002320919053907633,-0.002124928908877832,negative
2.4,0.4000000000000004,0.9706877692486436,0.02931223075135636,0.08826783296058216,0.0589556022092258,0.7482949549720432,0.7482949549720432,0.7436282633156949,-0.004666691656348365,-0.00425477289674725,negative
2.4,0.6000000000000001,0.9706877692486436,0.02931223075135636,0.09461900417655456,0.06530677342519819,0.7482949549720432,0.7482949549720432,0.7411258286383833,-0.007169126333659959,-0.006490790739153152,negative
2.4,0.8000000000000003,0.9706877692486436,0.02931223075135636,0.1033605456934558,0.0740483149420994,0.7482949549720432,0.7482949549720432,0.7383851214999495,-0.009909833472093732,-0.008885547676686811,negative
2.4,1,0.9706877692486436,0.02931223075135636,0.1141778756313678,0.08486564488001147,0.7482949549720432,0.7482949549720432,0.7353865023599423,-0.01290845261210094,-0.01143459291516313,negative
2.4,1.2,0.9706877692486436,0.02931223075135636,0.1266054912550216,0.09729326050366527,0.7482949549720432,0.7482949549720432,0.7321642875177424,-0.01613066745430081,-0.01408843637697765,negative
2.4,1.4,0.9706877692486436,0.02931223075135636,0.1401155375249622,0.1108033067736058,0.7482949549720432,0.7482949549720432,0.7287845416187778,-0.01951041335326542,-0.01677670129893849,negative
2.4,1.6,0.9706877692486436,0.02931223075135636,0.1542071071068201,0.1248948763554637,0.7482949549720432,0.7482949549720432,0.7253224751952437,-0.0229724797767995,-0.01942996012734932,negative
2.4,1.8,0.9706877692486436,0.02931223075135636,0.1684604852592908,0.1391482545079344,0.7482949549720432,0.7482949549720432,0.7218474453748357,-0.02644750959720754,-0.02199214929656224,negative
2.4,2,0.9706877692486436,0.02931223075135636,0.1825551495332574,0.153242918781901,0.7482949549720432,0.7482949549720432,0.7184160256924574,-0.0298789292795858,-0.02442437687705734,negative
2.6,-2,0.9706877692486436,0.02931223075135636,0.1635094753757097,0.1341972446243533,0.7482949549720432,0.7482949549720432,0.783753021316944,0.03545806634490078,0.02966033651900901,positive
2.6,-1.8,0.9706877692486436,0.02931223075135636,0.1494481052821753,0.120135874530819,0.7482949549720432,0.7482949549720432,0.7794588877150735,0.03116393274303031,0.02650654204144332,positive
2.6,-1.6,0.9706877692486436,0.02931223075135636,0.135397472411991,0.1060852416606346,0.7482949549720432,0.7482949549720432,0.7750549760088502,0.02676002103680697,0.02313678182673162,positive
2.6,-1.4,0.9706877692486436,0.02931223075135636,0.1217003259233487,0.09238809517199231,0.7482949549720432,0.7482949549720432,0.7706344076013829,0.02233945262933967,0.01962073396339981,positive
2.6,-1.2,0.9706877692486436,0.02931223075135636,0.1087806283580843,0.07946839760672797,0.7482949549720432,0.7482949549720432,0.7663203886082074,0.01802543363616416,0.01606461563879524,positive
2.6,-1,0.9706877692486436,0.02931223075135636,0.09711182061772661,0.06779958986637025,0.7482949549720432,0.7482949549720432,0.7622559721813972,0.01396101720935394,0.01260523741047825,positive
2.6,-0.7999999999999998,0.9706877692486436,0.02931223075135636,0.0871514152495747,0.05783918449821834,0.7482949549720432,0.7482949549720432,0.7585777483561857,0.01028279338414251,0.009386633387995502,positive
2.6,-0.5999999999999999,0.9706877692486436,0.02931223075135636,0.07925426824366555,0.04994203749230919,0.7482949549720432,0.7482949549720432,0.7553754596400216,0.007080504667978382,0.006519344451721865,positive
2.6,-0.3999999999999999,0.9706877692486436,0.02931223075135636,0.07360912948357701,0.04429689873222065,0.7482949549720432,0.7482949549720432,0.7526562936791457,0.004361338707102425,0.004040304361489611,positive
2.6,-0.2,0.9706877692486436,0.02931223075135636,0.07025002549739023,0.04093779474603387,0.7482949549720432,0.7482949549720432,0.7503410298038578,0.002046074831814515,0.001902338022710004,positive
2.6,0,0.9706877692486436,0.02931223075135636,0.0691384203433465,0.03982618959199014,0.7482949549720432,0.7482949549720432,0.7482949549720416,-1.665334536937735e-15,-1.554312234475219e-15,zero
2.6,0.2000000000000002,0.9706877692486436,0.02931223075135636,0.0702500254973899,0.04093779474603354,0.7482949549720432,0.7482949549720432,0.7463653023802463,-0.001929652591796893,-0.001794094448022032,negative
2.6,0.4000000000000004,0.9706877692486436,0.02931223075135636,0.07360912948357468,0.04429689873221831,0.7482949549720432,0.7482949549720432,0.7444051628550721,-0.003889792116971158,-0.003603467905368807,negative
2.6,0.6000000000000001,0.9706877692486436,0.02931223075135636,0.07925426824366344,0.04994203749230708,0.7482949549720432,0.7482949549720432,0.7422890960800423,-0.006005858892000893,-0.005529868940340688,negative
2.6,0.8000000000000003,0.9706877692486436,0.02931223075135636,0.08715141524957415,0.05783918449821779,0.7482949549720432,0.7482949549720432,0.7399302014641197,-0.008364753507923539,-0.007635753401494139,negative
2.6,1,0.9706877692486436,0.02931223075135636,0.09711182061772194,0.06779958986636558,0.7482949549720432,0.7482949549720432,0.7372945631888654,-0.0110003917831778,-0.009932123709605167,negative
2.6,1.2,0.9706877692486436,0.02931223075135636,0.1087806283580811,0.07946839760672475,0.7482949549720432,0.7482949549720432,0.7344009287847005,-0.0138940261873427,-0.01238262528825995,negative
2.6,1.4,0.9706877692486436,0.02931223075135636,0.1217003259233441,0.09238809517198776,0.7482949549720432,0.7482949549720432,0.7313046236135894,-0.01699033135845385,-0.01492260249458444,negative
2.6,1.6,0.9706877692486436,0.02931223075135636,0.1353974724119898,0.1060852416606335,0.7482949549720432,0.7482949549720432,0.7280766246012111,-0.02021833037083209,-0.01748081954223091,negative
2.6,1.8,0.9706877692486436,0.02931223075135636,0.1494481052821732,0.1201358745308169,0.7482949549720432,0.7482949549720432,0.7247872892105758,-0.02350766576146746,-0.01999448965380946,negative
2.6,2,0.9706877692486436,0.02931223075135636,0.1635094753757101,0.1341972446243538,0.7482949549720432,0.7482949549720432,0.7214973641316466,-0.02679759084039668,-0.02241593082075044,negative
2.8,-2,0.9706877692486436,0.02931223075135636,0.1458598762759485,0.1165476455245922,0.7482949549720432,0.7482949549720432,0.7806017053399056,0.03230675036786235,0.027594491756328,positive
2.8,-1.8,0.9706877692486436,0.02931223075135636,0.1320014239369527,0.1026891931855963,0.7482949549720432,0.7482949549720432,0.7764125066781085,0.02811755170606522,0.02440599484324368,positive
2.8,-1.6,0.9706877692486436,0.02931223075135636,0.118328310593403,0.08901607984204662,0.7482949549720432,0.7482949549720432,0.772173208973026,0.02387825400098276,0.02105278054512638,positive
2.8,-1.4,0.9706877692486436,0.02931223075135636,0.105195292968717,0.07588306221736063,0.7482949549720432,0.7482949549720432,0.7679857675431038,0.01969081257106053,0.01761943177385572,positive
2.8,-1.2,0.9706877692486436,0.02931223075135636,0.09301631590013593,0.06370408514877957,0.7482949549720432,0.7482949549720432,0.7639766744991404,0.01568171952709718,0.01422306374970739,positive
2.8,-1,0.9706877692486436,0.02931223075135636,0.0822212769099121,0.05290904615855574,0.7482949549720432,0.7482949549720432,0.7602819915220137,0.01198703654997046,0.01100144709846607,positive
2.8,-0.7999999999999998,0.9706877692486436,0.02931223075135636,0.07318521853702797,0.04387298778567161,0.7482949549720432,0.7482949549720432,0.7570177307912414,0.008722775819198114,0.008084397564620649,positive
2.8,-0.5999999999999999,0.9706877692486436,0.02931223075135636,0.0661521560851106,0.03683992533375424,0.7482949549720432,0.7482949549720432,0.7542423717771919,0.005947416805148653,0.005553982360351317,positive
2.8,-0.3999999999999999,0.9706877692486436,0.02931223075135636,0.0612004903343315,0.03188825958297514,0.7482949549720432,0.7482949549720432,0.7519329112916991,0.003637956319655911,0.003415311609078153,positive
2.8,-0.2,0.9706877692486436,0.02931223075135636,0.05828431803429535,0.02897208728293899,0.7482949549720432,0.7482949549720432,0.7499945378280816,0.001699582856038329,0.001600523828331424,positive
2.8,0,0.9706877692486436,0.02931223075135636,0.0573241758988704,0.02801194514751404,0.7482949549720432,0.7482949549720432,0.7482949549720432,0,0,zero
2.8,0.2000000000000002,0.9706877692486436,0.02931223075135636,0.05828431803429279,0.02897208728293643,0.7482949549720432,0.7482949549720432,0.7466947511637477,-0.001600203808295508,-0.001506937020613108,negative
2.8,0.4000000000000004,0.9706877692486436,0.02931223075135636,0.06120049033433039,0.03188825958297403,0.7482949549720432,0.7482949549720432,0.7450620687566623,-0.003232886215380981,-0.003035031993804616,negative
2.8,0.6000000000000001,0.9706877692486436,0.02931223075135636,0.0661521560851106,0.03683992533375424,0.7482949549720432,0.7482949549720432,0.7432806597124714,-0.005014295259571866,-0.004682588816903754,negative
2.8,0.8000000000000003,0.9706877692486436,0.02931223075135636,0.07318521853702531,0.04387298778566895,0.7482949549720432,0.7482949549720432,0.7412621098088044,-0.007032845163238877,-0.00651814485303015,negative
2.8,1,0.9706877692486436,0.02931223075135636,0.0822212769099101,0.05290904615855374,0.7482949549720432,0.7482949549720432,0.7389609193207934,-0.009334035651249795,-0.008566579321281353,negative
2.8,1.2,0.9706877692486436,0.02931223075135636,0.09301631590013715,0.06370408514878079,0.7482949549720432,0.7482949549720432,0.7363803497199563,-0.01191460525208698,-0.01080635256613349,negative
2.8,1.4,0.9706877692486436,0.02931223075135636,0.1051952929687155,0.07588306221735919,0.7482949549720432,0.7482949549720432,0.7335629093217173,-0.01473204565032593,-0.01318230379211138,negative
2.8,1.6,0.9706877692486436,0.02931223075135636,0.1183283105934028,0.0890160798420464,0.7482949549720432,0.7482949549720432,0.7305724330433979,-0.01772252192864532,-0.0156254458493742,negative
2.8,1.8,0.9706877692486436,0.02931223075135636,0.1320014239369507,0.1026891931855943,0.7482949549720432,0.7482949549720432,0.7274775366910082,-0.02081741828103501,-0.01806948942524722,negative
2.8,2,0.9706877692486436,0.02931223075135636,0.1458598762759465,0.1165476455245902,0.7482949549720432,0.7482949549720432,0.7243409771258776,-0.0239539778461656,-0.02046005360120717,negative
3,-2,0.9706877692486436,0.02931223075135636,0.1295942009345786,0.1002819701832223,0.7482949549720432,0.7482949549720432,0.777616402486946,0.02932144751490273,0.02552155795396382,positive
3,-1.8,0.9706877692486436,0.02931223075135636,0.116088769039389,0.08677653828803267,0.7482949549720432,0.7482949549720432,0.7735540448825118,0.02525908991046855,0.02232679325570697,positive
3,-1.6,0.9706877692486436,0.02931223075135636,0.1029411608729122,0.0736289301215558,0.7482949549720432,0.7482949549720432,0.7695001204003254,0.02120516542828221,0.01902228108259274,positive
3,-1.4,0.9706877692486436,0.02931223075135636,0.09050711131489031,0.06119488056353395,0.7482949549720432,0.7482949549720432,0.7655622435166831,0.01726728854463988,0.0157044761382239,positive
3,-1.2,0.9706877692486436,0.02931223075135636,0.07917689060333499,0.04986465985197863,0.7482949549720432,0.7482949549720432,0.7618656942411126,0.01357073926906938,0.0124962503305559,positive
3,-1,0.9706877692486436,0.02931223075135636,0.06932385800428342,0.04001162725292706,0.7482949549720432,0.7482949549720432,0.7585344776517905,0.01023952267974726,0.009529679463464835,positive
3,-0.7999999999999998,0.9706877692486436,0.02931223075135636,0.0612343747931422,0.03192214404178584,0.7482949549720432,0.7482949549720432,0.7556604831918565,0.007365528219813289,0.0069145047042517,positive
3,-0.5999999999999999,0.9706877692486436,0.02931223075135636,0.0550483909986238,0.02573616024726744,0.7482949549720432,0.7482949549720432,0.7532716493122686,0.004976694340225407,0.004702735324304097,positive
3,-0.3999999999999999,0.9706877692486436,0.02931223075135636,0.05075358946015252,0.02144135870879615,0.7482949549720432,0.7482949549720432,0.7513203723260055,0.003025417353962223,0.002871866563633585,positive
3,-0.2,0.9706877692486436,0.02931223075135636,0.0482473956348608,0.01893516488350444,0.7482949549720432,0.7482949549720432,0.7497032742275885,0.001408319255545298,0.001340371519242822,positive
3,0,0.9706877692486436,0.02931223075135636,0.04742587317756963,0.01811364242621327,0.7482949549720432,0.7482949549720432,0.7482949549720443,1.110223024625157e-15,1.110223024625157e-15,zero
3,0.2000000000000002,0.9706877692486436,0.02931223075135636,0.0482473956348578,0.01893516488350144,0.7482949549720432,0.7482949549720432,0.7469708416971012,-0.001324113274942085,-0.00126022825790062,negative
3,0.4000000000000004,0.9706877692486436,0.02931223075135636,0.05075358946015385,0.02144135870879749,0.7482949549720432,0.7482949549720432,0.7456146575001262,-0.002680297471917004,-0.002544262754396232,negative
3,0.6000000000000001,0.9706877692486436,0.02931223075135636,0.05504839099862613,0.02573616024726977,0.7482949549720432,0.7482949549720432,0.7441209633675681,-0.00417399160447518,-0.003944220082607086,negative
3,0.8000000000000003,0.9706877692486436,0.02931223075135636,0.06123437479314409,0.03192214404178773,0.7482949549720432,0.7482949549720432,0.7424029974171695,-0.005891957554873706,-0.005531167217693311,negative
3,1,0.9706877692486436,0.02931223075135636,0.06932385800428453,0.04001162725292817,0.7482949549720432,0.7482949549720432,0.7404067844325504,-0.007888170539492867,-0.007341332125099465,negative
3,1.2,0.9706877692486436,0.02931223075135636,0.07917689060333355,0.04986465985197719,0.7482949549720432,0.7482949549720432,0.7381212605659601,-0.01017369440608318,-0.009368172917061046,negative
3,1.4,0.9706877692486436,0.02931223075135636,0.09050711131488509,0.06119488056352873,0.7482949549720432,0.7482949549720432,0.7355750716236247,-0.01271988334841856,-0.01156864345029085,negative
3,1.6,0.9706877692486436,0.02931223075135636,0.1029411608729123,0.07362893012155591,0.7482949549720432,0.7482949549720432,0.7328226461038919,-0.01547230886815132,-0.01387957143187957,negative
3,1.8,0.9706877692486436,0.02931223075135636,0.1160887690393878,0.08677653828803145,0.7482949549720432,0.7482949549720432,0.7299283993393992,-0.018366555632644,-0.01623440479775695,negative
3,2,0.9706877692486436,0.02931223075135636,0.1295942009345787,0.1002819701832224,0.7482949549720432,0.7482949549720432,0.7269550001609666,-0.02133995481107664,-0.0185744204193552,negative
3.2,-2,0.9706877692486436,0.02931223075135636,0.1146854786432482,0.08537324789189182,0.7482949549720432,0.7482949549720432,0.7748023170696955,0.02650736209765225,0.0234673525879131,positive
3.2,-1.8,0.9706877692486436,0.02931223075135636,0.1016617513595974,0.07234952060824107,0.7482949549720432,0.7482949549720432,0.7708870607506229,0.02259210577857962,0.02029535273822791,positive
3.2,-1.6,0.9706877692486436,0.02931223075135636,0.08915962781810838,0.05984739706675202,0.7482949549720432,0.7482949549720432,0.7670365116854647,0.01874155671342148,0.0170705664921208,positive
3.2,-1.4,0.9706877692486436,0.02931223075135636,0.07752474976584456,0.0482125190144882,0.7482949549720432,0.7482949549720432,0.7633605923176414,0.01506563734559818,0.01389767758031768,positive
3.2,-1.2,0.9706877692486436,0.02931223075135636,0.06711163430634859,0.03779940355499223,0.7482949549720432,0.7482949549720432,0.7599790684398234,0.0116841134677802,0.01089997351753658,positive
3.2,-1,0.9706877692486436,0.02931223075135636,0.05822798307420152,0.02891575232284516,0.7482949549720432,0.7482949549720432,0.7569997403405077,0.008704785368464418,0.008197923273364882,positive
3.2,-0.7999999999999998,0.9706877692486436,0.02931223075135636,0.05107103456825579,0.02175880381689943,0.7482949549720432,0.7482949549720432,0.7544885668660988,0.00619361189405554,0.005877297726911812,positive
3.2,-0.5999999999999999,0.9706877692486436,0.02931223075135636,0.04568868302540574,0.01637645227404938,0.7482949549720432,0.7482949549720432,0.7524455025274595,0.004150547555416217,0.003960914503774893,positive
3.2,-0.3999999999999999,0.9706877692486436,0.02931223075135636,0.0419989645595068,0.01268673380815044,0.7482949549720432,0.7482949549720432,0.7508044966778622,0.002509541705818963,0.002404143552655724,positive
3.2,-0.2,0.9706877692486436,0.02931223075135636,0.03986317228504932,0.01055094153369296,0.7482949549720432,0.7482949549720432,0.7494595280462656,0.001164573074222353,0.001118149497126186,positive
3.2,0,0.9706877692486436,0.02931223075135636,0.03916572279676467,0.009853492045408307,0.7482949549720432,0.7482949549720432,0.7482949549720412,-1.998401444325282e-15,-1.887379141862766e-15,zero
3.2,0.2000000000000002,0.9706877692486436,0.02931223075135636,0.03986317228504643,0.01055094153369007,0.7482949549720432,0.7482949549720432,0.7472012975222565,-0.001093657449786734,-0.001050060794445029,negative
3.2,0.4000000000000004,0.9706877692486436,0.02931223075135636,0.04199896455950702,0.01268673380815066,0.7482949549720432,0.7482949549720432,0.7460774455252481,-0.002217509446795107,-0.002124376346128831,negative
3.2,0.6000000000000001,0.9706877692486436,0.02931223075135636,0.04568868302540696,0.0163764522740506,0.7482949549720432,0.7482949549720432,0.7448294342985751,-0.00346552067346817,-0.003307185597900109,negative
3.2,0.8000000000000003,0.9706877692486436,0.02931223075135636,0.05107103456825757,0.02175880381690121,0.7482949549720432,0.7482949549720432,0.7433745994283241,-0.004920355543719168,-0.004669067895657797,negative
3.2,1,0.9706877692486436,0.02931223075135636,0.05822798307419819,0.02891575232284183,0.7482949549720432,0.7482949549720432,0.7416536504113184,-0.00664130456072487,-0.006254594791172408,negative
3.2,1.2,0.9706877692486436,0.02931223075135636,0.0671116343063477,0.03779940355499134,0.7482949549720432,0.7482949549720432,0.7396431533168829,-0.008651801655160329,-0.008071165106388167,negative
3.2,1.4,0.9706877692486436,0.02931223075135636,0.07752474976584434,0.04821251901448798,0.7482949549720432,0.7482949549720432,0.7373578099715473,-0.01093714500049592,-0.01008924557117963,negative
3.2,1.6,0.9706877692486436,0.02931223075135636,0.08915962781810927,0.05984739706675291,0.7482949549720432,0.7482949549720432,0.7348410823169121,-0.01345387265513109,-0.01225433037648738,negative
3.2,1.8,0.9706877692486436,0.02931223075135636,0.101661751359598,0.07234952060824162,0.7482949549720432,0.7482949549720432,0.7321510945425732,-0.01614386042947002,-0.01450264730450512,negative
3.2,2,0.9706877692486436,0.02931223075135636,0.1146854786432469,0.08537324789189049,0.7482949549720432,0.7482949549720432,0.7293484583548303,-0.01894649661721293,-0.01677360858405519,negative
3.4,-2,0.9706877692486436,0.02931223075135636,0.1010937505611245,0.0717815198097681,0.7482949549720432,0.7482949549720432,0.7721629411022253,0.02386798613018204,0.02145508189394107,positive
3.4,-1.8,0.9706877692486436,0.02931223075135636,0.08865798983211104,0.05934575908075468,0.7482949549720432,0.7482949549720432,0.768412950566821,0.02011799559477778,0.01833437454589348,positive
3.4,-1.6,0.9706877692486436,0.02931223075135636,0.07689329491526642,0.04758106416391006,0.7482949549720432,0.7482949549720432,0.7647805887675222,0.01648563379547896,0.01521799909417809,positive
3.4,-1.4,0.9706877692486436,0.02931223075135636,0.06612482698110433,0.03681259622974797,0.7482949549720432,0.7482949549720432,0.7613747017793104,0.0130797468072672,0.01221485081267992,positive
3.4,-1.2,0.9706877692486436,0.02931223075135636,0.05666160864739289,0.02734937789603653,0.7482949549720432,0.7482949549720432,0.7583056539084063,0.01001069893636308,0.009443476630944025,positive
3.4,-1,0.9706877692486436,0.02931223075135636,0.04874078567996809,0.01942855492861173,0.7482949549720432,0.7482949549720432,0.7556620083798367,0.007367053407793422,0.007007977436551238,positive
3.4,-0.7999999999999998,0.9706877692486436,0.02931223075135636,0.04247509073107525,0.01316285997971889,0.7482949549720432,0.7482949549720432,0.7534836635356444,0.005188708563601208,0.004968317696585123,positive
3.4,-0.5999999999999999,0.9706877692486436,0.02931223075135636,0.03783565026165625,0.00852341951029989,0.7482949549720432,0.7482949549720432,0.7517464809649578,0.003451525992914539,0.003320935262577596,positive
3.4,-0.3999999999999999,0.9706877692486436,0.02931223075135636,0.03469120678311388,0.005378976031757521,0.7482949549720432,0.7482949549720432,0.7503720401157377,0.002077085143694424,0.002005028553468402,positive
3.4,-0.2,0.9706877692486436,0.02931223075135636,0.03288377468647863,0.003571543935122268,0.7482949549720432,0.7482949549720432,0.7492563118604076,0.0009613568883644064,0.0009297438450540652,positive
3.4,0,0.9706877692486436,0.02931223075135636,0.03229546469845312,0.002983233947096764,0.7482949549720432,0.7482949549720432,0.7482949549720423,-8.881784197001252e-16,-8.881784197001252e-16,zero
3.4,0.2000000000000002,0.9706877692486436,0.02931223075135636,0.03288377468647941,0.003571543935123045,0.7482949549720432,0.7482949549720432,0.7473930213725222,-0.0009019335995210653,-0.0008722746182522334,negative
3.4,0.4000000000000004,0.9706877692486436,0.02931223075135636,0.03469120678311155,0.005378976031755189,0.7482949549720432,0.7482949549720432,0.746463571462993,-0.001831383509050211,-0.00176785060503859,negative
3.4,0.6000000000000001,0.9706877692486436,0.02931223075135636,0.03783565026165314,0.008523419510296781,0.7482949549720432,0.7482949549720432,0.7454240768671501,-0.002870878104893171,-0.002762256564972532,negative
3.4,0.8000000000000003,0.9706877692486436,0.02931223075135636,0.04247509073107514,0.01316285997971878,0.7482949549720432,0.7482949549720432,0.7441976844995284,-0.004097270472514847,-0.003923238537444917,negative
3.4,1,0.9706877692486436,0.02931223075135636,0.04874078567997153,0.01942855492861517,0.7482949549720432,0.7482949549720432,0.7427227158130392,-0.005572239159004067,-0.005300643844397435,negative
3.4,1.2,0.9706877692486436,0.02931223075135636,0.05666160864739134,0.02734937789603498,0.7482949549720432,0.7482949549720432,0.7409658111341368,-0.007329143837906393,-0.00691386275804251,negative
3.4,1.4,0.9706877692486436,0.02931223075135636,0.06612482698110322,0.03681259622974686,0.7482949549720432,0.7482949549720432,0.7389284776859687,-0.009366477286074537,-0.00874712059611038,negative
3.4,1.6,0.9706877692486436,0.02931223075135636,0.07689329491526675,0.04758106416391039,0.7482949549720432,0.7482949549720432,0.7366423698089076,-0.01165258516313561,-0.01075657949566133,negative
3.4,1.8,0.9706877692486436,0.02931223075135636,0.08865798983210771,0.05934575908075135,0.7482949549720432,0.7482949549720432,0.7341576665255042,-0.01413728844653905,-0.01288390487119218,negative
3.4,2,0.9706877692486436,0.02931223075135636,0.1010937505611248,0.07178151980976843,0.7482949549720432,0.7482949549720432,0.7315311467595157,-0.01676380821252754,-0.01506909196663575,negative
3.6,-2,0.9706877692486436,0.02931223075135636,0.08876803088430385,0.05945580013294749,0.7482949549720432,0.7482949549720432,0.7697000356620479,0.02140508069000469,0.01950499382623339,positive
3.6,-1.8,0.9706877692486436,0.02931223075135636,0.07700390688449943,0.04769167613314307,0.7482949549720432,0.7482949549720432,0.7661309992820533,0.01783604431001007,0.01646259921477422,positive
3.6,-1.6,0.9706877692486436,0.02931223075135636,0.06604155449071369,0.03672932373935733,0.7482949549720432,0.7482949549720432,0.762728138975225,0.01443318400318172,0.01347999409536116,positive
3.6,-1.4,0.9706877692486436,0.02931223075135636,0.05617657177881619,0.02686434102745983,0.7482949549720432,0.7482949549720432,0.7595959610089293,0.01130100603688611,0.01066615426008222,positive
3.6,-1.2,0.9706877692486436,0.02931223075135636,0.0476655749470335,0.01835334419567713,0.7482949549720432,0.7482949549720432,0.7568321496900219,0.008537194717978647,0.00813026442331144,positive
3.6,-1,0.9706877692486436,0.02931223075135636,0.04067439233174153,0.01136216158038517,0.7482949549720432,0.7482949549720432,0.7545042203837187,0.006209265411675435,0.005956707314229037,positive
3.6,-0.7999999999999998,0.9706877692486436,0.02931223075135636,0.03523982879045895,0.005927598039102588,0.7482949549720432,0.7482949549720432,0.7526273610975255,0.004332406125482247,0.004179732875369546,positive
3.6,-0.5999999999999999,0.9706877692486436,0.02931223075135636,0.03127293122470187,0.001960700473345511,0.7482949549720432,0.7482949549720432,0.7511580231556654,0.002863068183622142,0.002773531649224115,positive
3.6,-0.3999999999999999,0.9706877692486436,0.02931223075135636,0.0286113014556274,-0.0007009292957289581,0.7482949549720432,0.7482949549720432,0.7500109390438333,0.001715984071790078,0.001666887534219064,positive
3.6,-0.2,0.9706877692486436,0.02931223075135636,0.02709061083033659,-0.002221619921019768,0.7482949549720432,0.7482949549720432,0.7490874178456496,0.0007924628736063477,0.0007709945702999432,positive
3.6,0,0.9706877692486436,0.02931223075135636,0.02659699357686796,-0.002715237174488405,0.7482949549720432,0.7482949549720432,0.7482949549720431,0,0,zero
3.6,0.2000000000000002,0.9706877692486436,0.02931223075135636,0.0270906108303367,-0.002221619921019657,0.7482949549720432,0.7482949549720432,0.7475520795632703,-0.0007428754087729361,-0.0007227504601784451,negative
3.6,0.4000000000000004,0.9706877692486436,0.02931223075135636,0.02861130145562762,-0.0007009292957287361,0.7482949549720432,0.7482949549720432,0.7467847110249988,-0.001510243947044465,-0.00146703390220404,negative
3.6,0.6000000000000001,0.9706877692486436,0.02931223075135636,0.03127293122469843,0.00196070047334207,0.7482949549720432,0.7482949549720432,0.7459212360851492,-0.002373718886894083,-0.002299485739397422,negative
3.6,0.8000000000000003,0.9706877692486436,0.02931223075135636,0.03523982879045917,0.00592759803910281,0.7482949549720432,0.7482949549720432,0.74489165830144,-0.00340329667060324,-0.003283365078608047,negative
3.6,1,0.9706877692486436,0.02931223075135636,0.04067439233174241,0.01136216158038605,0.7482949549720432,0.7482949549720432,0.7436344158434164,-0.00466053912862685,-0.0044709745316317,negative
3.6,1.2,0.9706877692486436,0.02931223075135636,0.04766557494703139,0.01835334419567503,0.7482949549720432,0.7482949549720432,0.7421088669319585,-0.006186088040084692,-0.005891224596981104,negative
3.6,1.4,0.9706877692486436,0.02931223075135636,0.05617657177881397,0.02686434102745761,0.7482949549720432,0.7482949549720432,0.7403047248756768,-0.007990230096366457,-0.007541366361828672,negative
3.6,1.6,0.9706877692486436,0.02931223075135636,0.06604155449071103,0.03672932373935467,0.7482949549720432,0.7482949549720432,0.7382416825216329,-0.01005327245041032,-0.00938933871006653,negative
3.6,1.8,0.9706877692486436,0.02931223075135636,0.0770039068845022,0.04769167613314584,0.7482949549720432,0.7482949549720432,0.7359608013004522,-0.01233415367159107,-0.01138437565076478,negative
3.6,2,0.9706877692486436,0.02931223075135636,0.08876803088430441,0.05945580013294804,0.7482949549720432,0.7482949549720432,0.7335135038479497,-0.01478145112409357,-0.0134693308141951,negative
3.8,-2,0.9706877692486436,0.02931223075135636,0.07764832552162559,0.04833609477026923,0.7482949549720432,0.7482949549720432,0.7674136506905456,0.01911869571850233,0.0176341610098032,positive
3.8,-1.8,0.9706877692486436,0.02931223075135636,0.06661748958811076,0.0373052588367544,0.7482949549720432,0.7482949549720432,0.7640384838203352,0.015743528848292,0.01469473447916081,positive
3.8,-1.6,0.9706877692486436,0.02931223075135636,0.05649721537451091,0.02718498462315455,0.7482949549720432,0.7482949549720432,0.7608727705522589,0.01257781558021565,0.0118672040244393,positive
3.8,-1.4,0.9706877692486436,0.02931223075135636,0.04754623214142883,0.01823400139007247,0.7482949549720432,0.7482949549720432,0.758013686789254,0.009718731817210724,0.009256642738109333,positive
3.8,-1.2,0.9706877692486436,0.02931223075135636,0.03996487503724266,0.0106526442858863,0.7482949549720432,0.7482949549720432,0.755543717437849,0.007248762465805747,0.006959066579685147,positive
3.8,-1,0.9706877692486436,0.02931223075135636,0.0338505862810301,0.004538355529673743,0.7482949549720432,0.7482949549720432,0.7535087455080675,0.005213790536024221,0.00503730066963326,positive
3.8,-0.7999999999999998,0.9706877692486436,0.02931223075135636,0.02917549838094824,-0.0001367323704081214,0.7482949549720432,0.7482949549720432,0.7519017782347467,0.003606823262703451,0.003501592396442099,positive
3.8,-0.5999999999999999,0.9706877692486436,0.02931223075135636,0.02580707980911001,-0.003505150942246349,0.7482949549720432,0.7482949549720432,0.7506648185060558,0.002369863534012584,0.002308704276653639,positive
3.8,-0.3999999999999999,0.9706877692486436,0.02931223075135636,0.02356692117177239,-0.005745309579583968,0.7482949549720432,0.7482949549720432,0.7497104217877113,0.001415466815668065,0.001382108620801903,positive
3.8,-0.2,0.9706877692486436,0.02931223075135636,0.02229362637138976,-0.007018604379966598,0.7482949549720432,0.7482949549720432,0.7489474162736732,0.0006524613016299918,0.0006379155731497388,positive
3.8,0,0.9706877692486436,0.02931223075135636,0.02188127093613002,-0.007430959815226346,0.7482949549720432,0.7482949549720432,0.7482949549720415,-1.77635683940025e-15,-1.77635683940025e-15,zero
3.8,0.2000000000000002,0.9706877692486436,0.02931223075135636,0.02229362637139098,-0.007018604379965376,0.7482949549720432,0.7482949549720432,0.7476837324431579,-0.0006112225288853468,-0.0005975961621965675,negative
3.8,0.4000000000000004,0.9706877692486436,0.02931223075135636,0.02356692117177017,-0.005745309579586189,0.7482949549720432,0.7482949549720432,0.7470510870576733,-0.001243867914369923,-0.001214553777283855,negative
3.8,0.6000000000000001,0.9706877692486436,0.02931223075135636,0.02580707980911223,-0.003505150942244128,0.7482949549720432,0.7482949549720432,0.7463354980914797,-0.001959456880563537,-0.001908889020464266,negative
3.8,0.8000000000000003,0.9706877692486436,0.02931223075135636,0.02917549838094879,-0.0001367323704075663,0.7482949549720432,0.7482949549720432,0.7454743087541857,-0.002820646217857492,-0.002738352458695248,negative
3.8,1,0.9706877692486436,0.02931223075135636,0.03385058628102733,0.004538355529670968,0.7482949549720432,0.7482949549720432,0.7444080591661798,-0.003886895805863433,-0.00375532210402163,negative
3.8,1.2,0.9706877692486436,0.02931223075135636,0.03996487503724366,0.0106526442858873,0.7482949549720432,0.7482949549720432,0.7430914225351054,-0.00520353243693783,-0.004995573913343376,negative
3.8,1.4,0.9706877692486436,0.02931223075135636,0.04754623214142584,0.01823400139006948,0.7482949549720432,0.7482949549720432,0.7415041668682723,-0.006790788103770984,-0.006467911716165897,negative
3.8,1.6,0.9706877692486436,0.02931223075135636,0.05649721537450947,0.02718498462315311,0.7482949549720432,0.7482949549720432,0.7396544824317364,-0.008640472540306865,-0.00815230990225968,negative
3.8,1.8,0.9706877692486436,0.02931223075135636,0.06661748958811209,0.03730525883675573,0.7482949549720432,0.7482949549720432,0.737573639152471,-0.01072131581957225,-0.01000708867459099,negative
3.8,2,0.9706877692486436,0.02931223075135636,0.07764832552162459,0.04833609477026823,0.7482949549720432,0.7482949549720432,0.7353064799685129,-0.01298847500353029,-0.01197994166842664,negative
4,-2,0.9706877692486436,0.02931223075135636,0.06766764161830696,0.0383554108669506,0.7482949549720432,0.7482949549720432,0.7653021827850617,0.01700722781301844,0.01585638881644613,positive
4,-1.8,0.9706877692486436,0.02931223075135636,0.05741092692230743,0.02809869617095107,0.7482949549720432,0.7482949549720432,0.7621308244664451,0.01383586949440185,0.01304153940195218,positive
4,-1.6,0.9706877692486436,0.02931223075135636,0.04814978094477007,0.01883755019341371,0.7482949549720432,0.7482949549720432,0.7592062026230524,0.01091124765100915,0.01038587346677888,positive
4,-1.4,0.9706877692486436,0.02931223075135636,0.04010083327446645,0.01078860252311009,0.7482949549720432,0.7482949549720432,0.7566155821553039,0.008320627183260654,0.007986963099845701,positive
4,-1.2,0.9706877692486436,0.02931223075135636,0.03340724073691781,0.004095009985561449,0.7482949549720432,0.7482949549720432,0.7544245816167287,0.006129626644685415,0.005924852731739039,positive
4,-1,0.9706877692486436,0.02931223075135636,0.02810398430185101,-0.001208246449505346,0.7482949549720432,0.7482949549720432,0.7526580032394761,0.004363048267432834,0.004240429227416631,positive
4,-0.7999999999999998,0.9706877692486436,0.02931223075135636,0.02411117038593058,-0.00520106036542578,0.7482949549720432,0.7482949549720432,0.7512900244123485,0.002995069440305254,0.002922854810712305,positive
4,-0.5999999999999999,0.9706877692486436,0.02931223075135636,0.02126782252222559,-0.008044408229130773,0.7482949549720432,0.7482949549720432,0.7502530105635768,0.001958055591533614,0.001916412012724189,positive
4,-0.3999999999999999,0.9706877692486436,0.02931223075135636,0.01939135256135738,-0.009920878189998983,0.7482949549720432,0.7482949549720432,0.7494610227286461,0.001166067756602884,0.001143456125624165,positive
4,-0.2,0.9706877692486436,0.02931223075135636,0.01832944131614633,-0.01098278943521003,0.7482949549720432,0.7482949549720432,0.7488316168152924,0.0005366618432491865,0.0005268251314867189,positive
4,0,0.9706877692486436,0.02931223075135636,0.01798620996209122,-0.01132602078926515,0.7482949549720432,0.7482949549720432,0.7482949549720409,-2.331468351712829e-15,-2.220446049250313e-15,zero
4,0.2000000000000002,0.9706877692486436,0.02931223075135636,0.01832944131614667,-0.01098278943520969,0.7482949549720432,0.7482949549720432,0.7477924927260906,-0.0005024622459526285,-0.000493252393701793,negative
4,0.4000000000000004,0.9706877692486436,0.02931223075135636,0.01939135256135716,-0.009920878189999205,0.7482949549720432,0.7482949549720432,0.7472715427392288,-0.001023412232814436,-0.001003566885392271,negative
4,0.6000000000000001,0.9706877692486436,0.02931223075135636,0.02126782252222725,-0.008044408229129107,0.7482949549720432,0.7482949549720432,0.7466796939254634,-0.00161526104657983,-0.001580907961314049,negative
4,0.8000000000000003,0.9706877692486436,0.02931223075135636,0.0241111703859288,-0.005201060365427557,0.7482949549720432,0.7482949549720432,0.7459616735631383,-0.002333281408904986,-0.002277023263296596,negative
4,1,0.9706877692486436,0.02931223075135636,0.02810398430184768,-0.001208246449508676,0.7482949549720432,0.7482949549720432,0.7450615696812776,-0.003233385290765667,-0.00314251428131207,negative
4,1.2,0.9706877692486436,0.02931223075135636,0.03340724073691559,0.004095009985559228,0.7482949549720432,0.7482949549720432,0.7439317358199647,-0.00436321915207849,-0.004217456039477097,negative
4,1.4,0.9706877692486436,0.02931223075135636,0.04010083327446345,0.01078860252310709,0.7482949549720432,0.7482949549720432,0.742544086730297,-0.005750868241746199,-0.005520253633200523,negative
4,1.6,0.9706877692486436,0.02931223075135636,0.04814978094476885,0.01883755019341249,0.7482949549720432,0.7482949549720432,0.7408962741403532,-0.007398680831690041,-0.007042435970363914,negative
4,1.8,0.9706877692486436,0.02931223075135636,0.05741092692230454,0.02809869617094818,0.7482949549720432,0.7482949549720432,0.7390095885470934,-0.009285366424949815,-0.008752284931680232,negative
4,2,0.9706877692486436,0.02931223075135636,0.06766764161830585,0.03835541086694949,0.7482949549720432,0.7482949549720432,0.7369214028734993,-0.01137355209854396,-0.01060393065121257,negative
