treatment_sensitivity,treatment_false_positive_probability,control_sensitivity,control_false_positive_probability,worker_control_accuracy,worker_treatment_accuracy,worker_effect,measured_control_accuracy,measured_treatment_accuracy,measured_effect,distortion,zero_boundary_residual_m1_minus_m0,sign_reversed_relative_to_worker
0,0,0.96,0.02,0.7482949549720432,0.7952747143846032,0.04697975941255994,0.7233972576737205,0,-0.7233972576737205,-0.7703770170862805,-0.7233972576737205,True
0,0.05,0.96,0.02,0.7482949549720432,0.7952747143846032,0.04697975941255994,0.7233972576737205,0.01023626428076984,-0.7131609933929507,-0.7601407528055106,-0.7131609933929507,True
0,0.1,0.96,0.02,0.7482949549720432,0.7952747143846032,0.04697975941255994,0.7233972576737205,0.02047252856153968,-0.7029247291121808,-0.7499044885247408,-0.7029247291121808,True
0,0.15,0.96,0.02,0.7482949549720432,0.7952747143846032,0.04697975941255994,0.7233972576737205,0.03070879284230953,-0.692688464831411,-0.7396682242439709,-0.692688464831411,True
0,0.2,0.96,0.02,0.7482949549720432,0.7952747143846032,0.04697975941255994,0.7233972576737205,0.04094505712307937,-0.6824522005506412,-0.7294319599632011,-0.6824522005506412,True
0,0.25,0.96,0.02,0.7482949549720432,0.7952747143846032,0.04697975941255994,0.7233972576737205,0.05118132140384921,-0.6722159362698713,-0.7191956956824312,-0.6722159362698713,True
0,0.3,0.96,0.02,0.7482949549720432,0.7952747143846032,0.04697975941255994,0.7233972576737205,0.06141758568461906,-0.6619796719891015,-0.7089594314016614,-0.6619796719891015,True
0,0.35,0.96,0.02,0.7482949549720432,0.7952747143846032,0.04697975941255994,0.7233972576737205,0.0716538499653889,-0.6517434077083316,-0.6987231671208916,-0.6517434077083316,True
0,0.4,0.96,0.02,0.7482949549720432,0.7952747143846032,0.04697975941255994,0.7233972576737205,0.08189011424615873,-0.6415071434275618,-0.6884869028401217,-0.6415071434275618,True
0,0.45,0.96,0.02,0.7482949549720432,0.7952747143846032,0.04697975941255994,0.7233972576737205,0.09212637852692858,-0.6312708791467919,-0.6782506385593519,-0.6312708791467919,True
0,0.5,0.96,0.02,0.7482949549720432,0.7952747143846032,0.04697975941255994,0.7233972576737205,0.1023626428076984,-0.6210346148660222,-0.6680143742785821,-0.6210346148660222,True
0,0.55,0.96,0.02,0.7482949549720432,0.7952747143846032,0.04697975941255994,0.7233972576737205,0.1125989070884683,-0.6107983505852523,-0.6577781099978123,-0.6107983505852523,True
0,0.6000000000000001,0.96,0.02,0.7482949549720432,0.7952747143846032,0.04697975941255994,0.7233972576737205,0.1228351713692381,-0.6005620863044824,-0.6475418457170423,-0.6005620863044824,True
0,0.65,0.96,0.02,0.7482949549720432,0.7952747143846032,0.04697975941255994,0.7233972576737205,0.133071435650008,-0.5903258220237126,-0.6373055814362726,-0.5903258220237126,True
0,0.7000000000000001,0.96,0.02,0.7482949549720432,0.7952747143846032,0.04697975941255994,0.7233972576737205,0.1433076999307778,-0.5800895577429428,-0.6270693171555027,-0.5800895577429428,True
0,0.75,0.96,0.02,0.7482949549720432,0.7952747143846032,0.04697975941255994,0.7233972576737205,0.1535439642115476,-0.5698532934621729,-0.6168330528747329,-0.5698532934621729,True
0,0.8,0.96,0.02,0.7482949549720432,0.7952747143846032,0.04697975941255994,0.7233972576737205,0.1637802284923175,-0.5596170291814031,-0.606596788593963,-0.5596170291814031,True
0,0.8500000000000001,0.96,0.02,0.7482949549720432,0.7952747143846032,0.04697975941255994,0.7233972576737205,0.1740164927730873,-0.5493807649006333,-0.5963605243131932,-0.5493807649006333,True
0,0.9,0.96,0.02,0.7482949549720432,0.7952747143846032,0.04697975941255994,0.7233972576737205,0.1842527570538572,-0.5391445006198634,-0.5861242600324233,-0.5391445006198634,True
0,0.9500000000000001,0.96,0.02,0.7482949549720432,0.7952747143846032,0.04697975941255994,0.7233972576737205,0.194489021334627,-0.5289082363390936,-0.5758879957516535,-0.5289082363390936,True
0,1,0.96,0.02,0.7482949549720432,0.7952747143846032,0.04697975941255994,0.7233972576737205,0.2047252856153968,-0.5186719720583237,-0.5656517314708837,-0.5186719720583237,True
0.05,0,0.96,0.02,0.7482949549720432,0.7952747143846032,0.04697975941255994,0.7233972576737205,0.03976373571923016,-0.6836335219544903,-0.7306132813670503,-0.6836335219544903,True
0.05,0.05,0.96,0.02,0.7482949549720432,0.7952747143846032,0.04697975941255994,0.7233972576737205,0.05,-0.6733972576737205,-0.7203770170862804,-0.6733972576737205,True
0.05,0.1,0.96,0.02,0.7482949549720432,0.7952747143846032,0.04697975941255994,0.7233972576737205,0.06023626428076985,-0.6631609933929506,-0.7101407528055106,-0.6631609933929506,True
0.05,0.15,0.96,0.02,0.7482949549720432,0.7952747143846032,0.04697975941255994,0.7233972576737205,0.0704725285615397,-0.6529247291121808,-0.6999044885247407,-0.6529247291121808,True
0.05,0.2,0.96,0.02,0.7482949549720432,0.7952747143846032,0.04697975941255994,0.7233972576737205,0.08070879284230953,-0.6426884648314111,-0.689668224243971,-0.6426884648314111,True
0.05,0.25,0.96,0.02,0.7482949549720432,0.7952747143846032,0.04697975941255994,0.7233972576737205,0.09094505712307938,-0.6324522005506412,-0.6794319599632012,-0.6324522005506412,True
0.05,0.3,0.96,0.02,0.7482949549720432,0.7952747143846032,0.04697975941255994,0.7233972576737205,0.1011813214038492,-0.6222159362698714,-0.6691956956824313,-0.6222159362698714,True
0.05,0.35,0.96,0.02,0.7482949549720432,0.7952747143846032,0.04697975941255994,0.7233972576737205,0.1114175856846191,-0.6119796719891015,-0.6589594314016615,-0.6119796719891015,True
0.05,0.4,0.96,0.02,0.7482949549720432,0.7952747143846032,0.04697975941255994,0.7233972576737205,0.1216538499653889,-0.6017434077083317,-0.6487231671208916,-0.6017434077083317,True
0.05,0.45,0.96,0.02,0.7482949549720432,0.7952747143846032,0.04697975941255994,0.7233972576737205,0.1318901142461587,-0.5915071434275618,-0.6384869028401218,-0.5915071434275618,True
0.05,0.5,0.96,0.02,0.7482949549720432,0.7952747143846032,0.04697975941255994,0.7233972576737205,0.1421263785269286,-0.581270879146792,-0.6282506385593519,-0.581270879146792,True
0.05,0.55,0.96,0.02,0.7482949549720432,0.7952747143846032,0.04697975941255994,0.7233972576737205,0.1523626428076984,-0.5710346148660221,-0.6180143742785821,-0.5710346148660221,True
0.05,0.6000000000000001,0.96,0.02,0.7482949549720432,0.7952747143846032,0.04697975941255994,0.7233972576737205,0.1625989070884683,-0.5607983505852523,-0.6077781099978122,-0.5607983505852523,True
0.05,0.65,0.96,0.02,0.7482949549720432,0.7952747143846032,0.04697975941255994,0.7233972576737205,0.1728351713692381,-0.5505620863044824,-0.5975418457170424,-0.5505620863044824,True
0.05,0.7000000000000001,0.96,0.02,0.7482949549720432,0.7952747143846032,0.04697975941255994,0.7233972576737205,0.183071435650008,-0.5403258220237126,-0.5873055814362725,-0.5403258220237126,True
0.05,0.75,0.96,0.02,0.7482949549720432,0.7952747143846032,0.04697975941255994,0.7233972576737205,0.1933076999307778,-0.5300895577429428,-0.5770693171555027,-0.5300895577429428,True
0.05,0.8,0.96,0.02,0.7482949549720432,0.7952747143846032,0.04697975941255994,0.7233972576737205,0.2035439642115476,-0.5198532934621729,-0.5668330528747328,-0.5198532934621729,True
0.05,0.8500000000000001,0.96,0.02,0.7482949549720432,0.7952747143846032,0.04697975941255994,0.7233972576737205,0.2137802284923175,-0.5096170291814031,-0.556596788593963,-0.5096170291814031,True
0.05,0.9,0.96,0.02,0.7482949549720432,0.7952747143846032,0.04697975941255994,0.7233972576737205,0.2240164927730873,-0.4993807649006332,-0.5463605243131932,-0.4993807649006332,True
0.05,0.9500000000000001,0.96,0.02,0.7482949549720432,0.7952747143846032,0.04697975941255994,0.7233972576737205,0.2342527570538572,-0.4891445006198634,-0.5361242600324233,-0.4891445006198634,True
0.05,1,0.96,0.02,0.7482949549720432,0.7952747143846032,0.04697975941255994,0.7233972576737205,0.244489021334627,-0.4789082363390935,-0.5258879957516535,-0.4789082363390935,True
0.1,0,0.96,0.02,0.7482949549720432,0.7952747143846032,0.04697975941255994,0.7233972576737205,0.07952747143846033,-0.6438697862352603,-0.6908495456478202,-0.6438697862352603,True
0.1,0.05,0.96,0.02,0.7482949549720432,0.7952747143846032,0.04697975941255994,0.7233972576737205,0.08976373571923017,-0.6336335219544904,-0.6806132813670503,-0.6336335219544904,True
0.1,0.1,0.96,0.02,0.7482949549720432,0.7952747143846032,0.04697975941255994,0.7233972576737205,0.1,-0.6233972576737206,-0.6703770170862805,-0.6233972576737206,True
0.1,0.15,0.96,0.02,0.7482949549720432,0.7952747143846032,0.04697975941255994,0.7233972576737205,0.1102362642807699,-0.6131609933929507,-0.6601407528055107,-0.6131609933929507,True
0.1,0.2,0.96,0.02,0.7482949549720432,0.7952747143846032,0.04697975941255994,0.7233972576737205,0.1204725285615397,-0.6029247291121809,-0.6499044885247408,-0.6029247291121809,True
0.1,0.25,0.96,0.02,0.7482949549720432,0.7952747143846032,0.04697975941255994,0.7233972576737205,0.1307087928423095,-0.592688464831411,-0.639668224243971,-0.592688464831411,True
0.1,0.3,0.96,0.02,0.7482949549720432,0.7952747143846032,0.04697975941255994,0.7233972576737205,0.1409450571230794,-0.5824522005506412,-0.6294319599632011,-0.5824522005506412,True
0.1,0.35,0.96,0.02,0.7482949549720432,0.7952747143846032,0.04697975941255994,0.7233972576737205,0.1511813214038492,-0.5722159362698713,-0.6191956956824313,-0.5722159362698713,True
0.1,0.4,0.96,0.02,0.7482949549720432,0.7952747143846032,0.04697975941255994,0.7233972576737205,0.1614175856846191,-0.5619796719891015,-0.6089594314016614,-0.5619796719891015,True
0.1,0.45,0.96,0.02,0.7482949549720432,0.7952747143846032,0.04697975941255994,0.7233972576737205,0.1716538499653889,-0.5517434077083316,-0.5987231671208916,-0.5517434077083316,True
0.1,0.5,0.96,0.02,0.7482949549720432,0.7952747143846032,0.04697975941255994,0.7233972576737205,0.1818901142461588,-0.5415071434275618,-0.5884869028401217,-0.5415071434275618,True
0.1,0.55,0.96,0.02,0.7482949549720432,0.7952747143846032,0.04697975941255994,0.7233972576737205,0.1921263785269286,-0.5312708791467919,-0.5782506385593519,-0.5312708791467919,True
0.1,0.6000000000000001,0.96,0.02,0.7482949549720432,0.7952747143846032,0.04697975941255994,0.7233972576737205,0.2023626428076984,-0.5210346148660221,-0.568014374278582,-0.5210346148660221,True
0.1,0.65,0.96,0.02,0.7482949549720432,0.7952747143846032,0.04697975941255994,0.7233972576737205,0.2125989070884683,-0.5107983505852522,-0.5577781099978122,-0.5107983505852522,True
0.1,0.7000000000000001,0.96,0.02,0.7482949549720432,0.7952747143846032,0.04697975941255994,0.7233972576737205,0.2228351713692381,-0.5005620863044824,-0.5475418457170423,-0.5005620863044824,True
0.1,0.75,0.96,0.02,0.7482949549720432,0.7952747143846032,0.04697975941255994,0.7233972576737205,0.2330714356500079,-0.4903258220237126,-0.5373055814362726,-0.4903258220237126,True
0.1,0.8,0.96,0.02,0.7482949549720432,0.7952747143846032,0.04697975941255994,0.7233972576737205,0.2433076999307778,-0.4800895577429428,-0.5270693171555028,-0.4800895577429428,True
0.1,0.8500000000000001,0.96,0.02,0.7482949549720432,0.7952747143846032,0.04697975941255994,0.7233972576737205,0.2535439642115476,-0.4698532934621729,-0.5168330528747329,-0.4698532934621729,True
0.1,0.9,0.96,0.02,0.7482949549720432,0.7952747143846032,0.04697975941255994,0.7233972576737205,0.2637802284923175,-0.4596170291814031,-0.5065967885939631,-0.4596170291814031,True
0.1,0.9500000000000001,0.96,0.02,0.7482949549720432,0.7952747143846032,0.04697975941255994,0.7233972576737205,0.2740164927730873,-0.4493807649006332,-0.4963605243131932,-0.4493807649006332,True
0.1,1,0.96,0.02,0.7482949549720432,0.7952747143846032,0.04697975941255994,0.7233972576737205,0.2842527570538572,-0.4391445006198634,-0.4861242600324233,-0.4391445006198634,True
0.15,0,0.96,0.02,0.7482949549720432,0.7952747143846032,0.04697975941255994,0.7233972576737205,0.1192912071576905,-0.6041060505160301,-0.65108580992859,-0.6041060505160301,True
0.15,0.05,0.96,0.02,0.7482949549720432,0.7952747143846032,0.04697975941255994,0.7233972576737205,0.1295274714384603,-0.5938697862352602,-0.6408495456478202,-0.5938697862352602,True
0.15,0.1,0.96,0.02,0.7482949549720432,0.7952747143846032,0.04697975941255994,0.7233972576737205,0.1397637357192302,-0.5836335219544904,-0.6306132813670503,-0.5836335219544904,True
0.15,0.15,0.96,0.02,0.7482949549720432,0.7952747143846032,0.04697975941255994,0.7233972576737205,0.15,-0.5733972576737205,-0.6203770170862805,-0.5733972576737205,True
0.15,0.2,0.96,0.02,0.7482949549720432,0.7952747143846032,0.04697975941255994,0.7233972576737205,0.1602362642807699,-0.5631609933929507,-0.6101407528055106,-0.5631609933929507,True
0.15,0.25,0.96,0.02,0.7482949549720432,0.7952747143846032,0.04697975941255994,0.7233972576737205,0.1704725285615397,-0.5529247291121808,-0.5999044885247408,-0.5529247291121808,True
0.15,0.3,0.96,0.02,0.7482949549720432,0.7952747143846032,0.04697975941255994,0.7233972576737205,0.1807087928423096,-0.542688464831411,-0.5896682242439709,-0.542688464831411,True
0.15,0.35,0.96,0.02,0.7482949549720432,0.7952747143846032,0.04697975941255994,0.7233972576737205,0.1909450571230794,-0.5324522005506411,-0.5794319599632011,-0.5324522005506411,True
0.15,0.4,0.96,0.02,0.7482949549720432,0.7952747143846032,0.04697975941255994,0.7233972576737205,0.2011813214038492,-0.5222159362698713,-0.5691956956824312,-0.5222159362698713,True
0.15,0.45,0.96,0.02,0.7482949549720432,0.7952747143846032,0.04697975941255994,0.7233972576737205,0.2114175856846191,-0.5119796719891014,-0.5589594314016614,-0.5119796719891014,True
0.15,0.5,0.96,0.02,0.7482949549720432,0.7952747143846032,0.04697975941255994,0.7233972576737205,0.2216538499653889,-0.5017434077083316,-0.5487231671208915,-0.5017434077083316,True
0.15,0.55,0.96,0.02,0.7482949549720432,0.7952747143846032,0.04697975941255994,0.7233972576737205,0.2318901142461587,-0.4915071434275618,-0.5384869028401218,-0.4915071434275618,True
0.15,0.6000000000000001,0.96,0.02,0.7482949549720432,0.7952747143846032,0.04697975941255994,0.7233972576737205,0.2421263785269286,-0.4812708791467919,-0.5282506385593518,-0.4812708791467919,True
0.15,0.65,0.96,0.02,0.7482949549720432,0.7952747143846032,0.04697975941255994,0.7233972576737205,0.2523626428076984,-0.4710346148660221,-0.5180143742785821,-0.4710346148660221,True
0.15,0.7000000000000001,0.96,0.02,0.7482949549720432,0.7952747143846032,0.04697975941255994,0.7233972576737205,0.2625989070884683,-0.4607983505852523,-0.5077781099978123,-0.4607983505852523,True
0.15,0.75,0.96,0.02,0.7482949549720432,0.7952747143846032,0.04697975941255994,0.7233972576737205,0.2728351713692381,-0.4505620863044824,-0.4975418457170424,-0.4505620863044824,True
0.15,0.8,0.96,0.02,0.7482949549720432,0.7952747143846032,0.04697975941255994,0.7233972576737205,0.283071435650008,-0.4403258220237126,-0.4873055814362725,-0.4403258220237126,True
0.15,0.8500000000000001,0.96,0.02,0.7482949549720432,0.7952747143846032,0.04697975941255994,0.7233972576737205,0.2933076999307778,-0.4300895577429427,-0.4770693171555027,-0.4300895577429427,True
0.15,0.9,0.96,0.02,0.7482949549720432,0.7952747143846032,0.04697975941255994,0.7233972576737205,0.3035439642115477,-0.4198532934621729,-0.4668330528747328,-0.4198532934621729,True
0.15,0.9500000000000001,0.96,0.02,0.7482949549720432,0.7952747143846032,0.04697975941255994,0.7233972576737205,0.3137802284923175,-0.409617029181403,-0.456596788593963,-0.409617029181403,True
0.15,1,0.96,0.02,0.7482949549720432,0.7952747143846032,0.04697975941255994,0.7233972576737205,0.3240164927730873,-0.3993807649006332,-0.4463605243131932,-0.3993807649006332,True
0.2,0,0.96,0.02,0.7482949549720432,0.7952747143846032,0.04697975941255994,0.7233972576737205,0.1590549428769207,-0.5643423147967999,-0.6113220742093598,-0.5643423147967999,True
0.2,0.05,0.96,0.02,0.7482949549720432,0.7952747143846032,0.04697975941255994,0.7233972576737205,0.1692912071576905,-0.55410605051603,-0.60108580992859,-0.55410605051603,True
0.2,0.1,0.96,0.02,0.7482949549720432,0.7952747143846032,0.04697975941255994,0.7233972576737205,0.1795274714384603,-0.5438697862352602,-0.5908495456478201,-0.5438697862352602,True
0.2,0.15,0.96,0.02,0.7482949549720432,0.7952747143846032,0.04697975941255994,0.7233972576737205,0.1897637357192302,-0.5336335219544903,-0.5806132813670503,-0.5336335219544903,True
0.2,0.2,0.96,0.02,0.7482949549720432,0.7952747143846032,0.04697975941255994,0.7233972576737205,0.2,-0.5233972576737205,-0.5703770170862804,-0.5233972576737205,True
0.2,0.25,0.96,0.02,0.7482949549720432,0.7952747143846032,0.04697975941255994,0.7233972576737205,0.2102362642807699,-0.5131609933929506,-0.5601407528055106,-0.5131609933929506,True
0.2,0.3,0.96,0.02,0.7482949549720432,0.7952747143846032,0.04697975941255994,0.7233972576737205,0.2204725285615397,-0.5029247291121808,-0.5499044885247407,-0.5029247291121808,True
0.2,0.35,0.96,0.02,0.7482949549720432,0.7952747143846032,0.04697975941255994,0.7233972576737205,0.2307087928423096,-0.492688464831411,-0.539668224243971,-0.492688464831411,True
0.2,0.4,0.96,0.02,0.7482949549720432,0.7952747143846032,0.04697975941255994,0.7233972576737205,0.2409450571230794,-0.4824522005506411,-0.5294319599632011,-0.4824522005506411,True
0.2,0.45,0.96,0.02,0.7482949549720432,0.7952747143846032,0.04697975941255994,0.7233972576737205,0.2511813214038492,-0.4722159362698713,-0.5191956956824313,-0.4722159362698713,True
0.2,0.5,0.96,0.02,0.7482949549720432,0.7952747143846032,0.04697975941255994,0.7233972576737205,0.261417585684619,-0.4619796719891015,-0.5089594314016614,-0.4619796719891015,True
0.2,0.55,0.96,0.02,0.7482949549720432,0.7952747143846032,0.04697975941255994,0.7233972576737205,0.2716538499653889,-0.4517434077083317,-0.4987231671208916,-0.4517434077083317,True
0.2,0.6000000000000001,0.96,0.02,0.7482949549720432,0.7952747143846032,0.04697975941255994,0.7233972576737205,0.2818901142461588,-0.4415071434275618,-0.4884869028401217,-0.4415071434275618,True
0.2,0.65,0.96,0.02,0.7482949549720432,0.7952747143846032,0.04697975941255994,0.7233972576737205,0.2921263785269286,-0.431270879146792,-0.4782506385593519,-0.431270879146792,True
0.2,0.7000000000000001,0.96,0.02,0.7482949549720432,0.7952747143846032,0.04697975941255994,0.7233972576737205,0.3023626428076984,-0.4210346148660221,-0.4680143742785821,-0.4210346148660221,True
0.2,0.75,0.96,0.02,0.7482949549720432,0.7952747143846032,0.04697975941255994,0.7233972576737205,0.3125989070884683,-0.4107983505852523,-0.4577781099978122,-0.4107983505852523,True
0.2,0.8,0.96,0.02,0.7482949549720432,0.7952747143846032,0.04697975941255994,0.7233972576737205,0.3228351713692381,-0.4005620863044824,-0.4475418457170424,-0.4005620863044824,True
0.2,0.8500000000000001,0.96,0.02,0.7482949549720432,0.7952747143846032,0.04697975941255994,0.7233972576737205,0.333071435650008,-0.3903258220237126,-0.4373055814362725,-0.3903258220237126,True
0.2,0.9,0.96,0.02,0.7482949549720432,0.7952747143846032,0.04697975941255994,0.7233972576737205,0.3433076999307778,-0.3800895577429427,-0.4270693171555027,-0.3800895577429427,True
0.2,0.9500000000000001,0.96,0.02,0.7482949549720432,0.7952747143846032,0.04697975941255994,0.7233972576737205,0.3535439642115477,-0.3698532934621729,-0.4168330528747328,-0.3698532934621729,True
0.2,1,0.96,0.02,0.7482949549720432,0.7952747143846032,0.04697975941255994,0.7233972576737205,0.3637802284923175,-0.359617029181403,-0.406596788593963,-0.359617029181403,True
0.25,0,0.96,0.02,0.7482949549720432,0.7952747143846032,0.04697975941255994,0.7233972576737205,0.1988186785961508,-0.5245785790775698,-0.5715583384901297,-0.5245785790775698,True
0.25,0.05,0.96,0.02,0.7482949549720432,0.7952747143846032,0.04697975941255994,0.7233972576737205,0.2090549428769206,-0.5143423147967999,-0.5613220742093599,-0.5143423147967999,True
0.25,0.1,0.96,0.02,0.7482949549720432,0.7952747143846032,0.04697975941255994,0.7233972576737205,0.2192912071576905,-0.5041060505160301,-0.55108580992859,-0.5041060505160301,True
0.25,0.15,0.96,0.02,0.7482949549720432,0.7952747143846032,0.04697975941255994,0.7233972576737205,0.2295274714384603,-0.4938697862352602,-0.5408495456478202,-0.4938697862352602,True
0.25,0.2,0.96,0.02,0.7482949549720432,0.7952747143846032,0.04697975941255994,0.7233972576737205,0.2397637357192302,-0.4836335219544904,-0.5306132813670503,-0.4836335219544904,True
0.25,0.25,0.96,0.02,0.7482949549720432,0.7952747143846032,0.04697975941255994,0.7233972576737205,0.25,-0.4733972576737205,-0.5203770170862805,-0.4733972576737205,True
0.25,0.3,0.96,0.02,0.7482949549720432,0.7952747143846032,0.04697975941255994,0.7233972576737205,0.2602362642807698,-0.4631609933929507,-0.5101407528055106,-0.4631609933929507,True
0.25,0.35,0.96,0.02,0.7482949549720432,0.7952747143846032,0.04697975941255994,0.7233972576737205,0.2704725285615397,-0.4529247291121808,-0.4999044885247408,-0.4529247291121808,True
0.25,0.4,0.96,0.02,0.7482949549720432,0.7952747143846032,0.04697975941255994,0.7233972576737205,0.2807087928423095,-0.442688464831411,-0.4896682242439709,-0.442688464831411,True
0.25,0.45,0.96,0.02,0.7482949549720432,0.7952747143846032,0.04697975941255994,0.7233972576737205,0.2909450571230794,-0.4324522005506412,-0.4794319599632011,-0.4324522005506412,True
0.25,0.5,0.96,0.02,0.7482949549720432,0.7952747143846032,0.04697975941255994,0.7233972576737205,0.3011813214038492,-0.4222159362698713,-0.4691956956824312,-0.4222159362698713,True
0.25,0.55,0.96,0.02,0.7482949549720432,0.7952747143846032,0.04697975941255994,0.7233972576737205,0.3114175856846191,-0.4119796719891015,-0.4589594314016614,-0.4119796719891015,True
0.25,0.6000000000000001,0.96,0.02,0.7482949549720432,0.7952747143846032,0.04697975941255994,0.7233972576737205,0.3216538499653889,-0.4017434077083316,-0.4487231671208916,-0.4017434077083316,True
0.25,0.65,0.96,0.02,0.7482949549720432,0.7952747143846032,0.04697975941255994,0.7233972576737205,0.3318901142461588,-0.3915071434275618,-0.4384869028401217,-0.3915071434275618,True
0.25,0.7000000000000001,0.96,0.02,0.7482949549720432,0.7952747143846032,0.04697975941255994,0.7233972576737205,0.3421263785269286,-0.3812708791467919,-0.4282506385593519,-0.3812708791467919,True
0.25,0.75,0.96,0.02,0.7482949549720432,0.7952747143846032,0.04697975941255994,0.7233972576737205,0.3523626428076984,-0.3710346148660221,-0.4180143742785821,-0.3710346148660221,True
0.25,0.8,0.96,0.02,0.7482949549720432,0.7952747143846032,0.04697975941255994,0.7233972576737205,0.3625989070884683,-0.3607983505852523,-0.4077781099978122,-0.3607983505852523,True
0.25,0.8500000000000001,0.96,0.02,0.7482949549720432,0.7952747143846032,0.04697975941255994,0.7233972576737205,0.3728351713692381,-0.3505620863044824,-0.3975418457170424,-0.3505620863044824,True
0.25,0.9,0.96,0.02,0.7482949549720432,0.7952747143846032,0.04697975941255994,0.7233972576737205,0.383071435650008,-0.3403258220237126,-0.3873055814362725,-0.3403258220237126,True
0.25,0.9500000000000001,0.96,0.02,0.7482949549720432,0.7952747143846032,0.04697975941255994,0.7233972576737205,0.3933076999307778,-0.3300895577429427,-0.3770693171555027,-0.3300895577429427,True
0.25,1,0.96,0.02,0.7482949549720432,0.7952747143846032,0.04697975941255994,0.7233972576737205,0.4035439642115476,-0.3198532934621729,-0.3668330528747329,-0.3198532934621729,True
0.3,0,0.96,0.02,0.7482949549720432,0.7952747143846032,0.04697975941255994,0.7233972576737205,0.238582414315381,-0.4848148433583396,-0.5317946027708995,-0.4848148433583396,True
0.3,0.05,0.96,0.02,0.7482949549720432,0.7952747143846032,0.04697975941255994,0.7233972576737205,0.2488186785961508,-0.4745785790775697,-0.5215583384901297,-0.4745785790775697,True
0.3,0.1,0.96,0.02,0.7482949549720432,0.7952747143846032,0.04697975941255994,0.7233972576737205,0.2590549428769207,-0.4643423147967999,-0.5113220742093598,-0.4643423147967999,True
0.3,0.15,0.96,0.02,0.7482949549720432,0.7952747143846032,0.04697975941255994,0.7233972576737205,0.2692912071576905,-0.45410605051603,-0.50108580992859,-0.45410605051603,True
0.3,0.2,0.96,0.02,0.7482949549720432,0.7952747143846032,0.04697975941255994,0.7233972576737205,0.2795274714384604,-0.4438697862352602,-0.4908495456478201,-0.4438697862352602,True
0.3,0.25,0.96,0.02,0.7482949549720432,0.7952747143846032,0.04697975941255994,0.7233972576737205,0.2897637357192302,-0.4336335219544903,-0.4806132813670503,-0.4336335219544903,True
0.3,0.3,0.96,0.02,0.7482949549720432,0.7952747143846032,0.04697975941255994,0.7233972576737205,0.3,-0.4233972576737205,-0.4703770170862804,-0.4233972576737205,True
0.3,0.35,0.96,0.02,0.7482949549720432,0.7952747143846032,0.04697975941255994,0.7233972576737205,0.3102362642807699,-0.4131609933929506,-0.4601407528055106,-0.4131609933929506,True
0.3,0.4,0.96,0.02,0.7482949549720432,0.7952747143846032,0.04697975941255994,0.7233972576737205,0.3204725285615397,-0.4029247291121808,-0.4499044885247407,-0.4029247291121808,True
0.3,0.45,0.96,0.02,0.7482949549720432,0.7952747143846032,0.04697975941255994,0.7233972576737205,0.3307087928423096,-0.392688464831411,-0.4396682242439709,-0.392688464831411,True
0.3,0.5,0.96,0.02,0.7482949549720432,0.7952747143846032,0.04697975941255994,0.7233972576737205,0.3409450571230794,-0.3824522005506411,-0.429431959963201,-0.3824522005506411,True
0.3,0.55,0.96,0.02,0.7482949549720432,0.7952747143846032,0.04697975941255994,0.7233972576737205,0.3511813214038493,-0.3722159362698713,-0.4191956956824312,-0.3722159362698713,True
0.3,0.6000000000000001,0.96,0.02,0.7482949549720432,0.7952747143846032,0.04697975941255994,0.7233972576737205,0.3614175856846191,-0.3619796719891014,-0.4089594314016614,-0.3619796719891014,True
0.3,0.65,0.96,0.02,0.7482949549720432,0.7952747143846032,0.04697975941255994,0.7233972576737205,0.371653849965389,-0.3517434077083316,-0.3987231671208915,-0.3517434077083316,True
0.3,0.7000000000000001,0.96,0.02,0.7482949549720432,0.7952747143846032,0.04697975941255994,0.7233972576737205,0.3818901142461588,-0.3415071434275617,-0.3884869028401217,-0.3415071434275617,True
0.3,0.75,0.96,0.02,0.7482949549720432,0.7952747143846032,0.04697975941255994,0.7233972576737205,0.3921263785269286,-0.3312708791467919,-0.3782506385593519,-0.3312708791467919,True
0.3,0.8,0.96,0.02,0.7482949549720432,0.7952747143846032,0.04697975941255994,0.7233972576737205,0.4023626428076985,-0.3210346148660221,-0.368014374278582,-0.3210346148660221,True
0.3,0.8500000000000001,0.96,0.02,0.7482949549720432,0.7952747143846032,0.04697975941255994,0.7233972576737205,0.4125989070884683,-0.3107983505852522,-0.3577781099978122,-0.3107983505852522,True
0.3,0.9,0.96,0.02,0.7482949549720432,0.7952747143846032,0.04697975941255994,0.7233972576737205,0.4228351713692381,-0.3005620863044824,-0.3475418457170423,-0.3005620863044824,True
0.3,0.9500000000000001,0.96,0.02,0.7482949549720432,0.7952747143846032,0.04697975941255994,0.7233972576737205,0.433071435650008,-0.2903258220237125,-0.3373055814362725,-0.2903258220237125,True
0.3,1,0.96,0.02,0.7482949549720432,0.7952747143846032,0.04697975941255994,0.7233972576737205,0.4433076999307778,-0.2800895577429428,-0.3270693171555027,-0.2800895577429428,True
0.35,0,0.96,0.02,0.7482949549720432,0.7952747143846032,0.04697975941255994,0.7233972576737205,0.2783461500346112,-0.4450511076391094,-0.4920308670516693,-0.4450511076391094,True
0.35,0.05,0.96,0.02,0.7482949549720432,0.7952747143846032,0.04697975941255994,0.7233972576737205,0.288582414315381,-0.4348148433583395,-0.4817946027708995,-0.4348148433583395,True
0.35,0.1,0.96,0.02,0.7482949549720432,0.7952747143846032,0.04697975941255994,0.7233972576737205,0.2988186785961509,-0.4245785790775697,-0.4715583384901296,-0.4245785790775697,True
0.35,0.15,0.96,0.02,0.7482949549720432,0.7952747143846032,0.04697975941255994,0.7233972576737205,0.3090549428769207,-0.4143423147967998,-0.4613220742093598,-0.4143423147967998,True
0.35,0.2,0.96,0.02,0.7482949549720432,0.7952747143846032,0.04697975941255994,0.7233972576737205,0.3192912071576905,-0.40410605051603,-0.4510858099285899,-0.40410605051603,True
0.35,0.25,0.96,0.02,0.7482949549720432,0.7952747143846032,0.04697975941255994,0.7233972576737205,0.3295274714384604,-0.3938697862352601,-0.4408495456478201,-0.3938697862352601,True
0.35,0.3,0.96,0.02,0.7482949549720432,0.7952747143846032,0.04697975941255994,0.7233972576737205,0.3397637357192302,-0.3836335219544903,-0.4306132813670502,-0.3836335219544903,True
0.35,0.35,0.96,0.02,0.7482949549720432,0.7952747143846032,0.04697975941255994,0.7233972576737205,0.3500000000000001,-0.3733972576737205,-0.4203770170862804,-0.3733972576737205,True
0.35,0.4,0.96,0.02,0.7482949549720432,0.7952747143846032,0.04697975941255994,0.7233972576737205,0.3602362642807699,-0.3631609933929507,-0.4101407528055106,-0.3631609933929507,True
0.35,0.45,0.96,0.02,0.7482949549720432,0.7952747143846032,0.04697975941255994,0.7233972576737205,0.3704725285615397,-0.3529247291121808,-0.3999044885247408,-0.3529247291121808,True
0.35,0.5,0.96,0.02,0.7482949549720432,0.7952747143846032,0.04697975941255994,0.7233972576737205,0.3807087928423096,-0.342688464831411,-0.3896682242439709,-0.342688464831411,True
0.35,0.55,0.96,0.02,0.7482949549720432,0.7952747143846032,0.04697975941255994,0.7233972576737205,0.3909450571230794,-0.3324522005506411,-0.3794319599632011,-0.3324522005506411,True
0.35,0.6000000000000001,0.96,0.02,0.7482949549720432,0.7952747143846032,0.04697975941255994,0.7233972576737205,0.4011813214038493,-0.3222159362698713,-0.3691956956824312,-0.3222159362698713,True
0.35,0.65,0.96,0.02,0.7482949549720432,0.7952747143846032,0.04697975941255994,0.7233972576737205,0.4114175856846191,-0.3119796719891014,-0.3589594314016614,-0.3119796719891014,True
0.35,0.7000000000000001,0.96,0.02,0.7482949549720432,0.7952747143846032,0.04697975941255994,0.7233972576737205,0.421653849965389,-0.3017434077083316,-0.3487231671208915,-0.3017434077083316,True
0.35,0.75,0.96,0.02,0.7482949549720432,0.7952747143846032,0.04697975941255994,0.7233972576737205,0.4318901142461588,-0.2915071434275618,-0.3384869028401217,-0.2915071434275618,True
0.35,0.8,0.96,0.02,0.7482949549720432,0.7952747143846032,0.04697975941255994,0.7233972576737205,0.4421263785269286,-0.2812708791467919,-0.3282506385593519,-0.2812708791467919,True
0.35,0.8500000000000001,0.96,0.02,0.7482949549720432,0.7952747143846032,0.04697975941255994,0.7233972576737205,0.4523626428076984,-0.2710346148660221,-0.318014374278582,-0.2710346148660221,True
0.35,0.9,0.96,0.02,0.7482949549720432,0.7952747143846032,0.04697975941255994,0.7233972576737205,0.4625989070884683,-0.2607983505852522,-0.3077781099978122,-0.2607983505852522,True
0.35,0.9500000000000001,0.96,0.02,0.7482949549720432,0.7952747143846032,0.04697975941255994,0.7233972576737205,0.4728351713692381,-0.2505620863044824,-0.2975418457170423,-0.2505620863044824,True
0.35,1,0.96,0.02,0.7482949549720432,0.7952747143846032,0.04697975941255994,0.7233972576737205,0.483071435650008,-0.2403258220237126,-0.2873055814362725,-0.2403258220237126,True
0.4,0,0.96,0.02,0.7482949549720432,0.7952747143846032,0.04697975941255994,0.7233972576737205,0.3181098857538413,-0.4052873719198792,-0.4522671313324392,-0.4052873719198792,True
0.4,0.05,0.96,0.02,0.7482949549720432,0.7952747143846032,0.04697975941255994,0.7233972576737205,0.3283461500346112,-0.3950511076391094,-0.4420308670516693,-0.3950511076391094,True
0.4,0.1,0.96,0.02,0.7482949549720432,0.7952747143846032,0.04697975941255994,0.7233972576737205,0.338582414315381,-0.3848148433583395,-0.4317946027708995,-0.3848148433583395,True
0.4,0.15,0.96,0.02,0.7482949549720432,0.7952747143846032,0.04697975941255994,0.7233972576737205,0.3488186785961508,-0.3745785790775697,-0.4215583384901296,-0.3745785790775697,True
0.4,0.2,0.96,0.02,0.7482949549720432,0.7952747143846032,0.04697975941255994,0.7233972576737205,0.3590549428769207,-0.3643423147967998,-0.4113220742093598,-0.3643423147967998,True
0.4,0.25,0.96,0.02,0.7482949549720432,0.7952747143846032,0.04697975941255994,0.7233972576737205,0.3692912071576905,-0.3541060505160301,-0.40108580992859,-0.3541060505160301,True
0.4,0.3,0.96,0.02,0.7482949549720432,0.7952747143846032,0.04697975941255994,0.7233972576737205,0.3795274714384604,-0.3438697862352602,-0.3908495456478201,-0.3438697862352602,True
0.4,0.35,0.96,0.02,0.7482949549720432,0.7952747143846032,0.04697975941255994,0.7233972576737205,0.3897637357192302,-0.3336335219544904,-0.3806132813670503,-0.3336335219544904,True
0.4,0.4,0.96,0.02,0.7482949549720432,0.7952747143846032,0.04697975941255994,0.7233972576737205,0.4,-0.3233972576737205,-0.3703770170862805,-0.3233972576737205,True
0.4,0.45,0.96,0.02,0.7482949549720432,0.7952747143846032,0.04697975941255994,0.7233972576737205,0.4102362642807699,-0.3131609933929507,-0.3601407528055106,-0.3131609933929507,True
0.4,0.5,0.96,0.02,0.7482949549720432,0.7952747143846032,0.04697975941255994,0.7233972576737205,0.4204725285615397,-0.3029247291121808,-0.3499044885247408,-0.3029247291121808,True
0.4,0.55,0.96,0.02,0.7482949549720432,0.7952747143846032,0.04697975941255994,0.7233972576737205,0.4307087928423096,-0.292688464831411,-0.3396682242439709,-0.292688464831411,True
0.4,0.6000000000000001,0.96,0.02,0.7482949549720432,0.7952747143846032,0.04697975941255994,0.7233972576737205,0.4409450571230794,-0.2824522005506411,-0.3294319599632011,-0.2824522005506411,True
0.4,0.65,0.96,0.02,0.7482949549720432,0.7952747143846032,0.04697975941255994,0.7233972576737205,0.4511813214038493,-0.2722159362698713,-0.3191956956824312,-0.2722159362698713,True
0.4,0.7000000000000001,0.96,0.02,0.7482949549720432,0.7952747143846032,0.04697975941255994,0.7233972576737205,0.4614175856846191,-0.2619796719891014,-0.3089594314016614,-0.2619796719891014,True
0.4,0.75,0.96,0.02,0.7482949549720432,0.7952747143846032,0.04697975941255994,0.7233972576737205,0.4716538499653889,-0.2517434077083316,-0.2987231671208915,-0.2517434077083316,True
0.4,0.8,0.96,0.02,0.7482949549720432,0.7952747143846032,0.04697975941255994,0.7233972576737205,0.4818901142461588,-0.2415071434275617,-0.2884869028401217,-0.2415071434275617,True
0.4,0.8500000000000001,0.96,0.02,0.7482949549720432,0.7952747143846032,0.04697975941255994,0.7233972576737205,0.4921263785269286,-0.2312708791467919,-0.2782506385593518,-0.2312708791467919,True
0.4,0.9,0.96,0.02,0.7482949549720432,0.7952747143846032,0.04697975941255994,0.7233972576737205,0.5023626428076985,-0.221034614866022,-0.268014374278582,-0.221034614866022,True
0.4,0.9500000000000001,0.96,0.02,0.7482949549720432,0.7952747143846032,0.04697975941255994,0.7233972576737205,0.5125989070884683,-0.2107983505852522,-0.2577781099978121,-0.2107983505852522,True
0.4,1,0.96,0.02,0.7482949549720432,0.7952747143846032,0.04697975941255994,0.7233972576737205,0.5228351713692381,-0.2005620863044825,-0.2475418457170424,-0.2005620863044825,True
0.45,0,0.96,0.02,0.7482949549720432,0.7952747143846032,0.04697975941255994,0.7233972576737205,0.3578736214730714,-0.3655236362006491,-0.412503395613209,-0.3655236362006491,True
0.45,0.05,0.96,0.02,0.7482949549720432,0.7952747143846032,0.04697975941255994,0.7233972576737205,0.3681098857538413,-0.3552873719198792,-0.4022671313324392,-0.3552873719198792,True
0.45,0.1,0.96,0.02,0.7482949549720432,0.7952747143846032,0.04697975941255994,0.7233972576737205,0.3783461500346111,-0.3450511076391094,-0.3920308670516693,-0.3450511076391094,True
0.45,0.15,0.96,0.02,0.7482949549720432,0.7952747143846032,0.04697975941255994,0.7233972576737205,0.388582414315381,-0.3348148433583396,-0.3817946027708995,-0.3348148433583396,True
0.45,0.2,0.96,0.02,0.7482949549720432,0.7952747143846032,0.04697975941255994,0.7233972576737205,0.3988186785961508,-0.3245785790775697,-0.3715583384901296,-0.3245785790775697,True
0.45,0.25,0.96,0.02,0.7482949549720432,0.7952747143846032,0.04697975941255994,0.7233972576737205,0.4090549428769207,-0.3143423147967999,-0.3613220742093598,-0.3143423147967999,True
0.45,0.3,0.96,0.02,0.7482949549720432,0.7952747143846032,0.04697975941255994,0.7233972576737205,0.4192912071576905,-0.30410605051603,-0.35108580992859,-0.30410605051603,True
0.45,0.35,0.96,0.02,0.7482949549720432,0.7952747143846032,0.04697975941255994,0.7233972576737205,0.4295274714384604,-0.2938697862352602,-0.3408495456478201,-0.2938697862352602,True
0.45,0.4,0.96,0.02,0.7482949549720432,0.7952747143846032,0.04697975941255994,0.7233972576737205,0.4397637357192302,-0.2836335219544904,-0.3306132813670503,-0.2836335219544904,True
0.45,0.45,0.96,0.02,0.7482949549720432,0.7952747143846032,0.04697975941255994,0.7233972576737205,0.45,-0.2733972576737205,-0.3203770170862805,-0.2733972576737205,True
0.45,0.5,0.96,0.02,0.7482949549720432,0.7952747143846032,0.04697975941255994,0.7233972576737205,0.4602362642807699,-0.2631609933929507,-0.3101407528055106,-0.2631609933929507,True
0.45,0.55,0.96,0.02,0.7482949549720432,0.7952747143846032,0.04697975941255994,0.7233972576737205,0.4704725285615397,-0.2529247291121808,-0.2999044885247408,-0.2529247291121808,True
0.45,0.6000000000000001,0.96,0.02,0.7482949549720432,0.7952747143846032,0.04697975941255994,0.7233972576737205,0.4807087928423096,-0.242688464831411,-0.2896682242439709,-0.242688464831411,True
0.45,0.65,0.96,0.02,0.7482949549720432,0.7952747143846032,0.04697975941255994,0.7233972576737205,0.4909450571230794,-0.2324522005506411,-0.2794319599632011,-0.2324522005506411,True
0.45,0.7000000000000001,0.96,0.02,0.7482949549720432,0.7952747143846032,0.04697975941255994,0.7233972576737205,0.5011813214038492,-0.2222159362698714,-0.2691956956824313,-0.2222159362698714,True
0.45,0.75,0.96,0.02,0.7482949549720432,0.7952747143846032,0.04697975941255994,0.7233972576737205,0.511417585684619,-0.2119796719891015,-0.2589594314016614,-0.2119796719891015,True
0.45,0.8,0.96,0.02,0.7482949549720432,0.7952747143846032,0.04697975941255994,0.7233972576737205,0.5216538499653889,-0.2017434077083317,-0.2487231671208916,-0.2017434077083317,True
0.45,0.8500000000000001,0.96,0.02,0.7482949549720432,0.7952747143846032,0.04697975941255994,0.7233972576737205,0.5318901142461587,-0.1915071434275618,-0.2384869028401218,-0.1915071434275618,True
0.45,0.9,0.96,0.02,0.7482949549720432,0.7952747143846032,0.04697975941255994,0.7233972576737205,0.5421263785269286,-0.181270879146792,-0.2282506385593519,-0.181270879146792,True
0.45,0.9500000000000001,0.96,0.02,0.7482949549720432,0.7952747143846032,0.04697975941255994,0.7233972576737205,0.5523626428076984,-0.1710346148660221,-0.2180143742785821,-0.1710346148660221,True
0.45,1,0.96,0.02,0.7482949549720432,0.7952747143846032,0.04697975941255994,0.7233972576737205,0.5625989070884683,-0.1607983505852523,-0.2077781099978122,-0.1607983505852523,True
0.5,0,0.96,0.02,0.7482949549720432,0.7952747143846032,0.04697975941255994,0.7233972576737205,0.3976373571923016,-0.325759900481419,-0.3727396598939789,-0.325759900481419,True
0.5,0.05,0.96,0.02,0.7482949549720432,0.7952747143846032,0.04697975941255994,0.7233972576737205,0.4078736214730714,-0.3155236362006491,-0.362503395613209,-0.3155236362006491,True
0.5,0.1,0.96,0.02,0.7482949549720432,0.7952747143846032,0.04697975941255994,0.7233972576737205,0.4181098857538413,-0.3052873719198793,-0.3522671313324392,-0.3052873719198793,True
0.5,0.15,0.96,0.02,0.7482949549720432,0.7952747143846032,0.04697975941255994,0.7233972576737205,0.4283461500346111,-0.2950511076391094,-0.3420308670516694,-0.2950511076391094,True
0.5,0.2,0.96,0.02,0.7482949549720432,0.7952747143846032,0.04697975941255994,0.7233972576737205,0.438582414315381,-0.2848148433583396,-0.3317946027708995,-0.2848148433583396,True
0.5,0.25,0.96,0.02,0.7482949549720432,0.7952747143846032,0.04697975941255994,0.7233972576737205,0.4488186785961508,-0.2745785790775698,-0.3215583384901297,-0.2745785790775698,True
0.5,0.3,0.96,0.02,0.7482949549720432,0.7952747143846032,0.04697975941255994,0.7233972576737205,0.4590549428769207,-0.2643423147967999,-0.3113220742093598,-0.2643423147967999,True
0.5,0.35,0.96,0.02,0.7482949549720432,0.7952747143846032,0.04697975941255994,0.7233972576737205,0.4692912071576905,-0.2541060505160301,-0.30108580992859,-0.2541060505160301,True
0.5,0.4,0.96,0.02,0.7482949549720432,0.7952747143846032,0.04697975941255994,0.7233972576737205,0.4795274714384603,-0.2438697862352602,-0.2908495456478202,-0.2438697862352602,True
0.5,0.45,0.96,0.02,0.7482949549720432,0.7952747143846032,0.04697975941255994,0.7233972576737205,0.4897637357192302,-0.2336335219544904,-0.2806132813670503,-0.2336335219544904,True
0.5,0.5,0.96,0.02,0.7482949549720432,0.7952747143846032,0.04697975941255994,0.7233972576737205,0.5,-0.2233972576737205,-0.2703770170862805,-0.2233972576737205,True
0.5,0.55,0.96,0.02,0.7482949549720432,0.7952747143846032,0.04697975941255994,0.7233972576737205,0.5102362642807698,-0.2131609933929507,-0.2601407528055106,-0.2131609933929507,True
0.5,0.6000000000000001,0.96,0.02,0.7482949549720432,0.7952747143846032,0.04697975941255994,0.7233972576737205,0.5204725285615397,-0.2029247291121808,-0.2499044885247408,-0.2029247291121808,True
0.5,0.65,0.96,0.02,0.7482949549720432,0.7952747143846032,0.04697975941255994,0.7233972576737205,0.5307087928423095,-0.192688464831411,-0.2396682242439709,-0.192688464831411,True
0.5,0.7000000000000001,0.96,0.02,0.7482949549720432,0.7952747143846032,0.04697975941255994,0.7233972576737205,0.5409450571230794,-0.1824522005506412,-0.2294319599632011,-0.1824522005506412,True
0.5,0.75,0.96,0.02,0.7482949549720432,0.7952747143846032,0.04697975941255994,0.7233972576737205,0.5511813214038492,-0.1722159362698713,-0.2191956956824312,-0.1722159362698713,True
0.5,0.8,0.96,0.02,0.7482949549720432,0.7952747143846032,0.04697975941255994,0.7233972576737205,0.5614175856846191,-0.1619796719891015,-0.2089594314016614,-0.1619796719891015,True
0.5,0.8500000000000001,0.96,0.02,0.7482949549720432,0.7952747143846032,0.04697975941255994,0.7233972576737205,0.5716538499653889,-0.1517434077083316,-0.1987231671208916,-0.1517434077083316,True
0.5,0.9,0.96,0.02,0.7482949549720432,0.7952747143846032,0.04697975941255994,0.7233972576737205,0.5818901142461588,-0.1415071434275618,-0.1884869028401217,-0.1415071434275618,True
0.5,0.9500000000000001,0.96,0.02,0.7482949549720432,0.7952747143846032,0.04697975941255994,0.7233972576737205,0.5921263785269286,-0.1312708791467919,-0.1782506385593519,-0.1312708791467919,True
0.5,1,0.96,0.02,0.7482949549720432,0.7952747143846032,0.04697975941255994,0.7233972576737205,0.6023626428076985,-0.1210346148660221,-0.168014374278582,-0.1210346148660221,True
0.55,0,0.96,0.02,0.7482949549720432,0.7952747143846032,0.04697975941255994,0.7233972576737205,0.4374010929115318,-0.2859961647621888,-0.3329759241747487,-0.2859961647621888,True
0.55,0.05,0.96,0.02,0.7482949549720432,0.7952747143846032,0.04697975941255994,0.7233972576737205,0.4476373571923016,-0.2757599004814189,-0.3227396598939788,-0.2757599004814189,True
0.55,0.1,0.96,0.02,0.7482949549720432,0.7952747143846032,0.04697975941255994,0.7233972576737205,0.4578736214730715,-0.2655236362006491,-0.312503395613209,-0.2655236362006491,True
0.55,0.15,0.96,0.02,0.7482949549720432,0.7952747143846032,0.04697975941255994,0.7233972576737205,0.4681098857538413,-0.2552873719198792,-0.3022671313324392,-0.2552873719198792,True
0.55,0.2,0.96,0.02,0.7482949549720432,0.7952747143846032,0.04697975941255994,0.7233972576737205,0.4783461500346112,-0.2450511076391094,-0.2920308670516693,-0.2450511076391094,True
0.55,0.25,0.96,0.02,0.7482949549720432,0.7952747143846032,0.04697975941255994,0.7233972576737205,0.488582414315381,-0.2348148433583396,-0.2817946027708995,-0.2348148433583396,True
0.55,0.3,0.96,0.02,0.7482949549720432,0.7952747143846032,0.04697975941255994,0.7233972576737205,0.4988186785961509,-0.2245785790775697,-0.2715583384901296,-0.2245785790775697,True
0.55,0.35,0.96,0.02,0.7482949549720432,0.7952747143846032,0.04697975941255994,0.7233972576737205,0.5090549428769207,-0.2143423147967999,-0.2613220742093598,-0.2143423147967999,True
0.55,0.4,0.96,0.02,0.7482949549720432,0.7952747143846032,0.04697975941255994,0.7233972576737205,0.5192912071576905,-0.20410605051603,-0.25108580992859,-0.20410605051603,True
0.55,0.45,0.96,0.02,0.7482949549720432,0.7952747143846032,0.04697975941255994,0.7233972576737205,0.5295274714384604,-0.1938697862352602,-0.2408495456478201,-0.1938697862352602,True
0.55,0.5,0.96,0.02,0.7482949549720432,0.7952747143846032,0.04697975941255994,0.7233972576737205,0.5397637357192302,-0.1836335219544903,-0.2306132813670503,-0.1836335219544903,True
0.55,0.55,0.96,0.02,0.7482949549720432,0.7952747143846032,0.04697975941255994,0.7233972576737205,0.55,-0.1733972576737205,-0.2203770170862804,-0.1733972576737205,True
0.55,0.6000000000000001,0.96,0.02,0.7482949549720432,0.7952747143846032,0.04697975941255994,0.7233972576737205,0.5602362642807699,-0.1631609933929506,-0.2101407528055106,-0.1631609933929506,True
0.55,0.65,0.96,0.02,0.7482949549720432,0.7952747143846032,0.04697975941255994,0.7233972576737205,0.5704725285615397,-0.1529247291121808,-0.1999044885247407,-0.1529247291121808,True
0.55,0.7000000000000001,0.96,0.02,0.7482949549720432,0.7952747143846032,0.04697975941255994,0.7233972576737205,0.5807087928423096,-0.142688464831411,-0.1896682242439709,-0.142688464831411,True
0.55,0.75,0.96,0.02,0.7482949549720432,0.7952747143846032,0.04697975941255994,0.7233972576737205,0.5909450571230794,-0.1324522005506411,-0.179431959963201,-0.1324522005506411,True
0.55,0.8,0.96,0.02,0.7482949549720432,0.7952747143846032,0.04697975941255994,0.7233972576737205,0.6011813214038493,-0.1222159362698713,-0.1691956956824312,-0.1222159362698713,True
0.55,0.8500000000000001,0.96,0.02,0.7482949549720432,0.7952747143846032,0.04697975941255994,0.7233972576737205,0.6114175856846191,-0.1119796719891014,-0.1589594314016614,-0.1119796719891014,True
0.55,0.9,0.96,0.02,0.7482949549720432,0.7952747143846032,0.04697975941255994,0.7233972576737205,0.621653849965389,-0.1017434077083316,-0.1487231671208915,-0.1017434077083316,True
0.55,0.9500000000000001,0.96,0.02,0.7482949549720432,0.7952747143846032,0.04697975941255994,0.7233972576737205,0.6318901142461588,-0.09150714342756172,-0.1384869028401217,-0.09150714342756172,True
0.55,1,0.96,0.02,0.7482949549720432,0.7952747143846032,0.04697975941255994,0.7233972576737205,0.6421263785269287,-0.08127087914679187,-0.1282506385593518,-0.08127087914679187,True
0.6000000000000001,0,0.96,0.02,0.7482949549720432,0.7952747143846032,0.04697975941255994,0.7233972576737205,0.477164828630762,-0.2462324290429586,-0.2932121884555185,-0.2462324290429586,True
0.6000000000000001,0.05,0.96,0.02,0.7482949549720432,0.7952747143846032,0.04697975941255994,0.7233972576737205,0.4874010929115318,-0.2359961647621887,-0.2829759241747486,-0.2359961647621887,True
0.6000000000000001,0.1,0.96,0.02,0.7482949549720432,0.7952747143846032,0.04697975941255994,0.7233972576737205,0.4976373571923017,-0.2257599004814189,-0.2727396598939788,-0.2257599004814189,True
0.6000000000000001,0.15,0.96,0.02,0.7482949549720432,0.7952747143846032,0.04697975941255994,0.7233972576737205,0.5078736214730715,-0.2155236362006491,-0.262503395613209,-0.2155236362006491,True
0.6000000000000001,0.2,0.96,0.02,0.7482949549720432,0.7952747143846032,0.04697975941255994,0.7233972576737205,0.5181098857538413,-0.2052873719198792,-0.2522671313324392,-0.2052873719198792,True
0.6000000000000001,0.25,0.96,0.02,0.7482949549720432,0.7952747143846032,0.04697975941255994,0.7233972576737205,0.5283461500346112,-0.1950511076391094,-0.2420308670516693,-0.1950511076391094,True
0.6000000000000001,0.3,0.96,0.02,0.7482949549720432,0.7952747143846032,0.04697975941255994,0.7233972576737205,0.538582414315381,-0.1848148433583395,-0.2317946027708995,-0.1848148433583395,True
0.6000000000000001,0.35,0.96,0.02,0.7482949549720432,0.7952747143846032,0.04697975941255994,0.7233972576737205,0.5488186785961509,-0.1745785790775697,-0.2215583384901296,-0.1745785790775697,True
0.6000000000000001,0.4,0.96,0.02,0.7482949549720432,0.7952747143846032,0.04697975941255994,0.7233972576737205,0.5590549428769207,-0.1643423147967998,-0.2113220742093598,-0.1643423147967998,True
0.6000000000000001,0.45,0.96,0.02,0.7482949549720432,0.7952747143846032,0.04697975941255994,0.7233972576737205,0.5692912071576905,-0.15410605051603,-0.2010858099285899,-0.15410605051603,True
0.6000000000000001,0.5,0.96,0.02,0.7482949549720432,0.7952747143846032,0.04697975941255994,0.7233972576737205,0.5795274714384604,-0.1438697862352601,-0.1908495456478201,-0.1438697862352601,True
0.6000000000000001,0.55,0.96,0.02,0.7482949549720432,0.7952747143846032,0.04697975941255994,0.7233972576737205,0.5897637357192302,-0.1336335219544903,-0.1806132813670502,-0.1336335219544903,True
0.6000000000000001,0.6000000000000001,0.96,0.02,0.7482949549720432,0.7952747143846032,0.04697975941255994,0.7233972576737205,0.6000000000000001,-0.1233972576737205,-0.1703770170862804,-0.1233972576737205,True
0.6000000000000001,0.65,0.96,0.02,0.7482949549720432,0.7952747143846032,0.04697975941255994,0.7233972576737205,0.6102362642807699,-0.1131609933929506,-0.1601407528055105,-0.1131609933929506,True
0.6000000000000001,0.7000000000000001,0.96,0.02,0.7482949549720432,0.7952747143846032,0.04697975941255994,0.7233972576737205,0.6204725285615398,-0.1029247291121808,-0.1499044885247407,-0.1029247291121808,True
0.6000000000000001,0.75,0.96,0.02,0.7482949549720432,0.7952747143846032,0.04697975941255994,0.7233972576737205,0.6307087928423096,-0.09268846483141091,-0.1396682242439709,-0.09268846483141091,True
0.6000000000000001,0.8,0.96,0.02,0.7482949549720432,0.7952747143846032,0.04697975941255994,0.7233972576737205,0.6409450571230795,-0.08245220055064106,-0.129431959963201,-0.08245220055064106,True
0.6000000000000001,0.8500000000000001,0.96,0.02,0.7482949549720432,0.7952747143846032,0.04697975941255994,0.7233972576737205,0.6511813214038493,-0.07221593626987122,-0.1191956956824312,-0.07221593626987122,True
0.6000000000000001,0.9,0.96,0.02,0.7482949549720432,0.7952747143846032,0.04697975941255994,0.7233972576737205,0.6614175856846192,-0.06197967198910137,-0.1089594314016613,-0.06197967198910137,True
0.6000000000000001,0.9500000000000001,0.96,0.02,0.7482949549720432,0.7952747143846032,0.04697975941255994,0.7233972576737205,0.671653849965389,-0.05174340770833152,-0.09872316712089146,-0.05174340770833152,True
0.6000000000000001,1,0.96,0.02,0.7482949549720432,0.7952747143846032,0.04697975941255994,0.7233972576737205,0.6818901142461589,-0.04150714342756168,-0.08848690284012162,-0.04150714342756168,True
0.65,0,0.96,0.02,0.7482949549720432,0.7952747143846032,0.04697975941255994,0.7233972576737205,0.5169285643499921,-0.2064686933237284,-0.2534484527362884,-0.2064686933237284,True
0.65,0.05,0.96,0.02,0.7482949549720432,0.7952747143846032,0.04697975941255994,0.7233972576737205,0.527164828630762,-0.1962324290429586,-0.2432121884555185,-0.1962324290429586,True
0.65,0.1,0.96,0.02,0.7482949549720432,0.7952747143846032,0.04697975941255994,0.7233972576737205,0.5374010929115318,-0.1859961647621887,-0.2329759241747487,-0.1859961647621887,True
0.65,0.15,0.96,0.02,0.7482949549720432,0.7952747143846032,0.04697975941255994,0.7233972576737205,0.5476373571923017,-0.1757599004814189,-0.2227396598939788,-0.1757599004814189,True
0.65,0.2,0.96,0.02,0.7482949549720432,0.7952747143846032,0.04697975941255994,0.7233972576737205,0.5578736214730715,-0.165523636200649,-0.212503395613209,-0.165523636200649,True
0.65,0.25,0.96,0.02,0.7482949549720432,0.7952747143846032,0.04697975941255994,0.7233972576737205,0.5681098857538414,-0.1552873719198792,-0.2022671313324391,-0.1552873719198792,True
0.65,0.3,0.96,0.02,0.7482949549720432,0.7952747143846032,0.04697975941255994,0.7233972576737205,0.5783461500346112,-0.1450511076391093,-0.1920308670516693,-0.1450511076391093,True
0.65,0.35,0.96,0.02,0.7482949549720432,0.7952747143846032,0.04697975941255994,0.7233972576737205,0.5885824143153811,-0.1348148433583395,-0.1817946027708994,-0.1348148433583395,True
0.65,0.4,0.96,0.02,0.7482949549720432,0.7952747143846032,0.04697975941255994,0.7233972576737205,0.5988186785961509,-0.1245785790775696,-0.1715583384901296,-0.1245785790775696,True
0.65,0.45,0.96,0.02,0.7482949549720432,0.7952747143846032,0.04697975941255994,0.7233972576737205,0.6090549428769207,-0.1143423147967998,-0.1613220742093597,-0.1143423147967998,True
0.65,0.5,0.96,0.02,0.7482949549720432,0.7952747143846032,0.04697975941255994,0.7233972576737205,0.6192912071576906,-0.1041060505160299,-0.1510858099285899,-0.1041060505160299,True
0.65,0.55,0.96,0.02,0.7482949549720432,0.7952747143846032,0.04697975941255994,0.7233972576737205,0.6295274714384604,-0.0938697862352601,-0.14084954564782,-0.0938697862352601,True
0.65,0.6000000000000001,0.96,0.02,0.7482949549720432,0.7952747143846032,0.04697975941255994,0.7233972576737205,0.6397637357192303,-0.08363352195449025,-0.1306132813670502,-0.08363352195449025,True
0.65,0.65,0.96,0.02,0.7482949549720432,0.7952747143846032,0.04697975941255994,0.7233972576737205,0.6500000000000001,-0.07339725767372041,-0.1203770170862803,-0.07339725767372041,True
0.65,0.7000000000000001,0.96,0.02,0.7482949549720432,0.7952747143846032,0.04697975941255994,0.7233972576737205,0.66023626428077,-0.06316099339295056,-0.1101407528055105,-0.06316099339295056,True
0.65,0.75,0.96,0.02,0.7482949549720432,0.7952747143846032,0.04697975941255994,0.7233972576737205,0.6704725285615397,-0.05292472911218082,-0.09990448852474076,-0.05292472911218082,True
0.65,0.8,0.96,0.02,0.7482949549720432,0.7952747143846032,0.04697975941255994,0.7233972576737205,0.6807087928423096,-0.04268846483141098,-0.08966822424397092,-0.04268846483141098,True
0.65,0.8500000000000001,0.96,0.02,0.7482949549720432,0.7952747143846032,0.04697975941255994,0.7233972576737205,0.6909450571230794,-0.03245220055064113,-0.07943195996320107,-0.03245220055064113,True
0.65,0.9,0.96,0.02,0.7482949549720432,0.7952747143846032,0.04697975941255994,0.7233972576737205,0.7011813214038493,-0.02221593626987128,-0.06919569568243122,-0.02221593626987128,True
0.65,0.9500000000000001,0.96,0.02,0.7482949549720432,0.7952747143846032,0.04697975941255994,0.7233972576737205,0.7114175856846191,-0.01197967198910144,-0.05895943140166138,-0.01197967198910144,True
0.65,1,0.96,0.02,0.7482949549720432,0.7952747143846032,0.04697975941255994,0.7233972576737205,0.7216538499653889,-0.00174340770833159,-0.04872316712089153,-0.00174340770833159,True
0.7000000000000001,0,0.96,0.02,0.7482949549720432,0.7952747143846032,0.04697975941255994,0.7233972576737205,0.5566923000692223,-0.1667049576044982,-0.2136847170170582,-0.1667049576044982,True
0.7000000000000001,0.05,0.96,0.02,0.7482949549720432,0.7952747143846032,0.04697975941255994,0.7233972576737205,0.5669285643499922,-0.1564686933237284,-0.2034484527362883,-0.1564686933237284,True
0.7000000000000001,0.1,0.96,0.02,0.7482949549720432,0.7952747143846032,0.04697975941255994,0.7233972576737205,0.577164828630762,-0.1462324290429585,-0.1932121884555185,-0.1462324290429585,True
0.7000000000000001,0.15,0.96,0.02,0.7482949549720432,0.7952747143846032,0.04697975941255994,0.7233972576737205,0.5874010929115319,-0.1359961647621887,-0.1829759241747486,-0.1359961647621887,True
0.7000000000000001,0.2,0.96,0.02,0.7482949549720432,0.7952747143846032,0.04697975941255994,0.7233972576737205,0.5976373571923017,-0.1257599004814188,-0.1727396598939788,-0.1257599004814188,True
0.7000000000000001,0.25,0.96,0.02,0.7482949549720432,0.7952747143846032,0.04697975941255994,0.7233972576737205,0.6078736214730716,-0.115523636200649,-0.1625033956132089,-0.115523636200649,True
0.7000000000000001,0.3,0.96,0.02,0.7482949549720432,0.7952747143846032,0.04697975941255994,0.7233972576737205,0.6181098857538414,-0.1052873719198791,-0.1522671313324391,-0.1052873719198791,True
0.7000000000000001,0.35,0.96,0.02,0.7482949549720432,0.7952747143846032,0.04697975941255994,0.7233972576737205,0.6283461500346113,-0.09505110763910929,-0.1420308670516692,-0.09505110763910929,True
0.7000000000000001,0.4,0.96,0.02,0.7482949549720432,0.7952747143846032,0.04697975941255994,0.7233972576737205,0.6385824143153811,-0.08481484335833944,-0.1317946027708994,-0.08481484335833944,True
0.7000000000000001,0.45,0.96,0.02,0.7482949549720432,0.7952747143846032,0.04697975941255994,0.7233972576737205,0.6488186785961509,-0.0745785790775696,-0.1215583384901295,-0.0745785790775696,True
0.7000000000000001,0.5,0.96,0.02,0.7482949549720432,0.7952747143846032,0.04697975941255994,0.7233972576737205,0.6590549428769208,-0.06434231479679975,-0.1113220742093597,-0.06434231479679975,True
0.7000000000000001,0.55,0.96,0.02,0.7482949549720432,0.7952747143846032,0.04697975941255994,0.7233972576737205,0.6692912071576906,-0.0541060505160299,-0.1010858099285898,-0.0541060505160299,True
0.7000000000000001,0.6000000000000001,0.96,0.02,0.7482949549720432,0.7952747143846032,0.04697975941255994,0.7233972576737205,0.6795274714384605,-0.04386978623526006,-0.09084954564782,-0.04386978623526006,True
0.7000000000000001,0.65,0.96,0.02,0.7482949549720432,0.7952747143846032,0.04697975941255994,0.7233972576737205,0.6897637357192303,-0.03363352195449021,-0.08061328136705015,-0.03363352195449021,True
0.7000000000000001,0.7000000000000001,0.96,0.02,0.7482949549720432,0.7952747143846032,0.04697975941255994,0.7233972576737205,0.7000000000000002,-0.02339725767372036,-0.0703770170862803,-0.02339725767372036,True
0.7000000000000001,0.75,0.96,0.02,0.7482949549720432,0.7952747143846032,0.04697975941255994,0.7233972576737205,0.7102362642807699,-0.01316099339295063,-0.06014075280551057,-0.01316099339295063,True
0.7000000000000001,0.8,0.96,0.02,0.7482949549720432,0.7952747143846032,0.04697975941255994,0.7233972576737205,0.7204725285615398,-0.002924729112180779,-0.04990448852474072,-0.002924729112180779,True
0.7000000000000001,0.8500000000000001,0.96,0.02,0.7482949549720432,0.7952747143846032,0.04697975941255994,0.7233972576737205,0.7307087928423096,0.007311535168589067,-0.03966822424397087,0.007311535168589067,False
0.7000000000000001,0.9,0.96,0.02,0.7482949549720432,0.7952747143846032,0.04697975941255994,0.7233972576737205,0.7409450571230795,0.01754779944935891,-0.02943195996320103,0.01754779944935891,False
0.7000000000000001,0.9500000000000001,0.96,0.02,0.7482949549720432,0.7952747143846032,0.04697975941255994,0.7233972576737205,0.7511813214038493,0.02778406373012876,-0.01919569568243118,0.02778406373012876,False
0.7000000000000001,1,0.96,0.02,0.7482949549720432,0.7952747143846032,0.04697975941255994,0.7233972576737205,0.7614175856846191,0.03802032801089861,-0.008959431401661333,0.03802032801089861,False
0.75,0,0.96,0.02,0.7482949549720432,0.7952747143846032,0.04697975941255994,0.7233972576737205,0.5964560357884524,-0.1269412218852681,-0.1739209812978281,-0.1269412218852681,True
0.75,0.05,0.96,0.02,0.7482949549720432,0.7952747143846032,0.04697975941255994,0.7233972576737205,0.6066923000692223,-0.1167049576044983,-0.1636847170170582,-0.1167049576044983,True
0.75,0.1,0.96,0.02,0.7482949549720432,0.7952747143846032,0.04697975941255994,0.7233972576737205,0.6169285643499921,-0.1064686933237284,-0.1534484527362884,-0.1064686933237284,True
0.75,0.15,0.96,0.02,0.7482949549720432,0.7952747143846032,0.04697975941255994,0.7233972576737205,0.627164828630762,-0.09623242904295859,-0.1432121884555185,-0.09623242904295859,True
0.75,0.2,0.96,0.02,0.7482949549720432,0.7952747143846032,0.04697975941255994,0.7233972576737205,0.6374010929115318,-0.08599616476218874,-0.1329759241747487,-0.08599616476218874,True
0.75,0.25,0.96,0.02,0.7482949549720432,0.7952747143846032,0.04697975941255994,0.7233972576737205,0.6476373571923016,-0.0757599004814189,-0.1227396598939788,-0.0757599004814189,True
0.75,0.3,0.96,0.02,0.7482949549720432,0.7952747143846032,0.04697975941255994,0.7233972576737205,0.6578736214730715,-0.06552363620064905,-0.112503395613209,-0.06552363620064905,True
0.75,0.35,0.96,0.02,0.7482949549720432,0.7952747143846032,0.04697975941255994,0.7233972576737205,0.6681098857538413,-0.0552873719198792,-0.1022671313324391,-0.0552873719198792,True
0.75,0.4,0.96,0.02,0.7482949549720432,0.7952747143846032,0.04697975941255994,0.7233972576737205,0.6783461500346112,-0.04505110763910936,-0.0920308670516693,-0.04505110763910936,True
0.75,0.45,0.96,0.02,0.7482949549720432,0.7952747143846032,0.04697975941255994,0.7233972576737205,0.688582414315381,-0.03481484335833951,-0.08179460277089945,-0.03481484335833951,True
0.75,0.5,0.96,0.02,0.7482949549720432,0.7952747143846032,0.04697975941255994,0.7233972576737205,0.6988186785961508,-0.02457857907756977,-0.07155833849012971,-0.02457857907756977,True
0.75,0.55,0.96,0.02,0.7482949549720432,0.7952747143846032,0.04697975941255994,0.7233972576737205,0.7090549428769206,-0.01434231479679993,-0.06132207420935987,-0.01434231479679993,True
0.75,0.6000000000000001,0.96,0.02,0.7482949549720432,0.7952747143846032,0.04697975941255994,0.7233972576737205,0.7192912071576906,-0.004106050516029969,-0.05108580992858991,-0.004106050516029969,True
0.75,0.65,0.96,0.02,0.7482949549720432,0.7952747143846032,0.04697975941255994,0.7233972576737205,0.7295274714384603,0.006130213764739767,-0.04084954564782017,0.006130213764739767,False
0.75,0.7000000000000001,0.96,0.02,0.7482949549720432,0.7952747143846032,0.04697975941255994,0.7233972576737205,0.7397637357192302,0.01636647804550961,-0.03061328136705033,0.01636647804550961,False
0.75,0.75,0.96,0.02,0.7482949549720432,0.7952747143846032,0.04697975941255994,0.7233972576737205,0.75,0.02660274232627946,-0.02037701708628048,0.02660274232627946,False
0.75,0.8,0.96,0.02,0.7482949549720432,0.7952747143846032,0.04697975941255994,0.7233972576737205,0.7602362642807698,0.03683900660704931,-0.01014075280551063,0.03683900660704931,False
0.75,0.8500000000000001,0.96,0.02,0.7482949549720432,0.7952747143846032,0.04697975941255994,0.7233972576737205,0.7704725285615397,0.04707527088781915,0.00009551147525921344,0.04707527088781915,False
0.75,0.9,0.96,0.02,0.7482949549720432,0.7952747143846032,0.04697975941255994,0.7233972576737205,0.7807087928423095,0.057311535168589,0.01033177575602906,0.057311535168589,False
0.75,0.9500000000000001,0.96,0.02,0.7482949549720432,0.7952747143846032,0.04697975941255994,0.7233972576737205,0.7909450571230794,0.06754779944935885,0.02056804003679891,0.06754779944935885,False
0.75,1,0.96,0.02,0.7482949549720432,0.7952747143846032,0.04697975941255994,0.7233972576737205,0.8011813214038492,0.07778406373012869,0.03080430431756875,0.07778406373012869,False
0.8,0,0.96,0.02,0.7482949549720432,0.7952747143846032,0.04697975941255994,0.7233972576737205,0.6362197715076826,-0.08717748616603793,-0.1341572455785979,-0.08717748616603793,True
0.8,0.05,0.96,0.02,0.7482949549720432,0.7952747143846032,0.04697975941255994,0.7233972576737205,0.6464560357884525,-0.07694122188526809,-0.123920981297828,-0.07694122188526809,True
0.8,0.1,0.96,0.02,0.7482949549720432,0.7952747143846032,0.04697975941255994,0.7233972576737205,0.6566923000692223,-0.06670495760449824,-0.1136847170170582,-0.06670495760449824,True
0.8,0.15,0.96,0.02,0.7482949549720432,0.7952747143846032,0.04697975941255994,0.7233972576737205,0.6669285643499921,-0.05646869332372839,-0.1034484527362883,-0.05646869332372839,True
0.8,0.2,0.96,0.02,0.7482949549720432,0.7952747143846032,0.04697975941255994,0.7233972576737205,0.677164828630762,-0.04623242904295854,-0.09321218845551849,-0.04623242904295854,True
0.8,0.25,0.96,0.02,0.7482949549720432,0.7952747143846032,0.04697975941255994,0.7233972576737205,0.6874010929115318,-0.0359961647621887,-0.08297592417474864,-0.0359961647621887,True
0.8,0.3,0.96,0.02,0.7482949549720432,0.7952747143846032,0.04697975941255994,0.7233972576737205,0.6976373571923017,-0.02575990048141885,-0.07273965989397879,-0.02575990048141885,True
0.8,0.35,0.96,0.02,0.7482949549720432,0.7952747143846032,0.04697975941255994,0.7233972576737205,0.7078736214730715,-0.015523636200649,-0.06250339561320895,-0.015523636200649,True
0.8,0.4,0.96,0.02,0.7482949549720432,0.7952747143846032,0.04697975941255994,0.7233972576737205,0.7181098857538414,-0.005287371919879158,-0.0522671313324391,-0.005287371919879158,True
0.8,0.45,0.96,0.02,0.7482949549720432,0.7952747143846032,0.04697975941255994,0.7233972576737205,0.7283461500346112,0.004948892360890689,-0.04203086705166925,0.004948892360890689,False
0.8,0.5,0.96,0.02,0.7482949549720432,0.7952747143846032,0.04697975941255994,0.7233972576737205,0.738582414315381,0.01518515664166042,-0.03179460277089952,0.01518515664166042,False
0.8,0.55,0.96,0.02,0.7482949549720432,0.7952747143846032,0.04697975941255994,0.7233972576737205,0.7488186785961508,0.02542142092243027,-0.02155833849012967,0.02542142092243027,False
0.8,0.6000000000000001,0.96,0.02,0.7482949549720432,0.7952747143846032,0.04697975941255994,0.7233972576737205,0.7590549428769208,0.03565768520320023,-0.01132207420935971,0.03565768520320023,False
0.8,0.65,0.96,0.02,0.7482949549720432,0.7952747143846032,0.04697975941255994,0.7233972576737205,0.7692912071576905,0.04589394948396996,-0.001085809928589976,0.04589394948396996,False
0.8,0.7000000000000001,0.96,0.02,0.7482949549720432,0.7952747143846032,0.04697975941255994,0.7233972576737205,0.7795274714384604,0.05613021376473981,0.009150454352179871,0.05613021376473981,False
0.8,0.75,0.96,0.02,0.7482949549720432,0.7952747143846032,0.04697975941255994,0.7233972576737205,0.7897637357192302,0.06636647804550966,0.01938671863294972,0.06636647804550966,False
0.8,0.8,0.96,0.02,0.7482949549720432,0.7952747143846032,0.04697975941255994,0.7233972576737205,0.8,0.0766027423262795,0.02962298291371956,0.0766027423262795,False
0.8,0.8500000000000001,0.96,0.02,0.7482949549720432,0.7952747143846032,0.04697975941255994,0.7233972576737205,0.8102362642807699,0.08683900660704935,0.03985924719448941,0.08683900660704935,False
0.8,0.9,0.96,0.02,0.7482949549720432,0.7952747143846032,0.04697975941255994,0.7233972576737205,0.8204725285615397,0.0970752708878192,0.05009551147525926,0.0970752708878192,False
0.8,0.9500000000000001,0.96,0.02,0.7482949549720432,0.7952747143846032,0.04697975941255994,0.7233972576737205,0.8307087928423096,0.107311535168589,0.0603317757560291,0.107311535168589,False
0.8,1,0.96,0.02,0.7482949549720432,0.7952747143846032,0.04697975941255994,0.7233972576737205,0.8409450571230794,0.1175477994493589,0.07056804003679895,0.1175477994493589,False
0.8500000000000001,0,0.96,0.02,0.7482949549720432,0.7952747143846032,0.04697975941255994,0.7233972576737205,0.6759835072269128,-0.04741375044680773,-0.09439350985936767,-0.04741375044680773,True
0.8500000000000001,0.05,0.96,0.02,0.7482949549720432,0.7952747143846032,0.04697975941255994,0.7233972576737205,0.6862197715076827,-0.03717748616603789,-0.08415724557859783,-0.03717748616603789,True
0.8500000000000001,0.1,0.96,0.02,0.7482949549720432,0.7952747143846032,0.04697975941255994,0.7233972576737205,0.6964560357884525,-0.02694122188526804,-0.07392098129782798,-0.02694122188526804,True
0.8500000000000001,0.15,0.96,0.02,0.7482949549720432,0.7952747143846032,0.04697975941255994,0.7233972576737205,0.7066923000692223,-0.01670495760449819,-0.06368471701705813,-0.01670495760449819,True
0.8500000000000001,0.2,0.96,0.02,0.7482949549720432,0.7952747143846032,0.04697975941255994,0.7233972576737205,0.7169285643499922,-0.006468693323728347,-0.05344845273628829,-0.006468693323728347,True
0.8500000000000001,0.25,0.96,0.02,0.7482949549720432,0.7952747143846032,0.04697975941255994,0.7233972576737205,0.727164828630762,0.003767570957041499,-0.04321218845551844,0.003767570957041499,False
0.8500000000000001,0.3,0.96,0.02,0.7482949549720432,0.7952747143846032,0.04697975941255994,0.7233972576737205,0.7374010929115319,0.01400383523781135,-0.03297592417474859,0.01400383523781135,False
0.8500000000000001,0.35,0.96,0.02,0.7482949549720432,0.7952747143846032,0.04697975941255994,0.7233972576737205,0.7476373571923017,0.02424009951858119,-0.02273965989397875,0.02424009951858119,False
0.8500000000000001,0.4,0.96,0.02,0.7482949549720432,0.7952747143846032,0.04697975941255994,0.7233972576737205,0.7578736214730716,0.03447636379935104,-0.0125033956132089,0.03447636379935104,False
0.8500000000000001,0.45,0.96,0.02,0.7482949549720432,0.7952747143846032,0.04697975941255994,0.7233972576737205,0.7681098857538414,0.04471262808012089,-0.002267131332439054,0.04471262808012089,False
0.8500000000000001,0.5,0.96,0.02,0.7482949549720432,0.7952747143846032,0.04697975941255994,0.7233972576737205,0.7783461500346112,0.05494889236089062,0.007969132948330682,0.05494889236089062,False
0.8500000000000001,0.55,0.96,0.02,0.7482949549720432,0.7952747143846032,0.04697975941255994,0.7233972576737205,0.788582414315381,0.06518515664166047,0.01820539722910053,0.06518515664166047,False
0.8500000000000001,0.6000000000000001,0.96,0.02,0.7482949549720432,0.7952747143846032,0.04697975941255994,0.7233972576737205,0.798818678596151,0.07542142092243043,0.02844166150987049,0.07542142092243043,False
0.8500000000000001,0.65,0.96,0.02,0.7482949549720432,0.7952747143846032,0.04697975941255994,0.7233972576737205,0.8090549428769207,0.08565768520320016,0.03867792579064022,0.08565768520320016,False
0.8500000000000001,0.7000000000000001,0.96,0.02,0.7482949549720432,0.7952747143846032,0.04697975941255994,0.7233972576737205,0.8192912071576905,0.09589394948397001,0.04891419007141007,0.09589394948397001,False
0.8500000000000001,0.75,0.96,0.02,0.7482949549720432,0.7952747143846032,0.04697975941255994,0.7233972576737205,0.8295274714384604,0.1061302137647399,0.05915045435217992,0.1061302137647399,False
0.8500000000000001,0.8,0.96,0.02,0.7482949549720432,0.7952747143846032,0.04697975941255994,0.7233972576737205,0.8397637357192302,0.1163664780455097,0.06938671863294976,0.1163664780455097,False
0.8500000000000001,0.8500000000000001,0.96,0.02,0.7482949549720432,0.7952747143846032,0.04697975941255994,0.7233972576737205,0.8500000000000001,0.1266027423262795,0.07962298291371961,0.1266027423262795,False
0.8500000000000001,0.9,0.96,0.02,0.7482949549720432,0.7952747143846032,0.04697975941255994,0.7233972576737205,0.8602362642807699,0.1368390066070494,0.08985924719448946,0.1368390066070494,False
0.8500000000000001,0.9500000000000001,0.96,0.02,0.7482949549720432,0.7952747143846032,0.04697975941255994,0.7233972576737205,0.8704725285615398,0.1470752708878192,0.1000955114752593,0.1470752708878192,False
0.8500000000000001,1,0.96,0.02,0.7482949549720432,0.7952747143846032,0.04697975941255994,0.7233972576737205,0.8807087928423096,0.1573115351685891,0.1103317757560291,0.1573115351685891,False
0.9,0,0.96,0.02,0.7482949549720432,0.7952747143846032,0.04697975941255994,0.7233972576737205,0.7157472429461429,-0.007650014727577648,-0.05462977414013759,-0.007650014727577648,True
0.9,0.05,0.96,0.02,0.7482949549720432,0.7952747143846032,0.04697975941255994,0.7233972576737205,0.7259835072269127,0.002586249553192199,-0.04439350985936774,0.002586249553192199,False
0.9,0.1,0.96,0.02,0.7482949549720432,0.7952747143846032,0.04697975941255994,0.7233972576737205,0.7362197715076826,0.01282251383396205,-0.03415724557859789,0.01282251383396205,False
0.9,0.15,0.96,0.02,0.7482949549720432,0.7952747143846032,0.04697975941255994,0.7233972576737205,0.7464560357884524,0.02305877811473189,-0.02392098129782805,0.02305877811473189,False
0.9,0.2,0.96,0.02,0.7482949549720432,0.7952747143846032,0.04697975941255994,0.7233972576737205,0.7566923000692223,0.03329504239550174,-0.0136847170170582,0.03329504239550174,False
0.9,0.25,0.96,0.02,0.7482949549720432,0.7952747143846032,0.04697975941255994,0.7233972576737205,0.7669285643499921,0.04353130667627159,-0.003448452736288354,0.04353130667627159,False
0.9,0.3,0.96,0.02,0.7482949549720432,0.7952747143846032,0.04697975941255994,0.7233972576737205,0.777164828630762,0.05376757095704143,0.006787811544481492,0.05376757095704143,False
0.9,0.35,0.96,0.02,0.7482949549720432,0.7952747143846032,0.04697975941255994,0.7233972576737205,0.7874010929115318,0.06400383523781128,0.01702407582525134,0.06400383523781128,False
0.9,0.4,0.96,0.02,0.7482949549720432,0.7952747143846032,0.04697975941255994,0.7233972576737205,0.7976373571923017,0.07424009951858113,0.02726034010602119,0.07424009951858113,False
0.9,0.45,0.96,0.02,0.7482949549720432,0.7952747143846032,0.04697975941255994,0.7233972576737205,0.8078736214730715,0.08447636379935097,0.03749660438679103,0.08447636379935097,False
0.9,0.5,0.96,0.02,0.7482949549720432,0.7952747143846032,0.04697975941255994,0.7233972576737205,0.8181098857538414,0.09471262808012082,0.04773286866756088,0.09471262808012082,False
0.9,0.55,0.96,0.02,0.7482949549720432,0.7952747143846032,0.04697975941255994,0.7233972576737205,0.8283461500346112,0.1049488923608907,0.05796913294833073,0.1049488923608907,False
0.9,0.6000000000000001,0.96,0.02,0.7482949549720432,0.7952747143846032,0.04697975941255994,0.7233972576737205,0.8385824143153811,0.1151851566416605,0.06820539722910057,0.1151851566416605,False
0.9,0.65,0.96,0.02,0.7482949549720432,0.7952747143846032,0.04697975941255994,0.7233972576737205,0.8488186785961509,0.1254214209224304,0.07844166150987042,0.1254214209224304,False
0.9,0.7000000000000001,0.96,0.02,0.7482949549720432,0.7952747143846032,0.04697975941255994,0.7233972576737205,0.8590549428769207,0.1356576852032002,0.08867792579064027,0.1356576852032002,False
0.9,0.75,0.96,0.02,0.7482949549720432,0.7952747143846032,0.04697975941255994,0.7233972576737205,0.8692912071576905,0.1458939494839699,0.09891419007141,0.1458939494839699,False
0.9,0.8,0.96,0.02,0.7482949549720432,0.7952747143846032,0.04697975941255994,0.7233972576737205,0.8795274714384603,0.1561302137647398,0.1091504543521798,0.1561302137647398,False
0.9,0.8500000000000001,0.96,0.02,0.7482949549720432,0.7952747143846032,0.04697975941255994,0.7233972576737205,0.8897637357192302,0.1663664780455096,0.1193867186329497,0.1663664780455096,False
0.9,0.9,0.96,0.02,0.7482949549720432,0.7952747143846032,0.04697975941255994,0.7233972576737205,0.9,0.1766027423262795,0.1296229829137195,0.1766027423262795,False
0.9,0.9500000000000001,0.96,0.02,0.7482949549720432,0.7952747143846032,0.04697975941255994,0.7233972576737205,0.9102362642807699,0.1868390066070493,0.1398592471944894,0.1868390066070493,False
0.9,1,0.96,0.02,0.7482949549720432,0.7952747143846032,0.04697975941255994,0.7233972576737205,0.9204725285615397,0.1970752708878192,0.1500955114752592,0.1970752708878192,False
0.9500000000000001,0,0.96,0.02,0.7482949549720432,0.7952747143846032,0.04697975941255994,0.7233972576737205,0.7555109786653731,0.03211372099165255,-0.01486603842090739,0.03211372099165255,False
0.9500000000000001,0.05,0.96,0.02,0.7482949549720432,0.7952747143846032,0.04697975941255994,0.7233972576737205,0.7657472429461429,0.0423499852724224,-0.004629774140137544,0.0423499852724224,False
0.9500000000000001,0.1,0.96,0.02,0.7482949549720432,0.7952747143846032,0.04697975941255994,0.7233972576737205,0.7759835072269128,0.05258624955319224,0.005606490140632303,0.05258624955319224,False
0.9500000000000001,0.15,0.96,0.02,0.7482949549720432,0.7952747143846032,0.04697975941255994,0.7233972576737205,0.7862197715076826,0.06282251383396209,0.01584275442140215,0.06282251383396209,False
0.9500000000000001,0.2,0.96,0.02,0.7482949549720432,0.7952747143846032,0.04697975941255994,0.7233972576737205,0.7964560357884525,0.07305877811473194,0.026079018702172,0.07305877811473194,False
0.9500000000000001,0.25,0.96,0.02,0.7482949549720432,0.7952747143846032,0.04697975941255994,0.7233972576737205,0.8066923000692223,0.08329504239550178,0.03631528298294184,0.08329504239550178,False
0.9500000000000001,0.3,0.96,0.02,0.7482949549720432,0.7952747143846032,0.04697975941255994,0.7233972576737205,0.8169285643499922,0.09353130667627163,0.04655154726371169,0.09353130667627163,False
0.9500000000000001,0.35,0.96,0.02,0.7482949549720432,0.7952747143846032,0.04697975941255994,0.7233972576737205,0.827164828630762,0.1037675709570415,0.05678781154448154,0.1037675709570415,False
0.9500000000000001,0.4,0.96,0.02,0.7482949549720432,0.7952747143846032,0.04697975941255994,0.7233972576737205,0.8374010929115319,0.1140038352378113,0.06702407582525138,0.1140038352378113,False
0.9500000000000001,0.45,0.96,0.02,0.7482949549720432,0.7952747143846032,0.04697975941255994,0.7233972576737205,0.8476373571923017,0.1242400995185812,0.07726034010602123,0.1242400995185812,False
0.9500000000000001,0.5,0.96,0.02,0.7482949549720432,0.7952747143846032,0.04697975941255994,0.7233972576737205,0.8578736214730716,0.134476363799351,0.08749660438679108,0.134476363799351,False
0.9500000000000001,0.55,0.96,0.02,0.7482949549720432,0.7952747143846032,0.04697975941255994,0.7233972576737205,0.8681098857538414,0.1447126280801209,0.09773286866756092,0.1447126280801209,False
0.9500000000000001,0.6000000000000001,0.96,0.02,0.7482949549720432,0.7952747143846032,0.04697975941255994,0.7233972576737205,0.8783461500346113,0.1549488923608907,0.1079691329483308,0.1549488923608907,False
0.9500000000000001,0.65,0.96,0.02,0.7482949549720432,0.7952747143846032,0.04697975941255994,0.7233972576737205,0.8885824143153811,0.1651851566416606,0.1182053972291006,0.1651851566416606,False
0.9500000000000001,0.7000000000000001,0.96,0.02,0.7482949549720432,0.7952747143846032,0.04697975941255994,0.7233972576737205,0.8988186785961509,0.1754214209224304,0.1284416615098705,0.1754214209224304,False
0.9500000000000001,0.75,0.96,0.02,0.7482949549720432,0.7952747143846032,0.04697975941255994,0.7233972576737205,0.9090549428769207,0.1856576852032001,0.1386779257906402,0.1856576852032001,False
0.9500000000000001,0.8,0.96,0.02,0.7482949549720432,0.7952747143846032,0.04697975941255994,0.7233972576737205,0.9192912071576905,0.19589394948397,0.14891419007141,0.19589394948397,False
0.9500000000000001,0.8500000000000001,0.96,0.02,0.7482949549720432,0.7952747143846032,0.04697975941255994,0.7233972576737205,0.9295274714384604,0.2061302137647398,0.1591504543521799,0.2061302137647398,False
0.9500000000000001,0.9,0.96,0.02,0.7482949549720432,0.7952747143846032,0.04697975941255994,0.7233972576737205,0.9397637357192302,0.2163664780455097,0.1693867186329497,0.2163664780455097,False
0.9500000000000001,0.9500000000000001,0.96,0.02,0.7482949549720432,0.7952747143846032,0.04697975941255994,0.7233972576737205,0.9500000000000001,0.2266027423262795,0.1796229829137196,0.2266027423262795,False
0.9500000000000001,1,0.96,0.02,0.7482949549720432,0.7952747143846032,0.04697975941255994,0.7233972576737205,0.9602362642807699,0.2368390066070494,0.1898592471944894,0.2368390066070494,False
1,0,0.96,0.02,0.7482949549720432,0.7952747143846032,0.04697975941255994,0.7233972576737205,0.7952747143846032,0.07187745671088264,0.0248976972983227,0.07187745671088264,False
1,0.05,0.96,0.02,0.7482949549720432,0.7952747143846032,0.04697975941255994,0.7233972576737205,0.805510978665373,0.08211372099165248,0.03513396157909254,0.08211372099165248,False
1,0.1,0.96,0.02,0.7482949549720432,0.7952747143846032,0.04697975941255994,0.7233972576737205,0.8157472429461429,0.09234998527242233,0.04537022585986239,0.09234998527242233,False
1,0.15,0.96,0.02,0.7482949549720432,0.7952747143846032,0.04697975941255994,0.7233972576737205,0.8259835072269127,0.1025862495531922,0.05560649014063224,0.1025862495531922,False
1,0.2,0.96,0.02,0.7482949549720432,0.7952747143846032,0.04697975941255994,0.7233972576737205,0.8362197715076826,0.112822513833962,0.06584275442140208,0.112822513833962,False
1,0.25,0.96,0.02,0.7482949549720432,0.7952747143846032,0.04697975941255994,0.7233972576737205,0.8464560357884524,0.1230587781147319,0.07607901870217193,0.1230587781147319,False
1,0.3,0.96,0.02,0.7482949549720432,0.7952747143846032,0.04697975941255994,0.7233972576737205,0.8566923000692223,0.1332950423955017,0.08631528298294178,0.1332950423955017,False
1,0.35,0.96,0.02,0.7482949549720432,0.7952747143846032,0.04697975941255994,0.7233972576737205,0.8669285643499921,0.1435313066762716,0.09655154726371162,0.1435313066762716,False
1,0.4,0.96,0.02,0.7482949549720432,0.7952747143846032,0.04697975941255994,0.7233972576737205,0.877164828630762,0.1537675709570414,0.1067878115444815,0.1537675709570414,False
1,0.45,0.96,0.02,0.7482949549720432,0.7952747143846032,0.04697975941255994,0.7233972576737205,0.8874010929115318,0.1640038352378113,0.1170240758252513,0.1640038352378113,False
1,0.5,0.96,0.02,0.7482949549720432,0.7952747143846032,0.04697975941255994,0.7233972576737205,0.8976373571923015,0.174240099518581,0.1272603401060211,0.174240099518581,False
1,0.55,0.96,0.02,0.7482949549720432,0.7952747143846032,0.04697975941255994,0.7233972576737205,0.9078736214730714,0.1844763637993508,0.1374966043867909,0.1844763637993508,False
1,0.6000000000000001,0.96,0.02,0.7482949549720432,0.7952747143846032,0.04697975941255994,0.7233972576737205,0.9181098857538413,0.1947126280801208,0.1477328686675609,0.1947126280801208,False
1,0.65,0.96,0.02,0.7482949549720432,0.7952747143846032,0.04697975941255994,0.7233972576737205,0.9283461500346111,0.2049488923608905,0.1579691329483306,0.2049488923608905,False
1,0.7000000000000001,0.96,0.02,0.7482949549720432,0.7952747143846032,0.04697975941255994,0.7233972576737205,0.9385824143153809,0.2151851566416604,0.1682053972291004,0.2151851566416604,False
1,0.75,0.96,0.02,0.7482949549720432,0.7952747143846032,0.04697975941255994,0.7233972576737205,0.9488186785961508,0.2254214209224302,0.1784416615098703,0.2254214209224302,False
1,0.8,0.96,0.02,0.7482949549720432,0.7952747143846032,0.04697975941255994,0.7233972576737205,0.9590549428769206,0.2356576852032001,0.1886779257906401,0.2356576852032001,False
1,0.8500000000000001,0.96,0.02,0.7482949549720432,0.7952747143846032,0.04697975941255994,0.7233972576737205,0.9692912071576905,0.2458939494839699,0.19891419007141,0.2458939494839699,False
1,0.9,0.96,0.02,0.7482949549720432,0.7952747143846032,0.04697975941255994,0.7233972576737205,0.9795274714384603,0.2561302137647398,0.2091504543521798,0.2561302137647398,False
1,0.9500000000000001,0.96,0.02,0.7482949549720432,0.7952747143846032,0.04697975941255994,0.7233972576737205,0.9897637357192302,0.2663664780455096,0.2193867186329497,0.2663664780455096,False
1,1,0.96,0.02,0.7482949549720432,0.7952747143846032,0.04697975941255994,0.7233972576737205,1,0.2766027423262795,0.2296229829137195,0.2766027423262795,False
